Canonical_Location_ID,Name,Latitude,Longitude,Address,Restroom_Presence,Bidet_Presence,Access,Fee,Restroom_Verification,Bidet_Verification,Candidate_Priority,Parent_Venue,Source_Count,Sources_JSON,OSM_Type,OSM_ID,Bidet_Source_ID,Match_Status,Match_Confidence,Match_Reason,Last_Checked,Notes
buttler_loc_b2a4f21fbc6a500ff101,Casablanca Restaurant,9.30852,123.30952,"Rizal Boulevard, corner Noblefranca Street, Dumaguete City",Yes,Yes,customers,no,field_verified_via_bidet_survey,field_verified,High,,2,"[{""evidence_role"":""restroom_acquisition"",""source_link_id"":""node/322750919"",""source_type"":""OSM""},{""evidence_role"":""verified_bidet_and_restroom_presence"",""source_link_id"":""bidet_survey_0bb53ae23775ce74868b"",""source_type"":""field_survey_bidet_workbook""}]",node,322750919,bidet_survey_0bb53ae23775ce74868b,auto_matched_high_confidence,high,Venue names have strong containment/identity agreement and coordinates are 8.0 m apart.,2026-03-09T05:43:57Z,
buttler_loc_956b9fbdf276c7542366,Dumaguete,9.3131543,123.3114084,,Unknown,Unknown,unknown,unknown,candidate_unverified,unknown,High,,1,"[{""evidence_role"":""restroom_acquisition"",""source_link_id"":""node/582448189"",""source_type"":""OSM""}]",node,582448189,,candidate_without_verified_bidet_match,,,2024-11-23T09:35:54Z,
buttler_loc_d46fb5db0511e3eebd76,Check Inn Dumaguete,9.3070116,123.3072521,,Unknown,Unknown,unknown,unknown,candidate_unverified,unknown,High,,1,"[{""evidence_role"":""restroom_acquisition"",""source_link_id"":""node/684358766"",""source_type"":""OSM""}]",node,684358766,,candidate_without_verified_bidet_match,,,2025-11-12T01:28:49Z,
buttler_loc_60b5c1388449eab79856,Le Chalet,9.307413,123.3097513,Rizal Boulevard,Unknown,Unknown,unknown,unknown,candidate_unverified,unknown,High,Why Not?,1,"[{""evidence_role"":""restroom_acquisition"",""source_link_id"":""node/1105804601"",""source_type"":""OSM""}]",node,1105804601,,candidate_without_verified_bidet_match,,,2025-02-19T04:44:32Z,
buttler_loc_c394b6047a6a6ba7e76e,Hotel Palwa,9.3071508,123.3059057,Doctor Vicente Locsin Street,Unknown,Unknown,unknown,unknown,candidate_unverified,unknown,High,,1,"[{""evidence_role"":""restroom_acquisition"",""source_link_id"":""node/1140669692"",""source_type"":""OSM""}]",node,1140669692,,candidate_without_verified_bidet_match,,,2025-04-06T04:03:46Z,
buttler_loc_b9a4f3e52cbe15f4f4bb,Edelweiss Austrian Restaurant,9.3006829,123.2971643,,Unknown,Unknown,unknown,unknown,candidate_unverified,unknown,High,,1,"[{""evidence_role"":""restroom_acquisition"",""source_link_id"":""node/1144972520"",""source_type"":""OSM""}]",node,1144972520,,candidate_without_verified_bidet_match,,,2011-02-10T02:27:45Z,
buttler_loc_6a27934f5e9853f162c1,Fuh Garen Chinese Restaurant,9.3010526,123.2974766,,Unknown,Unknown,unknown,unknown,candidate_unverified,unknown,High,,1,"[{""evidence_role"":""restroom_acquisition"",""source_link_id"":""node/1144972522"",""source_type"":""OSM""}]",node,1144972522,,candidate_without_verified_bidet_match,,,2015-08-23T22:18:07Z,
buttler_loc_68d34940108923e41046,Chin Loong,9.308209,123.3095718,Rizal Boulevard,Unknown,Unknown,unknown,unknown,candidate_unverified,unknown,High,,1,"[{""evidence_role"":""restroom_acquisition"",""source_link_id"":""node/1208361704"",""source_type"":""OSM""}]",node,1208361704,,candidate_without_verified_bidet_match,,,2025-02-26T06:29:46Z,
buttler_loc_f25e62856075af9cf666,Lab-as,9.320876,123.3123692,,Unknown,Unknown,unknown,unknown,candidate_unverified,unknown,High,,1,"[{""evidence_role"":""restroom_acquisition"",""source_link_id"":""node/1214420423"",""source_type"":""OSM""}]",node,1214420423,,candidate_without_verified_bidet_match,,,2025-03-16T11:47:23Z,
buttler_loc_f56471920570aaabfc28,Unnamed venue,9.3099748,123.3091868,,Unknown,Unknown,unknown,unknown,candidate_unverified,unknown,Medium,,1,"[{""evidence_role"":""restroom_acquisition"",""source_link_id"":""node/1214420425"",""source_type"":""OSM""}]",node,1214420425,,candidate_without_verified_bidet_match,,,2025-02-26T06:28:13Z,
buttler_loc_a7f10875519a6ac8bc5d,Mr. Sizzlers,9.3103686,123.3087443,,Unknown,Unknown,unknown,unknown,candidate_unverified,unknown,High,,1,"[{""evidence_role"":""restroom_acquisition"",""source_link_id"":""node/1214420440"",""source_type"":""OSM""}]",node,1214420440,,candidate_without_verified_bidet_match,,,2025-12-31T04:01:22Z,
buttler_loc_6471b6bf7b2b852ecf77,Hitop,9.3119476,123.3075406,Hibbard Avenue,Unknown,Unknown,unknown,unknown,candidate_unverified,unknown,Medium,,1,"[{""evidence_role"":""restroom_acquisition"",""source_link_id"":""node/1249813594"",""source_type"":""OSM""}]",node,1249813594,,candidate_without_verified_bidet_match,,,2025-04-09T01:26:09Z,
buttler_loc_2e0131d0c93dc62ca6b9,Jollibee Dumaguete Cathedral,9.306062,123.307563,"Santa Catalina Street (corner Perdices St), Dumaguete City",Yes,Yes,customers,no,field_verified_via_bidet_survey,field_verified,High,,2,"[{""evidence_role"":""restroom_acquisition"",""source_link_id"":""node/1249813608"",""source_type"":""OSM""},{""evidence_role"":""verified_bidet_and_restroom_presence"",""source_link_id"":""bidet_survey_decec93e793b701bac6d"",""source_type"":""field_survey_bidet_workbook""}]",node,1249813608,bidet_survey_decec93e793b701bac6d,auto_matched_high_confidence,high,Venue names have strong containment/identity agreement and coordinates are 10.7 m apart.,2025-02-19T03:38:41Z,
buttler_loc_029d1630d2b991fe8eb4,Worldview Inn,9.3097117,123.3075024,,Unknown,Unknown,unknown,unknown,candidate_unverified,unknown,High,,1,"[{""evidence_role"":""restroom_acquisition"",""source_link_id"":""node/1249813631"",""source_type"":""OSM""}]",node,1249813631,,candidate_without_verified_bidet_match,,,2025-02-15T02:19:47Z,
buttler_loc_65833e659d4f2a7a19ed,Jollibee Dumaguete Downtown,9.308187,123.307563,"Gov. Perdices cor. San Jose Sts, Dumaguete City",Yes,Yes,customers,no,field_verified_via_bidet_survey,field_verified,High,,2,"[{""evidence_role"":""restroom_acquisition"",""source_link_id"":""node/1249813638"",""source_type"":""OSM""},{""evidence_role"":""verified_bidet_and_restroom_presence"",""source_link_id"":""bidet_survey_dbcdab1c46b8495eeca5"",""source_type"":""field_survey_bidet_workbook""}]",node,1249813638,bidet_survey_dbcdab1c46b8495eeca5,auto_matched_high_confidence,high,Specific venue identity and geometry were manually audited (4.2 m); branch/tenant target is unique.,2025-03-18T07:58:02Z,
buttler_loc_934e4e2538074d147609,Robinsons Supermarket,9.2987738,123.3034996,Dumaguete,Unknown,Unknown,unknown,unknown,candidate_unverified,unknown,High,Robinsons Dumaguete,1,"[{""evidence_role"":""restroom_acquisition"",""source_link_id"":""node/1417715738"",""source_type"":""OSM""}]",node,1417715738,,candidate_without_verified_bidet_match,,,2025-03-09T12:21:47Z,
buttler_loc_a28a4a2c716623dfaaaa,Dunkin',9.3078514,123.3077605,Governor M. F. Perdices Street,Unknown,Unknown,unknown,unknown,candidate_unverified,unknown,High,,1,"[{""evidence_role"":""restroom_acquisition"",""source_link_id"":""node/1505257027"",""source_type"":""OSM""}]",node,1505257027,,candidate_without_verified_bidet_match,,,2025-02-26T11:29:58Z,
buttler_loc_7a58b1b5198a01ad2251,Howyang,9.3077967,123.3077659,"Governor M. F. Perdices Street, Dumaguete",Unknown,Unknown,unknown,unknown,candidate_unverified,unknown,High,,1,"[{""evidence_role"":""restroom_acquisition"",""source_link_id"":""node/1505258272"",""source_type"":""OSM""}]",node,1505258272,,candidate_without_verified_bidet_match,,,2025-04-08T09:05:06Z,
buttler_loc_d0fd793a59174da76d89,Sans Rival Bistro,9.3079415,123.3095703,Rizal Boulevard,Unknown,Unknown,unknown,unknown,candidate_unverified,unknown,High,,1,"[{""evidence_role"":""restroom_acquisition"",""source_link_id"":""node/1507144747"",""source_type"":""OSM""}]",node,1507144747,,candidate_without_verified_bidet_match,,,2025-02-26T06:29:59Z,
buttler_loc_04ae17aa5bea7478b372,Jo's Chicken Inato (Main),9.31023,123.30798,"Silliman Avenue, Dumaguete City",Yes,Yes,customers,no,field_verified_via_bidet_survey,field_verified,High,,2,"[{""evidence_role"":""restroom_acquisition"",""source_link_id"":""node/1507183634"",""source_type"":""OSM""},{""evidence_role"":""verified_bidet_and_restroom_presence"",""source_link_id"":""bidet_survey_533434b18f75b8204199"",""source_type"":""field_survey_bidet_workbook""}]",node,1507183634,bidet_survey_533434b18f75b8204199,auto_matched_high_confidence,high,Venue names have strong containment/identity agreement and coordinates are 2.0 m apart.,2025-02-16T02:41:17Z,
buttler_loc_0032fe6b84ae05ac2378,Don Roberto's Bar & Restaurant,9.3101195,123.3076516,,Unknown,Unknown,unknown,unknown,candidate_unverified,unknown,High,,1,"[{""evidence_role"":""restroom_acquisition"",""source_link_id"":""node/1507184193"",""source_type"":""OSM""}]",node,1507184193,,candidate_without_verified_bidet_match,,,2025-06-03T13:50:14Z,
buttler_loc_f8363a3e5ead81b0f962,Unnamed venue,9.3085468,123.3091299,,Unknown,Unknown,unknown,unknown,candidate_unverified,unknown,High,,1,"[{""evidence_role"":""restroom_acquisition"",""source_link_id"":""node/1507409092"",""source_type"":""OSM""}]",node,1507409092,,candidate_without_verified_bidet_match,,,2025-03-08T01:48:25Z,
buttler_loc_b4f4ac7ae48d966c7c2d,Scooby's,9.3081939,123.3078779,,Unknown,Unknown,unknown,unknown,candidate_unverified,unknown,High,,1,"[{""evidence_role"":""restroom_acquisition"",""source_link_id"":""node/1507413173"",""source_type"":""OSM""}]",node,1507413173,,candidate_without_verified_bidet_match,,,2025-02-26T11:29:32Z,
buttler_loc_902f50a5a66a8091b024,Aldea Lodging House,9.3093924,123.3077459,Governor M. F. Perdices Street,Unknown,Unknown,unknown,unknown,candidate_unverified,unknown,High,,1,"[{""evidence_role"":""restroom_acquisition"",""source_link_id"":""node/1507434522"",""source_type"":""OSM""}]",node,1507434522,,candidate_without_verified_bidet_match,,,2025-02-24T01:04:48Z,
buttler_loc_05745cf0a58d2eca02e1,C & L Suites Inn,9.3043989,123.3078606,,Unknown,Unknown,unknown,unknown,candidate_unverified,unknown,High,,1,"[{""evidence_role"":""restroom_acquisition"",""source_link_id"":""node/1508400121"",""source_type"":""OSM""}]",node,1508400121,,candidate_without_verified_bidet_match,,,2025-02-26T11:31:21Z,
buttler_loc_c956ea66d9078711c427,Scooby's,9.3104197,123.30713,"Silliman Avenue, Dumaguete",Unknown,Unknown,unknown,unknown,candidate_unverified,unknown,High,Silliman Portal West,1,"[{""evidence_role"":""restroom_acquisition"",""source_link_id"":""node/1511553500"",""source_type"":""OSM""}]",node,1511553500,,candidate_without_verified_bidet_match,,,2025-04-09T01:17:58Z,
buttler_loc_14a60e87d16ca8ee5e5b,Golden Roys Chicken House,9.3040649,123.3082158,,Unknown,Unknown,unknown,unknown,candidate_unverified,unknown,High,,1,"[{""evidence_role"":""restroom_acquisition"",""source_link_id"":""node/1511566315"",""source_type"":""OSM""}]",node,1511566315,,candidate_without_verified_bidet_match,,,2014-05-30T06:23:06Z,
buttler_loc_f7ae9ccfd36b67511900,Vintage Inn,9.3065874,123.3059259,Bishop Epifanio B. Surban Street,Unknown,Unknown,unknown,unknown,candidate_unverified,unknown,High,,1,"[{""evidence_role"":""restroom_acquisition"",""source_link_id"":""node/1511579240"",""source_type"":""OSM""}]",node,1511579240,,candidate_without_verified_bidet_match,,,2025-02-13T06:44:43Z,
buttler_loc_e657b4ffaed50dc20ed6,Alberto's Pizza,9.3086546,123.3048899,,Unknown,Unknown,unknown,unknown,candidate_unverified,unknown,High,,1,"[{""evidence_role"":""restroom_acquisition"",""source_link_id"":""node/1511599364"",""source_type"":""OSM""}]",node,1511599364,,candidate_without_verified_bidet_match,,,2025-03-17T09:14:17Z,
buttler_loc_abf54f56b53359f2cbf0,Scoobys,9.3094819,123.3054321,Mayor Ramon T. Pastor Sr. Street,Unknown,Unknown,unknown,unknown,candidate_unverified,unknown,High,,1,"[{""evidence_role"":""restroom_acquisition"",""source_link_id"":""node/1511601431"",""source_type"":""OSM""}]",node,1511601431,,candidate_without_verified_bidet_match,,,2025-04-06T03:24:48Z,
buttler_loc_606664e87c76765aa379,Hotel Camila,9.3097122,123.305388,Mayor Ramon T. Pastor Sr. Street,Unknown,Unknown,unknown,unknown,candidate_unverified,unknown,High,,1,"[{""evidence_role"":""restroom_acquisition"",""source_link_id"":""node/1511601432"",""source_type"":""OSM""}]",node,1511601432,,candidate_without_verified_bidet_match,,,2025-04-06T03:24:48Z,
buttler_loc_9c37029ef79a58b2cb79,Cang's Supermarket,9.3157326,123.3022001,,Unknown,Unknown,unknown,unknown,candidate_unverified,unknown,High,Cang's Inc. Shopping Complex,1,"[{""evidence_role"":""restroom_acquisition"",""source_link_id"":""node/1511727396"",""source_type"":""OSM""}]",node,1511727396,,candidate_without_verified_bidet_match,,,2025-02-15T03:58:11Z,
buttler_loc_cbeb99c89d24dd17d396,SunDown RestoBar,9.2995818,123.3032063,,Unknown,Unknown,unknown,unknown,candidate_unverified,unknown,Medium,,1,"[{""evidence_role"":""restroom_acquisition"",""source_link_id"":""node/1519337020"",""source_type"":""OSM""}]",node,1519337020,,candidate_without_verified_bidet_match,,,2018-06-30T11:08:02Z,
buttler_loc_44bb06f5a21b983a4d61,Flamin' Grill - Hibbard Branch,9.317937,123.307063,"Tunod Hibbard Avenue, Dumaguete City",Yes,Yes,customers,no,field_verified_via_bidet_survey,field_verified,High,,2,"[{""evidence_role"":""restroom_acquisition"",""source_link_id"":""node/1519385094"",""source_type"":""OSM""},{""evidence_role"":""verified_bidet_and_restroom_presence"",""source_link_id"":""bidet_survey_633fed9a82f83bc95563"",""source_type"":""field_survey_bidet_workbook""}]",node,1519385094,bidet_survey_633fed9a82f83bc95563,auto_matched_high_confidence,high,Venue names have strong containment/identity agreement and coordinates are 6.3 m apart.,2025-02-15T01:19:32Z,
buttler_loc_4ed022aa409108778330,Alberto's Pizza,9.3202835,123.3003821,,Unknown,Unknown,unknown,unknown,candidate_unverified,unknown,High,,1,"[{""evidence_role"":""restroom_acquisition"",""source_link_id"":""node/1519435438"",""source_type"":""OSM""}]",node,1519435438,,candidate_without_verified_bidet_match,,,2025-03-14T03:27:28Z,
buttler_loc_ae27113c23380dfc7e16,Biaño's Pizza,9.3203758,123.3002764,,Unknown,Unknown,unknown,unknown,candidate_unverified,unknown,High,,1,"[{""evidence_role"":""restroom_acquisition"",""source_link_id"":""node/1519437605"",""source_type"":""OSM""}]",node,1519437605,,candidate_without_verified_bidet_match,,,2025-03-21T15:35:29Z,
buttler_loc_e847bd7fdb681384ea8c,St. Francis Pension House,9.3170547,123.3034762,,Unknown,Unknown,unknown,unknown,candidate_unverified,unknown,High,,1,"[{""evidence_role"":""restroom_acquisition"",""source_link_id"":""node/1519474187"",""source_type"":""OSM""}]",node,1519474187,,candidate_without_verified_bidet_match,,,2025-03-24T10:50:17Z,
buttler_loc_cf39d195184ef12dfb58,Hukad,9.2987043,123.3031713,Dumaguete,Unknown,Unknown,unknown,unknown,candidate_unverified,unknown,High,Robinsons Dumaguete,1,"[{""evidence_role"":""restroom_acquisition"",""source_link_id"":""node/1853952104"",""source_type"":""OSM""}]",node,1853952104,,candidate_without_verified_bidet_match,,,2025-03-09T12:21:32Z,
buttler_loc_329b52e23597e7b22199,Shakey's,9.2988287,123.3031646,,Unknown,Unknown,unknown,unknown,candidate_unverified,unknown,High,,1,"[{""evidence_role"":""restroom_acquisition"",""source_link_id"":""node/1853957334"",""source_type"":""OSM""}]",node,1853957334,,candidate_without_verified_bidet_match,,,2025-03-09T12:20:51Z,
buttler_loc_2838e9b9801917fdd401,Mang Inasal,9.2985615,123.3031205,,Unknown,Unknown,unknown,unknown,candidate_unverified,unknown,High,,1,"[{""evidence_role"":""restroom_acquisition"",""source_link_id"":""node/1853958143"",""source_type"":""OSM""}]",node,1853958143,,candidate_without_verified_bidet_match,,,2025-03-09T12:21:04Z,
buttler_loc_9006778c926ae75ccd35,Dunkin',9.298835,123.3032998,,Unknown,Unknown,unknown,unknown,candidate_unverified,unknown,High,,1,"[{""evidence_role"":""restroom_acquisition"",""source_link_id"":""node/1853960122"",""source_type"":""OSM""}]",node,1853960122,,candidate_without_verified_bidet_match,,,2025-05-16T09:33:46Z,
buttler_loc_27c578a1316be0d03b08,KFC,9.2979569,123.3036441,Dumaguete,Unknown,Unknown,unknown,unknown,candidate_unverified,unknown,High,Robinsons Dumaguete,1,"[{""evidence_role"":""restroom_acquisition"",""source_link_id"":""node/1853960657"",""source_type"":""OSM""}]",node,1853960657,,candidate_without_verified_bidet_match,,,2025-05-16T09:35:40Z,
buttler_loc_5767f35ebf7948b777d6,Jollibee inside Robinsons Place Mall,9.298188,123.303313,"Level 1, Robinsons Place Dumaguete, Calindagan, Dumaguete City",Yes,Yes,public,no,field_verified_via_bidet_survey,field_verified,High,Robinsons Dumaguete,2,"[{""evidence_role"":""restroom_acquisition"",""source_link_id"":""node/1853961584"",""source_type"":""OSM""},{""evidence_role"":""verified_bidet_and_restroom_presence"",""source_link_id"":""bidet_survey_de673148ed6817e53a59"",""source_type"":""field_survey_bidet_workbook""}]",node,1853961584,bidet_survey_de673148ed6817e53a59,auto_matched_high_confidence,high,Venue names have strong containment/identity agreement and coordinates are 10.7 m apart.,2025-03-09T12:21:17Z,
buttler_loc_cd091d56c53f5b9e1fc0,Chowking,9.2979169,123.3037511,Dumaguete,Unknown,Unknown,unknown,unknown,candidate_unverified,unknown,High,Robinsons Dumaguete,1,"[{""evidence_role"":""restroom_acquisition"",""source_link_id"":""node/1853962133"",""source_type"":""OSM""}]",node,1853962133,,candidate_without_verified_bidet_match,,,2025-03-09T12:22:34Z,
buttler_loc_35c41771ca526effbe96,Greenwich (Robinsons Place),9.298312,123.302937,"Robinsons Place Dumaguete, Calindagan, Dumaguete City",Yes,Yes,customers,no,field_verified_via_bidet_survey,field_verified,High,Robinsons Dumaguete,2,"[{""evidence_role"":""restroom_acquisition"",""source_link_id"":""node/1853963477"",""source_type"":""OSM""},{""evidence_role"":""verified_bidet_and_restroom_presence"",""source_link_id"":""bidet_survey_f1a02283bdf610eaa040"",""source_type"":""field_survey_bidet_workbook""}]",node,1853963477,bidet_survey_f1a02283bdf610eaa040,auto_matched_high_confidence,high,Venue names have strong containment/identity agreement and coordinates are 22.6 m apart.,2025-03-09T12:21:08Z,
buttler_loc_134d02c8a17b2e3309d1,Unnamed public toilet,9.2978278,123.3042586,,Yes,Unknown,unknown,no,osm_explicit,unknown,,,1,"[{""evidence_role"":""restroom_acquisition"",""source_link_id"":""node/1853965643"",""source_type"":""OSM""}]",node,1853965643,,restroom_without_verified_bidet_match,,,2026-03-24T13:08:17Z,
buttler_loc_8f17b9b6b4ca4367dc3e,Unnamed public toilet,9.2989144,123.3034124,,Yes,Unknown,unknown,no,osm_explicit,unknown,,,1,"[{""evidence_role"":""restroom_acquisition"",""source_link_id"":""node/1853965881"",""source_type"":""OSM""}]",node,1853965881,,restroom_without_verified_bidet_match,,,2026-03-11T16:01:01Z,
buttler_loc_14e0aee13d23fe170442,Lee Plaza Supermarket,9.3079834,123.3070575,,Unknown,Unknown,unknown,unknown,candidate_unverified,unknown,High,,1,"[{""evidence_role"":""restroom_acquisition"",""source_link_id"":""node/1855171927"",""source_type"":""OSM""}]",node,1855171927,,candidate_without_verified_bidet_match,,,2023-11-27T04:58:53Z,
buttler_loc_b18ac28591168e243d9c,Gabby's Bistro (Bantayan/Main),9.327188,123.304187,"E. Rovira Road, Bantayan, Dumaguete City",Yes,Yes,customers,no,field_verified_via_bidet_survey,field_verified,High,,2,"[{""evidence_role"":""restroom_acquisition"",""source_link_id"":""node/1855286160"",""source_type"":""OSM""},{""evidence_role"":""verified_bidet_and_restroom_presence"",""source_link_id"":""bidet_survey_41cee1248f2573c47f18"",""source_type"":""field_survey_bidet_workbook""}]",node,1855286160,bidet_survey_41cee1248f2573c47f18,auto_matched_high_confidence,high,Venue names have strong containment/identity agreement and coordinates are 19.3 m apart.,2025-04-09T04:02:42Z,
buttler_loc_d2cbabd65cc2a33c6f96,U Pension,9.3103002,123.3078519,Silliman Avenue,Unknown,Unknown,unknown,unknown,candidate_unverified,unknown,High,,1,"[{""evidence_role"":""restroom_acquisition"",""source_link_id"":""node/2481342394"",""source_type"":""OSM""}]",node,2481342394,,candidate_without_verified_bidet_match,,,2025-02-22T03:28:13Z,
buttler_loc_483df0f71cfadba68819,Qyosko,9.303695,123.3081416,"Santa Rosa Street, Dumaguete",Unknown,Unknown,unknown,unknown,candidate_unverified,unknown,Medium,,1,"[{""evidence_role"":""restroom_acquisition"",""source_link_id"":""node/2654899831"",""source_type"":""OSM""}]",node,2654899831,,candidate_without_verified_bidet_match,,,2025-04-08T08:06:34Z,
buttler_loc_c613652b9a2c15a3681c,Obdulia's Business Inn,9.3044164,123.3075904,Senator Lorenzo G. Teves Street,Unknown,Unknown,unknown,unknown,candidate_unverified,unknown,High,,1,"[{""evidence_role"":""restroom_acquisition"",""source_link_id"":""node/2760458250"",""source_type"":""OSM""}]",node,2760458250,,candidate_without_verified_bidet_match,,,2025-04-08T08:55:47Z,
buttler_loc_e885d115ada64f972813,Manhattan Suites Inn,9.2993461,123.303817,"Governor Perdices Street, Dumaguete",Unknown,Unknown,unknown,unknown,candidate_unverified,unknown,High,Yala Building,1,"[{""evidence_role"":""restroom_acquisition"",""source_link_id"":""node/2888333388"",""source_type"":""OSM""}]",node,2888333388,,candidate_without_verified_bidet_match,,,2026-01-01T00:17:02Z,
buttler_loc_fa36ead16822f8c81b16,Foodah Express,9.3215939,123.2995932,,Unknown,Unknown,unknown,unknown,candidate_unverified,unknown,High,,1,"[{""evidence_role"":""restroom_acquisition"",""source_link_id"":""node/2888372465"",""source_type"":""OSM""}]",node,2888372465,,candidate_without_verified_bidet_match,,,2025-04-12T11:24:04Z,
buttler_loc_4432536b5109e5ddd857,Mang Inasal,9.3067501,123.3055034,Mayor Ramon T. Pastor Sr. Street,Unknown,Unknown,unknown,unknown,candidate_unverified,unknown,High,,1,"[{""evidence_role"":""restroom_acquisition"",""source_link_id"":""node/2888487028"",""source_type"":""OSM""}]",node,2888487028,,candidate_without_verified_bidet_match,,,2025-02-13T06:44:43Z,
buttler_loc_5af7369f6298e4f92bf6,Panie's Fastfood,9.3074241,123.3064875,Maria Cristina Street,Unknown,Unknown,unknown,unknown,candidate_unverified,unknown,High,,1,"[{""evidence_role"":""restroom_acquisition"",""source_link_id"":""node/2888501706"",""source_type"":""OSM""}]",node,2888501706,,candidate_without_verified_bidet_match,,,2025-04-06T04:03:46Z,
buttler_loc_c8e9950eac7c5b226a35,Robinsons Supermarket Perdices,9.307562,123.307812,"Gov. Perdices St., Dumaguete City",Yes,Yes,public,no,field_verified_via_bidet_survey,field_verified,High,,2,"[{""evidence_role"":""restroom_acquisition"",""source_link_id"":""node/2888501708"",""source_type"":""OSM""},{""evidence_role"":""verified_bidet_and_restroom_presence"",""source_link_id"":""bidet_survey_de8f17e29a8c90c746e7"",""source_type"":""field_survey_bidet_workbook""}]",node,2888501708,bidet_survey_de8f17e29a8c90c746e7,auto_matched_high_confidence,high,Venue names have strong containment/identity agreement and coordinates are 5.8 m apart.,2025-04-13T07:44:26Z,
buttler_loc_62a41840af01670570fd,Opeña's Restaurant,9.3119229,123.3079889,,Unknown,Unknown,unknown,unknown,candidate_unverified,unknown,High,,1,"[{""evidence_role"":""restroom_acquisition"",""source_link_id"":""node/2888608940"",""source_type"":""OSM""}]",node,2888608940,,candidate_without_verified_bidet_match,,,2025-02-14T12:47:22Z,
buttler_loc_1679d7d10f258bb63dd5,Neva's Pizza,9.319546,123.3072968,Hibbard Avenue,Unknown,Unknown,unknown,unknown,candidate_unverified,unknown,High,,1,"[{""evidence_role"":""restroom_acquisition"",""source_link_id"":""node/2888608948"",""source_type"":""OSM""}]",node,2888608948,,candidate_without_verified_bidet_match,,,2025-02-15T01:20:01Z,
buttler_loc_e9f6784ec2d5d8117afe,ampm,9.3195178,123.3072309,,Unknown,Unknown,unknown,unknown,candidate_unverified,unknown,Medium,,1,"[{""evidence_role"":""restroom_acquisition"",""source_link_id"":""node/2888608949"",""source_type"":""OSM""}]",node,2888608949,,candidate_without_verified_bidet_match,,,2022-05-16T20:25:59Z,
buttler_loc_5e65a1e92d81158c7954,Santa Teresa,9.3202954,123.3071825,Hibbard Avenue,Unknown,Unknown,unknown,unknown,candidate_unverified,unknown,High,,1,"[{""evidence_role"":""restroom_acquisition"",""source_link_id"":""node/2888608957"",""source_type"":""OSM""}]",node,2888608957,,candidate_without_verified_bidet_match,,,2025-04-09T02:57:51Z,
buttler_loc_2a368443ce002ef553b7,Crispy King,9.321374,123.307183,,Unknown,Unknown,unknown,unknown,candidate_unverified,unknown,High,,1,"[{""evidence_role"":""restroom_acquisition"",""source_link_id"":""node/2888608958"",""source_type"":""OSM""}]",node,2888608958,,candidate_without_verified_bidet_match,,,2025-03-08T01:41:06Z,
buttler_loc_e44f12955a31d703f8f1,Hapit Anay Store,9.3208284,123.3070041,,Unknown,Unknown,unknown,unknown,candidate_unverified,unknown,Medium,,1,"[{""evidence_role"":""restroom_acquisition"",""source_link_id"":""node/2888608959"",""source_type"":""OSM""}]",node,2888608959,,candidate_without_verified_bidet_match,,,2014-07-08T05:58:49Z,
buttler_loc_619b298b9c1bcac11be2,Eskinah Enterprises,9.3212013,123.3069559,,Unknown,Unknown,unknown,unknown,candidate_unverified,unknown,Medium,,1,"[{""evidence_role"":""restroom_acquisition"",""source_link_id"":""node/2888608960"",""source_type"":""OSM""}]",node,2888608960,,candidate_without_verified_bidet_match,,,2015-08-21T11:00:19Z,
buttler_loc_0480ed3a59e0a544046c,One Bethany Place,9.3209409,123.3043779,,Unknown,Unknown,unknown,unknown,candidate_unverified,unknown,High,,1,"[{""evidence_role"":""restroom_acquisition"",""source_link_id"":""node/2888608965"",""source_type"":""OSM""}]",node,2888608965,,candidate_without_verified_bidet_match,,,2025-02-14T07:32:18Z,
buttler_loc_33a94902cb7248e75b12,One Bethany Restaurant and Coffee Shop,9.3209302,123.3042381,,Unknown,Unknown,unknown,unknown,candidate_unverified,unknown,High,,1,"[{""evidence_role"":""restroom_acquisition"",""source_link_id"":""node/2888608966"",""source_type"":""OSM""}]",node,2888608966,,candidate_without_verified_bidet_match,,,2025-02-14T07:32:10Z,
buttler_loc_7f8005b9bdf01a07d8f0,Whatever,9.3203676,123.3124429,,Unknown,Unknown,unknown,unknown,candidate_unverified,unknown,Medium,,1,"[{""evidence_role"":""restroom_acquisition"",""source_link_id"":""node/2894757417"",""source_type"":""OSM""}]",node,2894757417,,candidate_without_verified_bidet_match,,,2025-03-09T04:12:49Z,
buttler_loc_6e51e299ce9ebcd4d0d0,KTV Family Bar,9.3102959,123.3087257,,Unknown,Unknown,unknown,unknown,candidate_unverified,unknown,Medium,,1,"[{""evidence_role"":""restroom_acquisition"",""source_link_id"":""node/2894757418"",""source_type"":""OSM""}]",node,2894757418,,candidate_without_verified_bidet_match,,,2025-12-31T04:01:22Z,
buttler_loc_42b3990b20786fe8f326,Moriah Pension,9.31894,123.30133,"Molave Street, Daro, Dumaguete City",Yes,Yes,customers,no,field_verified_via_bidet_survey,field_verified,High,,2,"[{""evidence_role"":""restroom_acquisition"",""source_link_id"":""node/2894990358"",""source_type"":""OSM""},{""evidence_role"":""verified_bidet_and_restroom_presence"",""source_link_id"":""bidet_survey_ded1439a123ff45ddd6b"",""source_type"":""field_survey_bidet_workbook""}]",node,2894990358,bidet_survey_ded1439a123ff45ddd6b,auto_matched_high_confidence,high,Venue names have strong containment/identity agreement and coordinates are 17.6 m apart.,2026-05-26T06:43:30Z,
buttler_loc_146b9b4a2a5b4986f94c,Daro Satellite Market,9.3191047,123.302702,Dumaguete,Unknown,Unknown,unknown,unknown,candidate_unverified,unknown,High,,1,"[{""evidence_role"":""restroom_acquisition"",""source_link_id"":""node/2894990360"",""source_type"":""OSM""}]",node,2894990360,,candidate_without_verified_bidet_match,,,2022-02-14T16:09:57Z,
buttler_loc_cbc6b08c605f6ead0fbb,Santa Teresa,9.3183407,123.3033592,,Unknown,Unknown,unknown,unknown,candidate_unverified,unknown,High,,1,"[{""evidence_role"":""restroom_acquisition"",""source_link_id"":""node/2894990361"",""source_type"":""OSM""}]",node,2894990361,,candidate_without_verified_bidet_match,,,2025-02-13T04:18:06Z,
buttler_loc_f0d6946b5c420ca192cd,Szaniszlo Convenience Store,9.3079222,123.2958663,,Unknown,Unknown,unknown,unknown,candidate_unverified,unknown,Medium,,1,"[{""evidence_role"":""restroom_acquisition"",""source_link_id"":""node/2895025476"",""source_type"":""OSM""}]",node,2895025476,,candidate_without_verified_bidet_match,,,2014-06-11T12:16:01Z,
buttler_loc_b22d086493f736667948,Chooks to Go,9.3205621,123.3002388,,Unknown,Unknown,unknown,unknown,candidate_unverified,unknown,High,,1,"[{""evidence_role"":""restroom_acquisition"",""source_link_id"":""node/2900155099"",""source_type"":""OSM""}]",node,2900155099,,candidate_without_verified_bidet_match,,,2025-02-12T02:35:38Z,
buttler_loc_1e502f7613164f3d0bb1,Kusina Sa Daro,9.3167632,123.3015163,,Unknown,Unknown,unknown,unknown,candidate_unverified,unknown,High,,1,"[{""evidence_role"":""restroom_acquisition"",""source_link_id"":""node/2900155728"",""source_type"":""OSM""}]",node,2900155728,,candidate_without_verified_bidet_match,,,2025-03-24T10:53:21Z,
buttler_loc_ae6c8dc92161d6a74ee3,J Mart,9.3167336,123.2953329,,Unknown,Unknown,unknown,unknown,candidate_unverified,unknown,Medium,,1,"[{""evidence_role"":""restroom_acquisition"",""source_link_id"":""node/2900161102"",""source_type"":""OSM""}]",node,2900161102,,candidate_without_verified_bidet_match,,,2025-02-16T02:57:11Z,
buttler_loc_b22afe4e61c1c8c124a7,Bo's Coffee,9.3097922,123.3091088,Rizal Avenue,Yes,Unknown,unknown,unknown,osm_explicit,unknown,,,1,"[{""evidence_role"":""restroom_acquisition"",""source_link_id"":""node/2900165527"",""source_type"":""OSM""}]",node,2900165527,,restroom_without_verified_bidet_match,,,2025-07-22T07:07:00Z,
buttler_loc_efbb180831665c3a3153,HOY LUGAW,9.3102914,123.3077759,,Unknown,Unknown,unknown,unknown,candidate_unverified,unknown,High,,1,"[{""evidence_role"":""restroom_acquisition"",""source_link_id"":""node/2900166502"",""source_type"":""OSM""}]",node,2900166502,,candidate_without_verified_bidet_match,,,2025-02-16T02:50:02Z,
buttler_loc_567be3eea63fe00f63d0,1988 Bistro,9.3094718,123.3092917,,Unknown,Unknown,unknown,unknown,candidate_unverified,unknown,High,,1,"[{""evidence_role"":""restroom_acquisition"",""source_link_id"":""node/2900166503"",""source_type"":""OSM""}]",node,2900166503,,candidate_without_verified_bidet_match,,,2025-02-26T06:28:46Z,
buttler_loc_d9b5c91c4241c49202b9,Curie Diagnostic Center,9.3094056,123.3088907,,Unknown,Unknown,unknown,unknown,candidate_unverified,unknown,Medium,,1,"[{""evidence_role"":""restroom_acquisition"",""source_link_id"":""node/2900167101"",""source_type"":""OSM""}]",node,2900167101,,candidate_without_verified_bidet_match,,,2022-05-16T20:25:59Z,
buttler_loc_079fba44e8f7544ca923,Dexter's Pizza,9.3087912,123.308864,,Unknown,Unknown,unknown,unknown,candidate_unverified,unknown,High,,1,"[{""evidence_role"":""restroom_acquisition"",""source_link_id"":""node/2900167102"",""source_type"":""OSM""}]",node,2900167102,,candidate_without_verified_bidet_match,,,2025-03-04T01:42:06Z,
buttler_loc_de9aa1df53c86bbcb041,Eatery,9.3171158,123.3031508,"Doctor Venancio I. Aldecoa Sr. Drive, Dumaguete",Unknown,Unknown,unknown,unknown,candidate_unverified,unknown,High,,1,"[{""evidence_role"":""restroom_acquisition"",""source_link_id"":""node/2902361497"",""source_type"":""OSM""}]",node,2902361497,,candidate_without_verified_bidet_match,,,2026-01-20T01:12:27Z,
buttler_loc_a4fd54990ca6c9f69600,Skin Doctor,9.3171828,123.3026101,,Unknown,Unknown,unknown,unknown,candidate_unverified,unknown,Medium,,1,"[{""evidence_role"":""restroom_acquisition"",""source_link_id"":""node/2902365542"",""source_type"":""OSM""}]",node,2902365542,,candidate_without_verified_bidet_match,,,2014-06-28T09:08:49Z,
buttler_loc_d5c3d182df5d36662ace,Fetus UltraSound,9.3170795,123.3019675,,Unknown,Unknown,unknown,unknown,candidate_unverified,unknown,Medium,,1,"[{""evidence_role"":""restroom_acquisition"",""source_link_id"":""node/2902365543"",""source_type"":""OSM""}]",node,2902365543,,candidate_without_verified_bidet_match,,,2014-06-06T07:55:55Z,
buttler_loc_18b5bd1c1b2e4b2beaf6,LP Food Avenue,9.3018253,123.2978249,,Unknown,Unknown,unknown,unknown,candidate_unverified,unknown,High,,1,"[{""evidence_role"":""restroom_acquisition"",""source_link_id"":""node/2902383144"",""source_type"":""OSM""}]",node,2902383144,,candidate_without_verified_bidet_match,,,2023-01-04T04:18:42Z,
buttler_loc_6ad0759e611c40fafa26,Unnamed public toilet,9.3020412,123.2978033,,Yes,Unknown,unknown,unknown,osm_explicit,unknown,,,1,"[{""evidence_role"":""restroom_acquisition"",""source_link_id"":""node/2902383145"",""source_type"":""OSM""}]",node,2902383145,,restroom_without_verified_bidet_match,,,2025-05-16T09:36:52Z,
buttler_loc_11c93588bf22e54739dd,Unnamed venue,9.3066945,123.2991237,,Unknown,Unknown,unknown,unknown,candidate_unverified,unknown,High,,1,"[{""evidence_role"":""restroom_acquisition"",""source_link_id"":""node/2902795863"",""source_type"":""OSM""}]",node,2902795863,,candidate_without_verified_bidet_match,,,2014-06-18T03:06:55Z,
buttler_loc_faecd0f2a142d591dddd,Gazebo Pensione,9.3064006,123.3050323,,Unknown,Unknown,unknown,unknown,candidate_unverified,unknown,High,,1,"[{""evidence_role"":""restroom_acquisition"",""source_link_id"":""node/2908388159"",""source_type"":""OSM""}]",node,2908388159,,candidate_without_verified_bidet_match,,,2025-11-08T12:44:17Z,
buttler_loc_33c97e95c14a7d3c4e4b,HAN's Store,9.3047918,123.3055855,,Unknown,Unknown,unknown,unknown,candidate_unverified,unknown,Medium,,1,"[{""evidence_role"":""restroom_acquisition"",""source_link_id"":""node/2908391176"",""source_type"":""OSM""}]",node,2908391176,,candidate_without_verified_bidet_match,,,2014-06-29T07:50:53Z,
buttler_loc_690925f6779d8c212df4,Mandarin,9.304613,123.3062738,,Unknown,Unknown,unknown,unknown,candidate_unverified,unknown,High,,1,"[{""evidence_role"":""restroom_acquisition"",""source_link_id"":""node/2908391304"",""source_type"":""OSM""}]",node,2908391304,,candidate_without_verified_bidet_match,,,2014-06-10T01:40:55Z,
buttler_loc_a74aa8fee7a5196befaa,Unnamed venue,9.3119599,123.3076886,,Unknown,Unknown,unknown,unknown,candidate_unverified,unknown,High,,1,"[{""evidence_role"":""restroom_acquisition"",""source_link_id"":""node/2909142395"",""source_type"":""OSM""}]",node,2909142395,,candidate_without_verified_bidet_match,,,2025-02-14T12:47:41Z,
buttler_loc_f7eff94adc706381e761,Opeñas Pension,9.3119233,123.3079344,Katada Street,Unknown,Unknown,unknown,unknown,candidate_unverified,unknown,High,,1,"[{""evidence_role"":""restroom_acquisition"",""source_link_id"":""node/2909142396"",""source_type"":""OSM""}]",node,2909142396,,candidate_without_verified_bidet_match,,,2025-04-09T01:26:09Z,
buttler_loc_04136e7aff3d543b4ca8,Mart Filipino Korean Grocery,9.3119275,123.3081005,,Unknown,Unknown,unknown,unknown,candidate_unverified,unknown,Medium,,1,"[{""evidence_role"":""restroom_acquisition"",""source_link_id"":""node/2909142397"",""source_type"":""OSM""}]",node,2909142397,,candidate_without_verified_bidet_match,,,2014-06-28T09:08:46Z,
buttler_loc_3c58ad0d2fe2d6d57b20,CityWalk Hotel,9.310169,123.306754,"Silliman Avenue, Dumaguete",Unknown,Unknown,unknown,unknown,candidate_unverified,unknown,High,,1,"[{""evidence_role"":""restroom_acquisition"",""source_link_id"":""node/2910959301"",""source_type"":""OSM""}]",node,2910959301,,candidate_without_verified_bidet_match,,,2025-02-22T03:07:38Z,
buttler_loc_5a839df3de55e49071d2,Angel's Pizza,9.3101665,123.3067177,"Silliman Avenue, Dumaguete",Unknown,Unknown,unknown,unknown,candidate_unverified,unknown,High,way/290512318,1,"[{""evidence_role"":""restroom_acquisition"",""source_link_id"":""node/2910959302"",""source_type"":""OSM""}]",node,2910959302,,candidate_without_verified_bidet_match,,,2025-02-24T01:04:47Z,
buttler_loc_9939e646e5afd15bfc61,Unnamed venue,9.3074781,123.2950848,,Unknown,Unknown,unknown,unknown,candidate_unverified,unknown,High,,1,"[{""evidence_role"":""restroom_acquisition"",""source_link_id"":""node/2910986553"",""source_type"":""OSM""}]",node,2910986553,,candidate_without_verified_bidet_match,,,2025-03-11T07:37:49Z,
buttler_loc_6002e99dcf7ff41a40c4,SaveNa,9.3196284,123.2944949,E. J. Blanco Extension,Unknown,Unknown,unknown,unknown,candidate_unverified,unknown,Medium,,1,"[{""evidence_role"":""restroom_acquisition"",""source_link_id"":""node/2911072359"",""source_type"":""OSM""}]",node,2911072359,,candidate_without_verified_bidet_match,,,2025-04-04T07:48:10Z,
buttler_loc_fce3097a3608a0ecefd7,Josie J Store,9.3193902,123.2942886,,Unknown,Unknown,unknown,unknown,candidate_unverified,unknown,Medium,,1,"[{""evidence_role"":""restroom_acquisition"",""source_link_id"":""node/2911072360"",""source_type"":""OSM""}]",node,2911072360,,candidate_without_verified_bidet_match,,,2025-03-02T16:17:34Z,
buttler_loc_0dc7f7349374203d72b6,Daymiel's Dormitory,9.3084979,123.306264,Maria Cristina Street,Unknown,Unknown,unknown,unknown,candidate_unverified,unknown,High,,1,"[{""evidence_role"":""restroom_acquisition"",""source_link_id"":""node/2912293011"",""source_type"":""OSM""}]",node,2912293011,,candidate_without_verified_bidet_match,,,2025-04-06T03:40:19Z,
buttler_loc_d746d4a2933950dedd73,Dentista Villarosa,9.3083262,123.3065255,,Unknown,Unknown,unknown,unknown,candidate_unverified,unknown,Medium,,1,"[{""evidence_role"":""restroom_acquisition"",""source_link_id"":""node/2912294500"",""source_type"":""OSM""}]",node,2912294500,,candidate_without_verified_bidet_match,,,2022-05-16T20:25:59Z,
buttler_loc_8ba49d06786434178ce7,Connect Internet Cafe,9.3084011,123.3063516,Maria Cristina Street,Unknown,Unknown,unknown,unknown,candidate_unverified,unknown,Medium,,1,"[{""evidence_role"":""restroom_acquisition"",""source_link_id"":""node/2912295203"",""source_type"":""OSM""}]",node,2912295203,,candidate_without_verified_bidet_match,,,2025-04-06T03:40:19Z,
buttler_loc_4d2e69e9eb6d555633fd,Sison's Painitan,9.3053053,123.306429,,Unknown,Unknown,unknown,unknown,candidate_unverified,unknown,Medium,,1,"[{""evidence_role"":""restroom_acquisition"",""source_link_id"":""node/2934890041"",""source_type"":""OSM""}]",node,2934890041,,candidate_without_verified_bidet_match,,,2025-03-08T01:46:10Z,
buttler_loc_7c19c1ce7249ab5e8c6a,Crown Hostel,9.3171179,123.3033697,,Unknown,Unknown,unknown,unknown,candidate_unverified,unknown,High,,1,"[{""evidence_role"":""restroom_acquisition"",""source_link_id"":""node/2934962727"",""source_type"":""OSM""}]",node,2934962727,,candidate_without_verified_bidet_match,,,2025-05-07T10:27:45Z,
buttler_loc_b5fe51f0bf88c02c8002,Lopenas Store,9.3165082,123.301473,,Unknown,Unknown,unknown,unknown,candidate_unverified,unknown,Medium,,1,"[{""evidence_role"":""restroom_acquisition"",""source_link_id"":""node/2934976800"",""source_type"":""OSM""}]",node,2934976800,,candidate_without_verified_bidet_match,,,2014-06-27T02:45:53Z,
buttler_loc_799fc8de5e82c94ae280,Arnok's Fried Chicken,9.3065665,123.2978672,Larena Drive,Unknown,Unknown,unknown,unknown,candidate_unverified,unknown,High,,1,"[{""evidence_role"":""restroom_acquisition"",""source_link_id"":""node/2934985143"",""source_type"":""OSM""}]",node,2934985143,,candidate_without_verified_bidet_match,,,2025-04-04T06:22:04Z,
buttler_loc_82f5df75d6999cbdf1fc,Zone One,9.3101965,123.3074741,,Unknown,Unknown,unknown,unknown,candidate_unverified,unknown,Medium,,1,"[{""evidence_role"":""restroom_acquisition"",""source_link_id"":""node/2934986718"",""source_type"":""OSM""}]",node,2934986718,,candidate_without_verified_bidet_match,,,2025-02-23T06:58:39Z,
buttler_loc_ab32c5e0e68625dd477c,Chowking Dumaguete Downtown,9.308312,123.307812,"Perdices Road, Dumaguete City",Yes,Yes,customers,no,field_verified_via_bidet_survey,field_verified,High,,2,"[{""evidence_role"":""restroom_acquisition"",""source_link_id"":""node/2934987191"",""source_type"":""OSM""},{""evidence_role"":""verified_bidet_and_restroom_presence"",""source_link_id"":""bidet_survey_063e1d3d98177149f081"",""source_type"":""field_survey_bidet_workbook""}]",node,2934987191,bidet_survey_063e1d3d98177149f081,auto_matched_high_confidence,high,Venue names have strong containment/identity agreement and coordinates are 16.2 m apart.,2025-02-26T11:29:41Z,
buttler_loc_3b1faf0541635e066a92,McDonald's Dumaguete Downtown,9.308488,123.307766,"Corner Governor Perdices and Legaspi Sts, Dumaguete City",Yes,Yes,customers,no,field_verified_via_bidet_survey,field_verified,High,,2,"[{""evidence_role"":""restroom_acquisition"",""source_link_id"":""node/2934987192"",""source_type"":""OSM""},{""evidence_role"":""verified_bidet_and_restroom_presence"",""source_link_id"":""bidet_survey_dd475f23217d2b52cbb2"",""source_type"":""field_survey_bidet_workbook""}]",node,2934987192,bidet_survey_dd475f23217d2b52cbb2,auto_matched_high_confidence,high,Venue names have strong containment/identity agreement and coordinates are 8.7 m apart.,2026-04-27T11:45:05Z,
buttler_loc_535181bcd2837a72beec,EMI Store,9.3277154,123.3069616,,Unknown,Unknown,unknown,unknown,candidate_unverified,unknown,Medium,,1,"[{""evidence_role"":""restroom_acquisition"",""source_link_id"":""node/2935070571"",""source_type"":""OSM""}]",node,2935070571,,candidate_without_verified_bidet_match,,,2014-06-27T06:22:54Z,
buttler_loc_362b94efa14f51bc9283,Ana Lee Rose Store,9.3222242,123.3049596,Route 7,Unknown,Unknown,unknown,unknown,candidate_unverified,unknown,Medium,,1,"[{""evidence_role"":""restroom_acquisition"",""source_link_id"":""node/2935076360"",""source_type"":""OSM""}]",node,2935076360,,candidate_without_verified_bidet_match,,,2025-04-09T03:12:29Z,
buttler_loc_bb61f940fe6d0ab399c6,Joy Store,9.3222196,123.3047401,,Unknown,Unknown,unknown,unknown,candidate_unverified,unknown,Medium,,1,"[{""evidence_role"":""restroom_acquisition"",""source_link_id"":""node/2935076361"",""source_type"":""OSM""}]",node,2935076361,,candidate_without_verified_bidet_match,,,2014-06-27T06:28:29Z,
buttler_loc_c7868fafb232e636eb01,Free Way Convenience Store,9.3211251,123.3034138,,Unknown,Unknown,unknown,unknown,candidate_unverified,unknown,Medium,,1,"[{""evidence_role"":""restroom_acquisition"",""source_link_id"":""node/2935076363"",""source_type"":""OSM""}]",node,2935076363,,candidate_without_verified_bidet_match,,,2014-06-27T07:50:53Z,
buttler_loc_1299402d5737d6e2fc21,Habhaban,9.3209061,123.3036614,,Unknown,Unknown,unknown,unknown,candidate_unverified,unknown,High,,1,"[{""evidence_role"":""restroom_acquisition"",""source_link_id"":""node/2935076366"",""source_type"":""OSM""}]",node,2935076366,,candidate_without_verified_bidet_match,,,2025-02-14T12:29:49Z,
buttler_loc_3c7b409a9c64ca75800f,Twilight Hub Internet Cafe,9.3209122,123.3037461,,Unknown,Unknown,unknown,unknown,candidate_unverified,unknown,Medium,,1,"[{""evidence_role"":""restroom_acquisition"",""source_link_id"":""node/2935076367"",""source_type"":""OSM""}]",node,2935076367,,candidate_without_verified_bidet_match,,,2019-01-19T08:47:11Z,
buttler_loc_ef85390cd9cf2e9ddee0,Manang Pina's Budbud,9.3052489,123.30642,,Unknown,Unknown,unknown,unknown,candidate_unverified,unknown,High,,1,"[{""evidence_role"":""restroom_acquisition"",""source_link_id"":""node/2935124129"",""source_type"":""OSM""}]",node,2935124129,,candidate_without_verified_bidet_match,,,2025-03-08T01:46:21Z,
buttler_loc_d03e257af6ed408ce675,ARAP's Eatery,9.3264349,123.3070114,,Unknown,Unknown,unknown,unknown,candidate_unverified,unknown,High,,1,"[{""evidence_role"":""restroom_acquisition"",""source_link_id"":""node/2935137117"",""source_type"":""OSM""}]",node,2935137117,,candidate_without_verified_bidet_match,,,2018-11-13T08:18:53Z,
buttler_loc_947e59491783cfdee207,Ronald Sagun Dental Clinic,9.3199427,123.3070454,Hibbard Avenue,Unknown,Unknown,unknown,unknown,candidate_unverified,unknown,Medium,,1,"[{""evidence_role"":""restroom_acquisition"",""source_link_id"":""node/2935143038"",""source_type"":""OSM""}]",node,2935143038,,candidate_without_verified_bidet_match,,,2025-04-09T02:57:51Z,
buttler_loc_2186ea756131bd473d67,Lourdes Teves' Painitan,9.305497,123.3064189,,Unknown,Unknown,unknown,unknown,candidate_unverified,unknown,Medium,,1,"[{""evidence_role"":""restroom_acquisition"",""source_link_id"":""node/2936618694"",""source_type"":""OSM""}]",node,2936618694,,candidate_without_verified_bidet_match,,,2025-03-08T01:46:32Z,
buttler_loc_9952816f319ab1c801ee,RM Guest House & Grand Royal Spa,9.326062,123.298063,"Silliman Avenue, Dumaguete City",Yes,Yes,customers,no,field_verified_via_bidet_survey,field_verified,High,,2,"[{""evidence_role"":""restroom_acquisition"",""source_link_id"":""node/2936618696"",""source_type"":""OSM""},{""evidence_role"":""verified_bidet_and_restroom_presence"",""source_link_id"":""bidet_survey_c44960df810ba607d09a"",""source_type"":""field_survey_bidet_workbook""}]",node,2936618696,bidet_survey_c44960df810ba607d09a,auto_matched_high_confidence,high,Venue names have strong containment/identity agreement and coordinates are 7.6 m apart.,2025-06-03T13:48:22Z,
buttler_loc_35fc0820ce1c563f2c61,Soban Korean Restaurant,9.3218088,123.2992921,,Unknown,Unknown,unknown,unknown,candidate_unverified,unknown,High,,1,"[{""evidence_role"":""restroom_acquisition"",""source_link_id"":""node/2936618698"",""source_type"":""OSM""}]",node,2936618698,,candidate_without_verified_bidet_match,,,2025-02-12T02:34:55Z,
buttler_loc_4fb116ddbe962ef3849a,Natividad's Painitan,9.3056353,123.3064123,,Unknown,Unknown,unknown,unknown,candidate_unverified,unknown,Medium,,1,"[{""evidence_role"":""restroom_acquisition"",""source_link_id"":""node/2936618699"",""source_type"":""OSM""}]",node,2936618699,,candidate_without_verified_bidet_match,,,2025-03-08T01:46:03Z,
buttler_loc_177f7833347795d6e7c2,Mameng's Painitan,9.3055486,123.3064117,,Unknown,Unknown,unknown,unknown,candidate_unverified,unknown,Medium,,1,"[{""evidence_role"":""restroom_acquisition"",""source_link_id"":""node/2938372953"",""source_type"":""OSM""}]",node,2938372953,,candidate_without_verified_bidet_match,,,2025-03-08T01:46:06Z,
buttler_loc_ab71776ecc5bc6d52b4b,The Bean Connection,9.3082154,123.3078763,,Unknown,Unknown,unknown,unknown,candidate_unverified,unknown,Medium,,1,"[{""evidence_role"":""restroom_acquisition"",""source_link_id"":""node/2938372958"",""source_type"":""OSM""}]",node,2938372958,,candidate_without_verified_bidet_match,,,2025-02-26T11:29:36Z,
buttler_loc_a6eb50c72fceaeae3477,The Bean Connection,9.3104204,123.3071484,"Silliman Avenue, Dumaguete",Unknown,Unknown,unknown,unknown,candidate_unverified,unknown,Medium,Silliman Portal West,1,"[{""evidence_role"":""restroom_acquisition"",""source_link_id"":""node/2938372959"",""source_type"":""OSM""}]",node,2938372959,,candidate_without_verified_bidet_match,,,2025-04-09T01:17:58Z,
buttler_loc_d3f5283feca6b1d8f92a,Veling's Painitan,9.3055856,123.3064146,,Unknown,Unknown,unknown,unknown,candidate_unverified,unknown,Medium,,1,"[{""evidence_role"":""restroom_acquisition"",""source_link_id"":""node/2938372960"",""source_type"":""OSM""}]",node,2938372960,,candidate_without_verified_bidet_match,,,2025-03-08T01:45:57Z,
buttler_loc_799dff297abb6c016ff2,AMA Computer College,9.3086058,123.307776,,Unknown,Unknown,unknown,unknown,candidate_unverified,unknown,High,,1,"[{""evidence_role"":""restroom_acquisition"",""source_link_id"":""node/2938372991"",""source_type"":""OSM""}]",node,2938372991,,candidate_without_verified_bidet_match,,,2025-08-19T01:41:47Z,
buttler_loc_506e82515e634a27d685,Taco Surf Steaks and Sushi Bar,9.3208128,123.3123794,,Unknown,Unknown,unknown,unknown,candidate_unverified,unknown,High,,1,"[{""evidence_role"":""restroom_acquisition"",""source_link_id"":""node/2938527193"",""source_type"":""OSM""}]",node,2938527193,,candidate_without_verified_bidet_match,,,2018-11-13T08:18:53Z,
buttler_loc_9bf7124ed6ab16b0dfc5,Crispy King,9.3101771,123.3068455,Dumaguete,Unknown,Unknown,unknown,unknown,candidate_unverified,unknown,High,,1,"[{""evidence_role"":""restroom_acquisition"",""source_link_id"":""node/2940102601"",""source_type"":""OSM""}]",node,2940102601,,candidate_without_verified_bidet_match,,,2025-02-23T01:14:49Z,
buttler_loc_55d23a698d635db9b3e2,Café Mamia,9.308187,123.308937,"San Jose Street, Dumaguete City",Yes,Yes,customers,no,field_verified_via_bidet_survey,field_verified,Medium,,2,"[{""evidence_role"":""restroom_acquisition"",""source_link_id"":""node/2943352533"",""source_type"":""OSM""},{""evidence_role"":""verified_bidet_and_restroom_presence"",""source_link_id"":""bidet_survey_b8b5f0f0f5619f698806"",""source_type"":""field_survey_bidet_workbook""}]",node,2943352533,bidet_survey_b8b5f0f0f5619f698806,auto_matched_high_confidence,high,Normalized names are exact and coordinates are 4.5 m apart.,2026-03-19T04:28:27Z,
buttler_loc_65b26b46d8f27441b259,Greenwich Perdices Street (Downtown),9.3070165,123.3075523,"G/F Ever Mall, Gov. Perdices Avenue, Dumaguete City",Yes,Yes,customers,no,field_verified_via_bidet_survey,field_verified,High,,2,"[{""evidence_role"":""restroom_acquisition"",""source_link_id"":""node/2943986116"",""source_type"":""OSM""},{""evidence_role"":""verified_bidet_and_restroom_presence"",""source_link_id"":""bidet_survey_abfe88b4f23d789e4286"",""source_type"":""field_survey_bidet_workbook""}]",node,2943986116,bidet_survey_abfe88b4f23d789e4286,auto_matched_high_confidence,high,Venue names have strong containment/identity agreement and coordinates are 0.7 m apart.,2025-02-19T03:27:51Z,
buttler_loc_daabfa048d8644f8bfdf,2 Story Kitchen,9.3077971,123.3088297,,Unknown,Unknown,unknown,unknown,candidate_unverified,unknown,Medium,,1,"[{""evidence_role"":""restroom_acquisition"",""source_link_id"":""node/2943991660"",""source_type"":""OSM""}]",node,2943991660,,candidate_without_verified_bidet_match,,,2025-02-13T01:24:00Z,
buttler_loc_23c72052aee02f4ca125,Ayang's Place,9.3257629,123.3011149,,Unknown,Unknown,unknown,unknown,candidate_unverified,unknown,High,,1,"[{""evidence_role"":""restroom_acquisition"",""source_link_id"":""node/2945115311"",""source_type"":""OSM""}]",node,2945115311,,candidate_without_verified_bidet_match,,,2025-03-21T09:02:38Z,
buttler_loc_5039710cc68b247bfad9,Galing Kapé,9.3261431,123.2981402,,Unknown,Unknown,unknown,unknown,candidate_unverified,unknown,Medium,,1,"[{""evidence_role"":""restroom_acquisition"",""source_link_id"":""node/2945115316"",""source_type"":""OSM""}]",node,2945115316,,candidate_without_verified_bidet_match,,,2025-02-15T08:42:08Z,
buttler_loc_dbd90528faf512e7d593,Paklayan,9.3238651,123.2990825,,Unknown,Unknown,unknown,unknown,candidate_unverified,unknown,High,,1,"[{""evidence_role"":""restroom_acquisition"",""source_link_id"":""node/2945115321"",""source_type"":""OSM""}]",node,2945115321,,candidate_without_verified_bidet_match,,,2025-06-29T01:30:56Z,
buttler_loc_c088c423bd30f4778a4a,Harvey's Grill,9.3263693,123.2998386,,Unknown,Unknown,unknown,unknown,candidate_unverified,unknown,High,,1,"[{""evidence_role"":""restroom_acquisition"",""source_link_id"":""node/2945115861"",""source_type"":""OSM""}]",node,2945115861,,candidate_without_verified_bidet_match,,,2026-04-06T14:57:11Z,
buttler_loc_ff413e2ea50186eb812a,Unnamed venue,9.3263693,123.2998766,,Unknown,Unknown,unknown,unknown,candidate_unverified,unknown,Medium,,1,"[{""evidence_role"":""restroom_acquisition"",""source_link_id"":""node/2945115862"",""source_type"":""OSM""}]",node,2945115862,,candidate_without_verified_bidet_match,,,2014-07-03T03:17:27Z,
buttler_loc_8f4ab583f4bee9efe4e6,Aling Nenita Store,9.3036875,123.3062198,,Unknown,Unknown,unknown,unknown,candidate_unverified,unknown,Medium,,1,"[{""evidence_role"":""restroom_acquisition"",""source_link_id"":""node/2953625004"",""source_type"":""OSM""}]",node,2953625004,,candidate_without_verified_bidet_match,,,2014-07-08T02:05:11Z,
buttler_loc_ead056cf1076871722e6,Clinique Alonso Asthetic Cosmetic Surgery,9.3197751,123.3072429,Hibbard Avenue,Unknown,Unknown,unknown,unknown,candidate_unverified,unknown,Medium,way/396492751,1,"[{""evidence_role"":""restroom_acquisition"",""source_link_id"":""node/2953628292"",""source_type"":""OSM""}]",node,2953628292,,candidate_without_verified_bidet_match,,,2025-04-09T02:55:24Z,
buttler_loc_eede1b1fdf81e3b38355,Sinus Clinic Varicose Theraphy,9.3197625,123.3072703,Hibbard Avenue,Unknown,Unknown,unknown,unknown,candidate_unverified,unknown,Medium,way/396492751,1,"[{""evidence_role"":""restroom_acquisition"",""source_link_id"":""node/2953628293"",""source_type"":""OSM""}]",node,2953628293,,candidate_without_verified_bidet_match,,,2025-04-09T02:55:24Z,
buttler_loc_b361c901ad069eefa455,Food Span,9.3201352,123.3070255,Hibbard Avenue,Unknown,Unknown,unknown,unknown,candidate_unverified,unknown,High,,1,"[{""evidence_role"":""restroom_acquisition"",""source_link_id"":""node/2953631334"",""source_type"":""OSM""}]",node,2953631334,,candidate_without_verified_bidet_match,,,2025-04-09T02:57:51Z,
buttler_loc_460adfd8e996872005b7,Diagcare,9.3194612,123.3069327,Hibbard Avenue,Unknown,Unknown,unknown,unknown,candidate_unverified,unknown,Medium,,1,"[{""evidence_role"":""restroom_acquisition"",""source_link_id"":""node/2953631335"",""source_type"":""OSM""}]",node,2953631335,,candidate_without_verified_bidet_match,,,2025-04-09T02:55:24Z,
buttler_loc_025346ba9f19e2aea190,Julrick Store,9.3211104,123.3058276,,Unknown,Unknown,unknown,unknown,candidate_unverified,unknown,Medium,,1,"[{""evidence_role"":""restroom_acquisition"",""source_link_id"":""node/2953702369"",""source_type"":""OSM""}]",node,2953702369,,candidate_without_verified_bidet_match,,,2014-07-08T06:01:32Z,
buttler_loc_8c565b0a79fd5b7b7c63,Yummy Bites Eatery,9.3227848,123.302763,,Unknown,Unknown,unknown,unknown,candidate_unverified,unknown,High,,1,"[{""evidence_role"":""restroom_acquisition"",""source_link_id"":""node/2953702370"",""source_type"":""OSM""}]",node,2953702370,,candidate_without_verified_bidet_match,,,2019-08-02T03:28:46Z,
buttler_loc_582f99fcf5df45c44d59,Chu Segura Dental Clinic,9.3110004,123.3047033,Jose Pro Teves Street,Unknown,Unknown,unknown,unknown,candidate_unverified,unknown,Medium,,1,"[{""evidence_role"":""restroom_acquisition"",""source_link_id"":""node/2956655637"",""source_type"":""OSM""}]",node,2956655637,,candidate_without_verified_bidet_match,,,2021-12-14T00:25:01Z,
buttler_loc_42b6f0da3599a3411ef5,Cafe Laguna,9.3080109,123.3082099,San Jose Street,Unknown,Unknown,unknown,unknown,candidate_unverified,unknown,Medium,,1,"[{""evidence_role"":""restroom_acquisition"",""source_link_id"":""node/3479048935"",""source_type"":""OSM""}]",node,3479048935,,candidate_without_verified_bidet_match,,,2025-02-14T12:45:46Z,
buttler_loc_c26dd0c493dc84d87a1c,Cafe Oppa,9.3086623,123.3089701,,Unknown,Unknown,unknown,unknown,candidate_unverified,unknown,Medium,,1,"[{""evidence_role"":""restroom_acquisition"",""source_link_id"":""node/3492623180"",""source_type"":""OSM""}]",node,3492623180,,candidate_without_verified_bidet_match,,,2025-03-08T01:48:37Z,
buttler_loc_1c2bc33a7b97e08ed731,Mifune,9.3083012,123.3088536,Santa Catalina Street,Unknown,Unknown,unknown,unknown,candidate_unverified,unknown,High,,1,"[{""evidence_role"":""restroom_acquisition"",""source_link_id"":""node/3492623219"",""source_type"":""OSM""}]",node,3492623219,,candidate_without_verified_bidet_match,,,2025-04-08T09:14:51Z,
buttler_loc_f42003e6e1a5e2caa7de,Cafe Filomena,9.3064718,123.3099897,,Unknown,Unknown,unknown,unknown,candidate_unverified,unknown,High,,1,"[{""evidence_role"":""restroom_acquisition"",""source_link_id"":""node/3500824703"",""source_type"":""OSM""}]",node,3500824703,,candidate_without_verified_bidet_match,,,2025-02-26T06:31:34Z,
buttler_loc_a7d2a965f2295a70d824,El Amigo Resto Bar,9.31036,123.3086491,,Unknown,Unknown,unknown,unknown,candidate_unverified,unknown,High,,1,"[{""evidence_role"":""restroom_acquisition"",""source_link_id"":""node/3702521725"",""source_type"":""OSM""}]",node,3702521725,,candidate_without_verified_bidet_match,,,2025-03-08T10:53:38Z,
buttler_loc_5ac179da166afbafed74,Negros Oriental Hotel,9.3126119,123.3003785,Kagawasan Avenue,Unknown,Unknown,unknown,unknown,candidate_unverified,unknown,High,,1,"[{""evidence_role"":""restroom_acquisition"",""source_link_id"":""node/3707395412"",""source_type"":""OSM""}]",node,3707395412,,candidate_without_verified_bidet_match,,,2025-04-04T08:03:38Z,
buttler_loc_927189894f0082c0832c,Blue Dream Pension Haus,9.2823086,123.2972098,,Unknown,Unknown,unknown,unknown,candidate_unverified,unknown,High,,1,"[{""evidence_role"":""restroom_acquisition"",""source_link_id"":""node/3707422534"",""source_type"":""OSM""}]",node,3707422534,,candidate_without_verified_bidet_match,,,2015-08-21T23:24:25Z,
buttler_loc_80c45ae4f57747da7004,Alviola's Painitan,9.305786,123.306402,,Unknown,Unknown,unknown,unknown,candidate_unverified,unknown,Medium,,1,"[{""evidence_role"":""restroom_acquisition"",""source_link_id"":""node/3707448309"",""source_type"":""OSM""}]",node,3707448309,,candidate_without_verified_bidet_match,,,2025-03-08T01:45:52Z,
buttler_loc_2120d06b29bf7e06ac52,Kusina sa Masa,9.3109327,123.2776365,,Unknown,Unknown,unknown,unknown,candidate_unverified,unknown,High,,1,"[{""evidence_role"":""restroom_acquisition"",""source_link_id"":""node/3707448310"",""source_type"":""OSM""}]",node,3707448310,,candidate_without_verified_bidet_match,,,2019-08-16T12:23:09Z,
buttler_loc_5a751b0b49f4acfab109,INO J Enterprises,9.3126197,123.2662772,Dumaguete - Palinpinon Road,Unknown,Unknown,unknown,unknown,candidate_unverified,unknown,Medium,,1,"[{""evidence_role"":""restroom_acquisition"",""source_link_id"":""node/3707448311"",""source_type"":""OSM""}]",node,3707448311,,candidate_without_verified_bidet_match,,,2025-04-04T04:52:15Z,
buttler_loc_e88543a4dd044bd23559,Conchita Store,9.3135061,123.2560719,,Unknown,Unknown,unknown,unknown,candidate_unverified,unknown,Medium,,1,"[{""evidence_role"":""restroom_acquisition"",""source_link_id"":""node/3707449593"",""source_type"":""OSM""}]",node,3707449593,,candidate_without_verified_bidet_match,,,2015-08-21T03:30:01Z,
buttler_loc_71f9e7dc3477c7230057,FT Store,9.3256509,123.2953873,,Unknown,Unknown,unknown,unknown,candidate_unverified,unknown,Medium,,1,"[{""evidence_role"":""restroom_acquisition"",""source_link_id"":""node/3707449597"",""source_type"":""OSM""}]",node,3707449597,,candidate_without_verified_bidet_match,,,2015-08-21T03:30:09Z,
buttler_loc_a1a9e48f32ba59f5b7ae,Golden Inn Pension House,9.302241,123.2901923,,Unknown,Unknown,unknown,unknown,candidate_unverified,unknown,High,,1,"[{""evidence_role"":""restroom_acquisition"",""source_link_id"":""node/3707450390"",""source_type"":""OSM""}]",node,3707450390,,candidate_without_verified_bidet_match,,,2025-07-01T12:43:27Z,
buttler_loc_f4ff8876507825812b4b,"big boys liquor, taco tayo",9.2899462,123.2964247,,Unknown,Unknown,unknown,unknown,candidate_unverified,unknown,Medium,,1,"[{""evidence_role"":""restroom_acquisition"",""source_link_id"":""node/3707450536"",""source_type"":""OSM""}]",node,3707450536,,candidate_without_verified_bidet_match,,,2015-08-21T04:09:40Z,
buttler_loc_0d0a491af7b69f861035,Tiptop Hotel,9.2970575,123.3012036,,Unknown,Unknown,unknown,unknown,candidate_unverified,unknown,High,,1,"[{""evidence_role"":""restroom_acquisition"",""source_link_id"":""node/3707450537"",""source_type"":""OSM""}]",node,3707450537,,candidate_without_verified_bidet_match,,,2015-08-21T23:19:00Z,
buttler_loc_613f625ff5c50443100f,Coastal Inn,9.3149267,123.31049,Flores Avenue,Unknown,Unknown,unknown,unknown,candidate_unverified,unknown,High,,1,"[{""evidence_role"":""restroom_acquisition"",""source_link_id"":""node/3707450552"",""source_type"":""OSM""}]",node,3707450552,,candidate_without_verified_bidet_match,,,2025-04-26T08:16:54Z,
buttler_loc_6b76055fc2f36dcbd825,Designing Ur Smile,9.3154333,123.3108717,,Unknown,Unknown,unknown,unknown,candidate_unverified,unknown,Medium,,1,"[{""evidence_role"":""restroom_acquisition"",""source_link_id"":""node/3707450554"",""source_type"":""OSM""}]",node,3707450554,,candidate_without_verified_bidet_match,,,2022-05-16T20:25:59Z,
buttler_loc_4979894bb213ee91cf32,J&J Hotelier,9.3134664,123.3096273,"Flores Avenue, Dumaguete",Unknown,Unknown,unknown,unknown,candidate_unverified,unknown,High,,1,"[{""evidence_role"":""restroom_acquisition"",""source_link_id"":""node/3707450767"",""source_type"":""OSM""}]",node,3707450767,,candidate_without_verified_bidet_match,,,2025-04-09T02:37:16Z,
buttler_loc_1545a0085bb6efc71b71,Ang Barko Pension House,9.3140295,123.3097549,,Unknown,Unknown,unknown,unknown,candidate_unverified,unknown,High,,1,"[{""evidence_role"":""restroom_acquisition"",""source_link_id"":""node/3707450769"",""source_type"":""OSM""}]",node,3707450769,,candidate_without_verified_bidet_match,,,2025-05-15T23:33:38Z,
buttler_loc_b0a4a8a0ac45c9443461,College of Agriculture,9.3314653,123.3071261,,Unknown,Unknown,unknown,unknown,candidate_unverified,unknown,High,,1,"[{""evidence_role"":""restroom_acquisition"",""source_link_id"":""node/3707450779"",""source_type"":""OSM""}]",node,3707450779,,candidate_without_verified_bidet_match,,,2025-12-31T04:01:22Z,
buttler_loc_833e580075931b5df6a5,Bolmon Pension,9.3316876,123.3040223,,Unknown,Unknown,unknown,unknown,candidate_unverified,unknown,High,,1,"[{""evidence_role"":""restroom_acquisition"",""source_link_id"":""node/3707450782"",""source_type"":""OSM""}]",node,3707450782,,candidate_without_verified_bidet_match,,,2025-05-22T08:21:40Z,
buttler_loc_84b9a3bca7a186977bc2,Mae's Mart,9.33147,123.30473,,Unknown,Unknown,unknown,unknown,candidate_unverified,unknown,Medium,,1,"[{""evidence_role"":""restroom_acquisition"",""source_link_id"":""node/3707450783"",""source_type"":""OSM""}]",node,3707450783,,candidate_without_verified_bidet_match,,,2015-08-22T10:08:04Z,
buttler_loc_6d188633a4330baeaeea,Rice Box,9.3195468,123.3073793,,Unknown,Unknown,unknown,unknown,candidate_unverified,unknown,High,,1,"[{""evidence_role"":""restroom_acquisition"",""source_link_id"":""node/3707450787"",""source_type"":""OSM""}]",node,3707450787,,candidate_without_verified_bidet_match,,,2025-06-19T09:06:21Z,
buttler_loc_94cd609fdcbde6bac3b9,Unnamed public toilet,9.3128055,123.3094995,,Yes,Unknown,public,unknown,osm_explicit,unknown,,,1,"[{""evidence_role"":""restroom_acquisition"",""source_link_id"":""node/3707451304"",""source_type"":""OSM""}]",node,3707451304,,restroom_without_verified_bidet_match,,,2024-12-02T02:43:45Z,
buttler_loc_fd95e7cdda13576ac8e0,Mama Ning's Store,9.3212189,123.3069967,,Unknown,Unknown,unknown,unknown,candidate_unverified,unknown,Medium,,1,"[{""evidence_role"":""restroom_acquisition"",""source_link_id"":""node/3707452026"",""source_type"":""OSM""}]",node,3707452026,,candidate_without_verified_bidet_match,,,2025-03-08T01:41:02Z,
buttler_loc_993b6e18d03abf4bf76b,"Pamela""s Pension House",9.3171866,123.3073244,,Unknown,Unknown,unknown,unknown,candidate_unverified,unknown,High,,1,"[{""evidence_role"":""restroom_acquisition"",""source_link_id"":""node/3707452028"",""source_type"":""OSM""}]",node,3707452028,,candidate_without_verified_bidet_match,,,2025-07-16T12:20:31Z,
buttler_loc_e53567f339b4aa26e8bd,Massive Munchies,9.3070688,123.3088719,,Unknown,Unknown,unknown,unknown,candidate_unverified,unknown,High,,1,"[{""evidence_role"":""restroom_acquisition"",""source_link_id"":""node/3707452847"",""source_type"":""OSM""}]",node,3707452847,,candidate_without_verified_bidet_match,,,2015-08-24T03:33:43Z,
buttler_loc_47cd354b1ed7290565b4,98 Cuisine,9.306408,123.2990766,,Unknown,Unknown,unknown,unknown,candidate_unverified,unknown,High,,1,"[{""evidence_role"":""restroom_acquisition"",""source_link_id"":""node/3707452926"",""source_type"":""OSM""}]",node,3707452926,,candidate_without_verified_bidet_match,,,2015-08-22T10:08:08Z,
buttler_loc_d9cfeb2b9e5efa74c32b,7-Eleven,9.3045331,123.3076776,Senator Lorenzo G. Teves Street,Unknown,Unknown,unknown,unknown,candidate_unverified,unknown,Medium,,1,"[{""evidence_role"":""restroom_acquisition"",""source_link_id"":""node/3707452928"",""source_type"":""OSM""}]",node,3707452928,,candidate_without_verified_bidet_match,,,2022-10-30T15:06:32Z,
buttler_loc_e02c427608dc34c64586,Mom's Medical Clinical Laboratory,9.3041816,123.3084376,Acias Pinili Street,Unknown,Unknown,unknown,unknown,candidate_unverified,unknown,Medium,,1,"[{""evidence_role"":""restroom_acquisition"",""source_link_id"":""node/3707452929"",""source_type"":""OSM""}]",node,3707452929,,candidate_without_verified_bidet_match,,,2023-11-27T04:58:53Z,
buttler_loc_c7ad80facca92376db1e,Foodnet Restaurant,9.3012316,123.3077542,Governor M. F. Perdices Street,Unknown,Unknown,unknown,unknown,candidate_unverified,unknown,High,,1,"[{""evidence_role"":""restroom_acquisition"",""source_link_id"":""node/3707452930"",""source_type"":""OSM""}]",node,3707452930,,candidate_without_verified_bidet_match,,,2025-04-08T08:01:41Z,
buttler_loc_686d3b5b4eff32684c9e,Foodnet Restobar,9.3014446,123.3043958,,Unknown,Unknown,unknown,unknown,candidate_unverified,unknown,Medium,,1,"[{""evidence_role"":""restroom_acquisition"",""source_link_id"":""node/3707452932"",""source_type"":""OSM""}]",node,3707452932,,candidate_without_verified_bidet_match,,,2015-08-22T10:08:02Z,
buttler_loc_3b77b0b96d3eb727a4f4,Mels Cafe,9.3072464,123.3087959,,Unknown,Unknown,unknown,unknown,candidate_unverified,unknown,Medium,,1,"[{""evidence_role"":""restroom_acquisition"",""source_link_id"":""node/3707452935"",""source_type"":""OSM""}]",node,3707452935,,candidate_without_verified_bidet_match,,,2015-08-21T03:42:34Z,
buttler_loc_8a4718acc788221837c6,Uncle John's,9.300545,123.2947261,,Unknown,Unknown,unknown,unknown,candidate_unverified,unknown,Medium,,1,"[{""evidence_role"":""restroom_acquisition"",""source_link_id"":""node/3707637456"",""source_type"":""OSM""}]",node,3707637456,,candidate_without_verified_bidet_match,,,2023-09-22T08:49:43Z,
buttler_loc_c202551be79a502ca5df,CH-5 Eatery,9.3132458,123.3093667,"Flores Avenue, Dumaguete",Unknown,Unknown,unknown,unknown,candidate_unverified,unknown,High,,1,"[{""evidence_role"":""restroom_acquisition"",""source_link_id"":""node/3707834382"",""source_type"":""OSM""}]",node,3707834382,,candidate_without_verified_bidet_match,,,2025-04-09T02:37:16Z,
buttler_loc_0c6c1b838ecf816a4f2c,Lurbelle_88 Internet Cafe,9.3062917,123.299293,"500 Doctor Miciano Road, Dumaguete",Unknown,Unknown,unknown,unknown,candidate_unverified,unknown,Medium,,1,"[{""evidence_role"":""restroom_acquisition"",""source_link_id"":""node/3708812575"",""source_type"":""OSM""}]",node,3708812575,,candidate_without_verified_bidet_match,,,2025-04-04T06:20:10Z,
buttler_loc_72311b957813c184d1fd,Talay Health Center,9.2917988,123.2716038,,Unknown,Unknown,unknown,unknown,candidate_unverified,unknown,Medium,,1,"[{""evidence_role"":""restroom_acquisition"",""source_link_id"":""node/3708907925"",""source_type"":""OSM""}]",node,3708907925,,candidate_without_verified_bidet_match,,,2015-08-24T03:57:47Z,
buttler_loc_5d924668c523392d1791,Royal Lodge Travelers,9.3128599,123.309188,,Unknown,Unknown,unknown,unknown,candidate_unverified,unknown,High,,1,"[{""evidence_role"":""restroom_acquisition"",""source_link_id"":""node/3710072316"",""source_type"":""OSM""}]",node,3710072316,,candidate_without_verified_bidet_match,,,2025-05-16T09:39:21Z,
buttler_loc_1711010289682037e6a9,Tocino Country,9.3130023,123.3096389,,Unknown,Unknown,unknown,unknown,candidate_unverified,unknown,High,,1,"[{""evidence_role"":""restroom_acquisition"",""source_link_id"":""node/3710072318"",""source_type"":""OSM""}]",node,3710072318,,candidate_without_verified_bidet_match,,,2015-08-23T03:00:08Z,
buttler_loc_3c72b8fd5f2fafb1feac,Spice Eat,9.3085285,123.308872,"Santa Catalina Street, Dumaguete",Unknown,Unknown,unknown,unknown,candidate_unverified,unknown,High,,1,"[{""evidence_role"":""restroom_acquisition"",""source_link_id"":""node/3710096766"",""source_type"":""OSM""}]",node,3710096766,,candidate_without_verified_bidet_match,,,2025-02-13T01:16:52Z,
buttler_loc_99a1b94af3390d38fbb6,Citi Mart,9.3043971,123.3086524,,Unknown,Unknown,unknown,unknown,candidate_unverified,unknown,Medium,,1,"[{""evidence_role"":""restroom_acquisition"",""source_link_id"":""node/3710343714"",""source_type"":""OSM""}]",node,3710343714,,candidate_without_verified_bidet_match,,,2015-08-23T10:27:26Z,
buttler_loc_379e80f6566f4427017e,Lechon Manok ni Sr. Pedro,9.3046409,123.3083075,,Unknown,Unknown,unknown,unknown,candidate_unverified,unknown,High,,1,"[{""evidence_role"":""restroom_acquisition"",""source_link_id"":""node/3710343715"",""source_type"":""OSM""}]",node,3710343715,,candidate_without_verified_bidet_match,,,2022-10-30T15:06:32Z,
buttler_loc_e7ba38c48640c9fc5897,Unnamed venue,9.3164762,123.3073655,,Unknown,Unknown,unknown,unknown,candidate_unverified,unknown,High,,1,"[{""evidence_role"":""restroom_acquisition"",""source_link_id"":""node/3710505409"",""source_type"":""OSM""}]",node,3710505409,,candidate_without_verified_bidet_match,,,2025-05-15T00:11:14Z,
buttler_loc_403838d24b6dfad48d27,7-Eleven,9.3006883,123.2974663,,Unknown,Unknown,unknown,unknown,candidate_unverified,unknown,Medium,,1,"[{""evidence_role"":""restroom_acquisition"",""source_link_id"":""node/3711154582"",""source_type"":""OSM""}]",node,3711154582,,candidate_without_verified_bidet_match,,,2023-12-26T07:27:34Z,
buttler_loc_758bef101152ba384ad0,Bob Cha,9.3166835,123.3068693,,Unknown,Unknown,unknown,unknown,candidate_unverified,unknown,High,,1,"[{""evidence_role"":""restroom_acquisition"",""source_link_id"":""node/3711254325"",""source_type"":""OSM""}]",node,3711254325,,candidate_without_verified_bidet_match,,,2015-08-24T00:48:40Z,
buttler_loc_b758a8dc453667cb1bf5,RJ-Ryan Sari-Sari Store,9.3286908,123.2863509,,Unknown,Unknown,unknown,unknown,candidate_unverified,unknown,Medium,,1,"[{""evidence_role"":""restroom_acquisition"",""source_link_id"":""node/3711326723"",""source_type"":""OSM""}]",node,3711326723,,candidate_without_verified_bidet_match,,,2015-08-24T03:57:12Z,
buttler_loc_747e27f2cc4417e3c839,Sr. Pedro,9.3164558,123.3020482,Veterans Avenue,Unknown,Unknown,unknown,unknown,candidate_unverified,unknown,High,,1,"[{""evidence_role"":""restroom_acquisition"",""source_link_id"":""node/3711334582"",""source_type"":""OSM""}]",node,3711334582,,candidate_without_verified_bidet_match,,,2025-04-04T08:00:50Z,
buttler_loc_f55c87b443e65014b459,Princess Abigail Store,9.2916465,123.269398,,Unknown,Unknown,unknown,unknown,candidate_unverified,unknown,High,,1,"[{""evidence_role"":""restroom_acquisition"",""source_link_id"":""node/3711337941"",""source_type"":""OSM""}]",node,3711337941,,candidate_without_verified_bidet_match,,,2015-08-24T03:53:21Z,
buttler_loc_84ace640739d61be5d3c,Ciao Bella Resto Bar,9.3214581,123.3087415,,Unknown,Unknown,unknown,unknown,candidate_unverified,unknown,High,,1,"[{""evidence_role"":""restroom_acquisition"",""source_link_id"":""node/3731490857"",""source_type"":""OSM""}]",node,3731490857,,candidate_without_verified_bidet_match,,,2025-02-19T04:44:41Z,
buttler_loc_044c91085c168d7af788,Kennel,9.3059078,123.3002126,,Unknown,Unknown,unknown,unknown,candidate_unverified,unknown,High,,1,"[{""evidence_role"":""restroom_acquisition"",""source_link_id"":""node/3746650188"",""source_type"":""OSM""}]",node,3746650188,,candidate_without_verified_bidet_match,,,2019-07-26T04:37:37Z,
buttler_loc_3fd81e769f79b40c595b,Unnamed venue,9.3063245,123.2997677,Doctor Miciano Road,Unknown,Unknown,unknown,unknown,candidate_unverified,unknown,High,,1,"[{""evidence_role"":""restroom_acquisition"",""source_link_id"":""node/3809486171"",""source_type"":""OSM""}]",node,3809486171,,candidate_without_verified_bidet_match,,,2025-04-04T06:20:10Z,
buttler_loc_010a2aae43d94f085a86,Myprime Internet Cafe,9.3082101,123.3072054,,Unknown,Unknown,unknown,unknown,candidate_unverified,unknown,Medium,,1,"[{""evidence_role"":""restroom_acquisition"",""source_link_id"":""node/3830163489"",""source_type"":""OSM""}]",node,3830163489,,candidate_without_verified_bidet_match,,,2015-11-11T02:44:36Z,
buttler_loc_c0cdf3fe3120643403b6,Prime Bar & Nightclub,9.3084994,123.3092121,"Noblefranca, Dumaguete",Unknown,Unknown,unknown,unknown,candidate_unverified,unknown,Medium,,1,"[{""evidence_role"":""restroom_acquisition"",""source_link_id"":""node/3944617673"",""source_type"":""OSM""}]",node,3944617673,,candidate_without_verified_bidet_match,,,2025-03-04T01:42:43Z,
buttler_loc_bb2602cbfa61db1b636e,Unnamed venue,9.2919632,123.2979258,,Unknown,Unknown,unknown,unknown,candidate_unverified,unknown,High,,1,"[{""evidence_role"":""restroom_acquisition"",""source_link_id"":""node/3956499565"",""source_type"":""OSM""}]",node,3956499565,,candidate_without_verified_bidet_match,,,2025-02-19T12:07:13Z,
buttler_loc_3b5bf72f88189ee17f29,Gabby's Bistro,9.3076541,123.3096396,"Rizal Boulevard, Poblacion 4, Dumaguete City",Unknown,Unknown,unknown,unknown,candidate_unverified,unknown,High,Paseo Perdices,1,"[{""evidence_role"":""restroom_acquisition"",""source_link_id"":""node/3993639368"",""source_type"":""OSM""}]",node,3993639368,,candidate_without_verified_bidet_match,,,2026-03-19T04:28:27Z,
buttler_loc_c102c65d678b754157b5,Infinitea,9.3077528,123.309631,"Rizal Boulevard, Poblacion 4, Dumaguete City",Unknown,Unknown,unknown,unknown,candidate_unverified,unknown,Medium,Paseo Perdices,1,"[{""evidence_role"":""restroom_acquisition"",""source_link_id"":""node/3993639369"",""source_type"":""OSM""}]",node,3993639369,,candidate_without_verified_bidet_match,,,2025-11-03T10:28:22Z,
buttler_loc_fd47b3fd9713329eb771,Yellow Cab,9.3077941,123.3096274,"Rizal Boulevard, Poblacion 4, Dumaguete City",Unknown,Unknown,unknown,unknown,candidate_unverified,unknown,High,Paseo Perdices,1,"[{""evidence_role"":""restroom_acquisition"",""source_link_id"":""node/3993639370"",""source_type"":""OSM""}]",node,3993639370,,candidate_without_verified_bidet_match,,,2025-11-03T10:28:22Z,
buttler_loc_de6ab3ce2e9da2bab0b1,Max's Restaurant,9.3077035,123.3096353,"Rizal Boulevard, Poblacion 4, Dumaguete City",Unknown,Unknown,unknown,unknown,candidate_unverified,unknown,High,Paseo Perdices,1,"[{""evidence_role"":""restroom_acquisition"",""source_link_id"":""node/3993639371"",""source_type"":""OSM""}]",node,3993639371,,candidate_without_verified_bidet_match,,,2025-11-03T10:28:22Z,
buttler_loc_224ec4acbe4b0b9f8d7c,Terminal Dauin,9.3046862,123.3075695,,Unknown,Unknown,unknown,unknown,candidate_unverified,unknown,Medium,,1,"[{""evidence_role"":""restroom_acquisition"",""source_link_id"":""node/4150134889"",""source_type"":""OSM""}]",node,4150134889,,candidate_without_verified_bidet_match,,,2016-04-26T23:19:50Z,
buttler_loc_c746d5dcc5dd6ff9da30,Streetside,9.3167923,123.3018696,Veterans Avenue,Unknown,Unknown,unknown,unknown,candidate_unverified,unknown,Medium,,1,"[{""evidence_role"":""restroom_acquisition"",""source_link_id"":""node/4173785489"",""source_type"":""OSM""}]",node,4173785489,,candidate_without_verified_bidet_match,,,2025-04-04T08:00:50Z,
buttler_loc_4c1f58f74fd16d95236e,Avenue Park Hotel,9.3088634,123.3074206,"Governor M. F. Perdices Street, Dumaguete",Unknown,Unknown,unknown,unknown,candidate_unverified,unknown,High,,1,"[{""evidence_role"":""restroom_acquisition"",""source_link_id"":""node/4199763193"",""source_type"":""OSM""}]",node,4199763193,,candidate_without_verified_bidet_match,,,2025-02-22T03:28:13Z,
buttler_loc_e73258f68b9ef6c30afb,DND suites,9.3096493,123.3074884,,Unknown,Unknown,unknown,unknown,candidate_unverified,unknown,High,,1,"[{""evidence_role"":""restroom_acquisition"",""source_link_id"":""node/4199763292"",""source_type"":""OSM""}]",node,4199763292,,candidate_without_verified_bidet_match,,,2025-03-04T01:41:24Z,
buttler_loc_4a7782b4780e7bfd1ae2,RJ Mart,9.3068838,123.3072344,,Unknown,Unknown,unknown,unknown,candidate_unverified,unknown,Medium,,1,"[{""evidence_role"":""restroom_acquisition"",""source_link_id"":""node/4220779393"",""source_type"":""OSM""}]",node,4220779393,,candidate_without_verified_bidet_match,,,2016-06-02T04:02:40Z,
buttler_loc_b2c0dadc730fd49bc01f,Escarda's Grill Haus,9.3065076,123.3016809,Dr. Vicente Locsin Street,Unknown,Unknown,unknown,unknown,candidate_unverified,unknown,High,,1,"[{""evidence_role"":""restroom_acquisition"",""source_link_id"":""node/4231148890"",""source_type"":""OSM""}]",node,4231148890,,candidate_without_verified_bidet_match,,,2025-02-23T13:31:40Z,
buttler_loc_6f3dc5d6ef28acb7684d,Gourmet Cafe coffee shop,9.3066185,123.3023138,,Unknown,Unknown,unknown,unknown,candidate_unverified,unknown,Medium,,1,"[{""evidence_role"":""restroom_acquisition"",""source_link_id"":""node/4231148891"",""source_type"":""OSM""}]",node,4231148891,,candidate_without_verified_bidet_match,,,2019-08-06T07:21:36Z,
buttler_loc_db4892e205f58a7509f6,White Knight Dumaguete,9.3058604,123.3015216,Doctor Miciano Road,Unknown,Unknown,unknown,unknown,candidate_unverified,unknown,High,,1,"[{""evidence_role"":""restroom_acquisition"",""source_link_id"":""node/4359701889"",""source_type"":""OSM""}]",node,4359701889,,candidate_without_verified_bidet_match,,,2025-04-04T06:23:58Z,
buttler_loc_694662c12a40572bf995,Kikoy Paklay,9.3104795,123.2998723,Ciriaco Espina Street,Unknown,Unknown,unknown,unknown,candidate_unverified,unknown,High,,1,"[{""evidence_role"":""restroom_acquisition"",""source_link_id"":""node/4359702389"",""source_type"":""OSM""}]",node,4359702389,,candidate_without_verified_bidet_match,,,2025-03-11T07:28:33Z,
buttler_loc_1a03dc29775388c34239,Cafe Racer,9.3200848,123.312119,,Unknown,Unknown,unknown,unknown,candidate_unverified,unknown,High,,1,"[{""evidence_role"":""restroom_acquisition"",""source_link_id"":""node/4389095992"",""source_type"":""OSM""}]",node,4389095992,,candidate_without_verified_bidet_match,,,2026-05-01T05:54:17Z,
buttler_loc_83dd7a5882ef9d87b84d,Lantaw Restaurant,9.3213724,123.3121947,,Unknown,Unknown,unknown,unknown,candidate_unverified,unknown,High,,1,"[{""evidence_role"":""restroom_acquisition"",""source_link_id"":""node/4389101691"",""source_type"":""OSM""}]",node,4389101691,,candidate_without_verified_bidet_match,,,2025-02-14T12:36:14Z,
buttler_loc_14fb4bc3d5c8dac0e204,Arnok's Fried Chicken,9.3263147,123.297763,Veterans Avenue,Unknown,Unknown,unknown,unknown,candidate_unverified,unknown,High,,1,"[{""evidence_role"":""restroom_acquisition"",""source_link_id"":""node/4391798089"",""source_type"":""OSM""}]",node,4391798089,,candidate_without_verified_bidet_match,,,2025-04-09T04:25:06Z,
buttler_loc_4229a48371e3734c46b9,Optimum Pension House,9.314563,123.304063,"Mariño Compound, Capitol Area, Daro, Dumaguete City",Yes,Yes,public,no,field_verified_via_bidet_survey,field_verified,High,,2,"[{""evidence_role"":""restroom_acquisition"",""source_link_id"":""node/4393238689"",""source_type"":""OSM""},{""evidence_role"":""verified_bidet_and_restroom_presence"",""source_link_id"":""bidet_survey_f45a1dfdddaab4f330f6"",""source_type"":""field_survey_bidet_workbook""}]",node,4393238689,bidet_survey_f45a1dfdddaab4f330f6,auto_matched_high_confidence,high,Normalized names are exact and coordinates are 14.4 m apart.,2025-07-08T09:39:21Z,
buttler_loc_79e7e44fbc1f469b44ce,OK Pension House,9.3035632,123.3081378,Santa Rosa Street,Unknown,Unknown,unknown,unknown,candidate_unverified,unknown,High,,1,"[{""evidence_role"":""restroom_acquisition"",""source_link_id"":""node/4394564602"",""source_type"":""OSM""}]",node,4394564602,,candidate_without_verified_bidet_match,,,2025-04-08T08:52:24Z,
buttler_loc_6d129145283e57cd9eb2,La Fusion guest house,9.3229864,123.3048812,40 Route 7,Unknown,Unknown,unknown,unknown,candidate_unverified,unknown,High,,1,"[{""evidence_role"":""restroom_acquisition"",""source_link_id"":""node/4423486691"",""source_type"":""OSM""}]",node,4423486691,,candidate_without_verified_bidet_match,,,2025-04-09T03:11:43Z,
buttler_loc_7a7dc3588936c8128679,Bogart's,9.3089866,123.309436,,Unknown,Unknown,unknown,unknown,candidate_unverified,unknown,High,,1,"[{""evidence_role"":""restroom_acquisition"",""source_link_id"":""node/4426223895"",""source_type"":""OSM""}]",node,4426223895,,candidate_without_verified_bidet_match,,,2025-02-26T06:28:59Z,
buttler_loc_d52b125aaa2243b6d2c7,7-Eleven,9.3069424,123.3051022,,Unknown,Unknown,unknown,unknown,candidate_unverified,unknown,Medium,,1,"[{""evidence_role"":""restroom_acquisition"",""source_link_id"":""node/4433396791"",""source_type"":""OSM""}]",node,4433396791,,candidate_without_verified_bidet_match,,,2025-02-02T10:18:58Z,
buttler_loc_7e0015b221007495ff02,eatery,9.306449,123.3049168,,Unknown,Unknown,unknown,unknown,candidate_unverified,unknown,High,,1,"[{""evidence_role"":""restroom_acquisition"",""source_link_id"":""node/4433397595"",""source_type"":""OSM""}]",node,4433397595,,candidate_without_verified_bidet_match,,,2016-10-05T22:26:37Z,
buttler_loc_961e95d5cc312808f8be,Malaunay Jeep station,9.3057941,123.3044826,,Unknown,Unknown,unknown,unknown,candidate_unverified,unknown,High,,1,"[{""evidence_role"":""restroom_acquisition"",""source_link_id"":""node/4454730889"",""source_type"":""OSM""}]",node,4454730889,,candidate_without_verified_bidet_match,,,2025-03-16T06:04:15Z,
buttler_loc_8f5d6baed4b48bed931a,Senoritas Mexican Restaurant,9.2866468,123.2942239,,Unknown,Unknown,unknown,unknown,candidate_unverified,unknown,High,,1,"[{""evidence_role"":""restroom_acquisition"",""source_link_id"":""node/4472280293"",""source_type"":""OSM""}]",node,4472280293,,candidate_without_verified_bidet_match,,,2016-10-31T08:14:31Z,
buttler_loc_91694df24509dff4f421,Navarro's Apartment,9.3284458,123.29655,,Unknown,Unknown,unknown,unknown,candidate_unverified,unknown,High,,1,"[{""evidence_role"":""restroom_acquisition"",""source_link_id"":""node/4543749791"",""source_type"":""OSM""}]",node,4543749791,,candidate_without_verified_bidet_match,,,2016-12-07T20:59:55Z,
buttler_loc_0f6759d8ba62b3d78cf8,Sibulan Jeepney Terminal,9.3062502,123.3058714,,Unknown,Unknown,unknown,unknown,candidate_unverified,unknown,High,,1,"[{""evidence_role"":""restroom_acquisition"",""source_link_id"":""node/4548668092"",""source_type"":""OSM""}]",node,4548668092,,candidate_without_verified_bidet_match,,,2022-10-30T15:06:32Z,
buttler_loc_012146c1e3d632322d52,Sweet Corner,9.2986479,123.3032798,,Unknown,Unknown,unknown,unknown,candidate_unverified,unknown,High,,1,"[{""evidence_role"":""restroom_acquisition"",""source_link_id"":""node/4552079522"",""source_type"":""OSM""}]",node,4552079522,,candidate_without_verified_bidet_match,,,2025-05-16T09:34:20Z,
buttler_loc_ae1aedfee630131551e2,Gie-Gies Sport Bar and Grill,9.2894695,123.2961265,,Unknown,Unknown,unknown,unknown,candidate_unverified,unknown,High,,1,"[{""evidence_role"":""restroom_acquisition"",""source_link_id"":""node/4552079527"",""source_type"":""OSM""}]",node,4552079527,,candidate_without_verified_bidet_match,,,2016-12-13T10:24:58Z,
buttler_loc_08b65e8b3b602bae6625,GAT Apartments,9.3195182,123.3078625,Amigo Street,Unknown,Unknown,unknown,unknown,candidate_unverified,unknown,High,,1,"[{""evidence_role"":""restroom_acquisition"",""source_link_id"":""node/4591929089"",""source_type"":""OSM""}]",node,4591929089,,candidate_without_verified_bidet_match,,,2025-04-09T03:01:50Z,
buttler_loc_9ad145ba4240f6830d97,Hermogina Apartments,9.2950867,123.3007667,,Unknown,Unknown,unknown,unknown,candidate_unverified,unknown,High,,1,"[{""evidence_role"":""restroom_acquisition"",""source_link_id"":""node/4607152593"",""source_type"":""OSM""}]",node,4607152593,,candidate_without_verified_bidet_match,,,2025-08-03T16:05:02Z,
buttler_loc_49033a7fc589ae24dd0c,Mediterranean Food Corner,9.3086487,123.3088482,4 Santa Catalina Street,Unknown,Unknown,unknown,unknown,candidate_unverified,unknown,High,,1,"[{""evidence_role"":""restroom_acquisition"",""source_link_id"":""node/4658939295"",""source_type"":""OSM""}]",node,4658939295,,candidate_without_verified_bidet_match,,,2025-04-08T09:14:51Z,
buttler_loc_33a500f1df81118abe6e,Dastraum Guesthaus,9.3091295,123.3024868,130 San Jose Extension,Unknown,Unknown,unknown,unknown,candidate_unverified,unknown,High,,1,"[{""evidence_role"":""restroom_acquisition"",""source_link_id"":""node/4664732692"",""source_type"":""OSM""}]",node,4664732692,,candidate_without_verified_bidet_match,,,2025-03-13T05:53:53Z,
buttler_loc_5412746d2150ac6c94a6,7-Eleven,9.3173222,123.3032966,"Doctor Venancio I. Aldecoa Sr. Drive, Dumaguete",Unknown,Unknown,unknown,unknown,candidate_unverified,unknown,Medium,,1,"[{""evidence_role"":""restroom_acquisition"",""source_link_id"":""node/4701518411"",""source_type"":""OSM""}]",node,4701518411,,candidate_without_verified_bidet_match,,,2026-01-20T01:12:27Z,
buttler_loc_d3cfd2431249d92cd936,Casa Luna,9.306102,123.3055694,,Unknown,Unknown,unknown,unknown,candidate_unverified,unknown,High,,1,"[{""evidence_role"":""restroom_acquisition"",""source_link_id"":""node/4726921492"",""source_type"":""OSM""}]",node,4726921492,,candidate_without_verified_bidet_match,,,2025-10-24T09:23:26Z,
buttler_loc_b0c3a0e2e624f6d6ecda,Mini Me,9.3063407,123.2976007,241 Larena Drive,Unknown,Unknown,unknown,unknown,candidate_unverified,unknown,Medium,,1,"[{""evidence_role"":""restroom_acquisition"",""source_link_id"":""node/4765952221"",""source_type"":""OSM""}]",node,4765952221,,candidate_without_verified_bidet_match,,,2025-04-04T06:22:04Z,
buttler_loc_d0af5d7f3e7644d1da5e,Gabby's Bed and Breakfast,9.317837,123.297172,"Claytown, Felomino Cimafranca, Dumaguete City",Yes,Yes,customers,no,field_verified_via_bidet_survey,field_verified,High,,2,"[{""evidence_role"":""restroom_acquisition"",""source_link_id"":""node/4776661321"",""source_type"":""OSM""},{""evidence_role"":""verified_bidet_and_restroom_presence"",""source_link_id"":""bidet_survey_11ff3da9db94ead0bd0a"",""source_type"":""field_survey_bidet_workbook""}]",node,4776661321,bidet_survey_11ff3da9db94ead0bd0a,auto_matched_high_confidence,high,Normalized names are exact and coordinates are 8.9 m apart.,2025-02-18T15:41:53Z,
buttler_loc_6059ff0c2cee68693fc6,AMA Computer College Dumaguete,9.3082608,123.3074878,"Governor M. F. Perdices Street, Dumaguete",Unknown,Unknown,unknown,unknown,candidate_unverified,unknown,High,,1,"[{""evidence_role"":""restroom_acquisition"",""source_link_id"":""node/4783008283"",""source_type"":""OSM""}]",node,4783008283,,candidate_without_verified_bidet_match,,,2025-02-22T03:28:13Z,
buttler_loc_e2543e46b7a0a5ed1a70,7-Eleven,9.2994333,123.3038799,"Governor Perdices Street, Dumaguete",Unknown,Unknown,unknown,unknown,candidate_unverified,unknown,Medium,Yala Building,1,"[{""evidence_role"":""restroom_acquisition"",""source_link_id"":""node/4833902822"",""source_type"":""OSM""}]",node,4833902822,,candidate_without_verified_bidet_match,,,2026-01-01T21:16:46Z,
buttler_loc_f14aff0b472d43e2af85,Tiki,9.3233668,123.3117969,"Flores Avenue Extension, Dumaguete",Unknown,Unknown,unknown,unknown,candidate_unverified,unknown,Medium,way/709635982,1,"[{""evidence_role"":""restroom_acquisition"",""source_link_id"":""node/4932420951"",""source_type"":""OSM""}]",node,4932420951,,candidate_without_verified_bidet_match,,,2025-03-09T07:40:13Z,
buttler_loc_02ae392803cd963cf0ed,Hayahay,9.3211623,123.3122785,,Unknown,Unknown,unknown,unknown,candidate_unverified,unknown,Medium,,1,"[{""evidence_role"":""restroom_acquisition"",""source_link_id"":""node/4932422884"",""source_type"":""OSM""}]",node,4932422884,,candidate_without_verified_bidet_match,,,2025-02-14T12:36:31Z,
buttler_loc_f730f519dca33279b56d,Mang Inasal,9.3233702,123.2985207,,Unknown,Unknown,unknown,unknown,candidate_unverified,unknown,High,,1,"[{""evidence_role"":""restroom_acquisition"",""source_link_id"":""node/5091422623"",""source_type"":""OSM""}]",node,5091422623,,candidate_without_verified_bidet_match,,,2025-03-06T06:34:48Z,
buttler_loc_c4b81a6f98ec02903364,Chowking,9.3234496,123.2985001,,Unknown,Unknown,unknown,unknown,candidate_unverified,unknown,High,,1,"[{""evidence_role"":""restroom_acquisition"",""source_link_id"":""node/5091422821"",""source_type"":""OSM""}]",node,5091422821,,candidate_without_verified_bidet_match,,,2025-03-06T06:34:40Z,
buttler_loc_a981c9d0047ed6a75bd6,Donie's foodhaus,9.2997437,123.3051939,Governor M. F. Perdices Street,Unknown,Unknown,unknown,unknown,candidate_unverified,unknown,High,,1,"[{""evidence_role"":""restroom_acquisition"",""source_link_id"":""node/5135842122"",""source_type"":""OSM""}]",node,5135842122,,candidate_without_verified_bidet_match,,,2025-02-19T22:01:28Z,
buttler_loc_0508027bd26afbcbdef8,Ong Dental Clinic,9.3035576,123.3053041,Santa Rosa Street,Unknown,Unknown,unknown,unknown,candidate_unverified,unknown,Medium,,1,"[{""evidence_role"":""restroom_acquisition"",""source_link_id"":""node/5137345826"",""source_type"":""OSM""}]",node,5137345826,,candidate_without_verified_bidet_match,,,2025-04-08T08:06:01Z,
buttler_loc_92b7cb3d1bd136145a78,Islands Leisure Boutique Hotel & Spa,9.3252314,123.3070563,Hibbard Avenue,Unknown,Unknown,unknown,unknown,candidate_unverified,unknown,High,,1,"[{""evidence_role"":""restroom_acquisition"",""source_link_id"":""node/5259032921"",""source_type"":""OSM""}]",node,5259032921,,candidate_without_verified_bidet_match,,,2025-05-22T23:51:00Z,
buttler_loc_e06f34259fc32a71cf66,J and N Eatery,9.3119609,123.309377,,Unknown,Unknown,unknown,unknown,candidate_unverified,unknown,High,,1,"[{""evidence_role"":""restroom_acquisition"",""source_link_id"":""node/5281585521"",""source_type"":""OSM""}]",node,5281585521,,candidate_without_verified_bidet_match,,,2025-03-03T04:26:03Z,
buttler_loc_dfdb785b6cdf15624e33,Institute of Environmental & Marine Sciences,9.3311395,123.3092643,,Unknown,Unknown,unknown,unknown,candidate_unverified,unknown,High,,1,"[{""evidence_role"":""restroom_acquisition"",""source_link_id"":""node/5423649359"",""source_type"":""OSM""}]",node,5423649359,,candidate_without_verified_bidet_match,,,2025-12-31T04:01:22Z,
buttler_loc_938144d335f9a59caf14,Adamo,9.3178408,123.3017687,,Unknown,Unknown,unknown,unknown,candidate_unverified,unknown,High,,1,"[{""evidence_role"":""restroom_acquisition"",""source_link_id"":""node/5459329521"",""source_type"":""OSM""}]",node,5459329521,,candidate_without_verified_bidet_match,,,2025-02-26T11:35:23Z,
buttler_loc_a29bb72bcddd91c65193,Kapitan's Kebab,9.3082126,123.3081014,6 San Jose Street,Unknown,Unknown,unknown,unknown,candidate_unverified,unknown,High,,1,"[{""evidence_role"":""restroom_acquisition"",""source_link_id"":""node/5468456921"",""source_type"":""OSM""}]",node,5468456921,,candidate_without_verified_bidet_match,,,2023-11-27T04:58:53Z,
buttler_loc_0b27380252ff876172b8,Fmidc hub,9.289982,123.3007492,,Unknown,Unknown,unknown,unknown,candidate_unverified,unknown,High,,1,"[{""evidence_role"":""restroom_acquisition"",""source_link_id"":""node/5474394222"",""source_type"":""OSM""}]",node,5474394222,,candidate_without_verified_bidet_match,,,2025-10-26T04:51:07Z,
buttler_loc_c51a8a2e14929a670455,FiveTans,9.2985785,123.2994997,,Unknown,Unknown,unknown,unknown,candidate_unverified,unknown,High,,1,"[{""evidence_role"":""restroom_acquisition"",""source_link_id"":""node/5483220123"",""source_type"":""OSM""}]",node,5483220123,,candidate_without_verified_bidet_match,,,2025-05-16T09:36:36Z,
buttler_loc_41c4e8a06a9b8ff34e34,B.S. Trading,9.3064006,123.3067019,Bishop Epifanio B. Surban Street,Unknown,Unknown,unknown,unknown,candidate_unverified,unknown,Medium,,1,"[{""evidence_role"":""restroom_acquisition"",""source_link_id"":""node/5483229721"",""source_type"":""OSM""}]",node,5483229721,,candidate_without_verified_bidet_match,,,2018-03-18T07:40:02Z,
buttler_loc_0ea2a2066d3ff2803719,ND Lodge,9.3173558,123.3073405,Hibbard Avenue,Unknown,Unknown,unknown,unknown,candidate_unverified,unknown,High,,1,"[{""evidence_role"":""restroom_acquisition"",""source_link_id"":""node/5540660521"",""source_type"":""OSM""}]",node,5540660521,,candidate_without_verified_bidet_match,,,2025-05-09T14:30:03Z,
buttler_loc_ef6c15cc1716b04a905f,7-Eleven,9.310463,123.3076825,,Unknown,Unknown,unknown,unknown,candidate_unverified,unknown,Medium,,1,"[{""evidence_role"":""restroom_acquisition"",""source_link_id"":""node/5542614024"",""source_type"":""OSM""}]",node,5542614024,,candidate_without_verified_bidet_match,,,2022-05-16T20:25:59Z,
buttler_loc_13afdf47189cae64b91b,Sola Guesthouse,9.3257,123.30685,"Hibbard Ave., Dumaguete City",Yes,Yes,public,no,field_verified_via_bidet_survey,field_verified,High,,2,"[{""evidence_role"":""restroom_acquisition"",""source_link_id"":""node/5543987721"",""source_type"":""OSM""},{""evidence_role"":""verified_bidet_and_restroom_presence"",""source_link_id"":""bidet_survey_48cf6b172e71255d0687"",""source_type"":""field_survey_bidet_workbook""}]",node,5543987721,bidet_survey_48cf6b172e71255d0687,auto_matched_high_confidence,high,Venue names have strong containment/identity agreement and coordinates are 4.2 m apart.,2025-06-24T13:11:49Z,
buttler_loc_7f776d38356b4fe9122e,Pika-Chu Office and Supplies Trading,9.3102003,123.3070479,,Unknown,Unknown,unknown,unknown,candidate_unverified,unknown,Medium,,1,"[{""evidence_role"":""restroom_acquisition"",""source_link_id"":""node/5634862021"",""source_type"":""OSM""}]",node,5634862021,,candidate_without_verified_bidet_match,,,2025-02-21T05:35:21Z,
buttler_loc_7ec74e2e2d93dd9c292d,Blue Pearl,9.3187608,123.3072651,Hibbard Avenue,Unknown,Unknown,unknown,unknown,candidate_unverified,unknown,High,,1,"[{""evidence_role"":""restroom_acquisition"",""source_link_id"":""node/5662296122"",""source_type"":""OSM""}]",node,5662296122,,candidate_without_verified_bidet_match,,,2025-04-09T02:55:24Z,
buttler_loc_9a3e7187640befa20f4a,Jarison Pension House,9.2999185,123.3054059,,Unknown,Unknown,unknown,unknown,candidate_unverified,unknown,High,,1,"[{""evidence_role"":""restroom_acquisition"",""source_link_id"":""node/5728701723"",""source_type"":""OSM""}]",node,5728701723,,candidate_without_verified_bidet_match,,,2025-08-07T14:50:51Z,
buttler_loc_a18438e80aa556de4c63,Rollin' Pin,9.31192,123.30793,"24 Katada Street, Dumaguete City",Yes,Yes,customers,no,field_verified_via_bidet_survey,field_verified,Medium,,2,"[{""evidence_role"":""restroom_acquisition"",""source_link_id"":""node/5870283971"",""source_type"":""OSM""},{""evidence_role"":""verified_bidet_and_restroom_presence"",""source_link_id"":""bidet_survey_0a607ec16484d6c76ead"",""source_type"":""field_survey_bidet_workbook""}]",node,5870283971,bidet_survey_0a607ec16484d6c76ead,auto_matched_high_confidence,high,Venue names have strong containment/identity agreement and coordinates are 9.1 m apart.,2026-03-19T04:28:27Z,
buttler_loc_40923490d0f9ed709606,Montenegro new staff house,9.3093986,123.2969098,,Unknown,Unknown,unknown,unknown,candidate_unverified,unknown,High,,1,"[{""evidence_role"":""restroom_acquisition"",""source_link_id"":""node/6074222085"",""source_type"":""OSM""}]",node,6074222085,,candidate_without_verified_bidet_match,,,2025-05-25T01:50:24Z,
buttler_loc_0a951925453af66cb28f,Robinsons Department Store,9.2985869,123.303855,Dumaguete,Yes,Unknown,unknown,unknown,osm_explicit,unknown,,Robinson's Place Dumaguete,1,"[{""evidence_role"":""restroom_acquisition"",""source_link_id"":""node/6110222685"",""source_type"":""OSM""}]",node,6110222685,,restroom_without_verified_bidet_match,,,2025-03-09T12:22:11Z,
buttler_loc_d86d2eda8d5af5bad7d1,FieSole Residence Inn,9.3092064,123.3068728,San Juan Street,Unknown,Unknown,unknown,unknown,candidate_unverified,unknown,High,,1,"[{""evidence_role"":""restroom_acquisition"",""source_link_id"":""node/6112596886"",""source_type"":""OSM""}]",node,6112596886,,candidate_without_verified_bidet_match,,,2025-04-06T03:29:53Z,
buttler_loc_61195fab23e9b7130a1f,Wow hotel,9.3250424,123.3070427,,Unknown,Unknown,unknown,unknown,candidate_unverified,unknown,High,,1,"[{""evidence_role"":""restroom_acquisition"",""source_link_id"":""node/6198176785"",""source_type"":""OSM""}]",node,6198176785,,candidate_without_verified_bidet_match,,,2025-04-05T15:32:32Z,
buttler_loc_bc4e2bf5eee5919715a1,Antwet Roofdeck Bar,9.3138143,123.3041262,Veterans Avenue,Unknown,Unknown,unknown,unknown,candidate_unverified,unknown,Medium,,1,"[{""evidence_role"":""restroom_acquisition"",""source_link_id"":""node/6318882185"",""source_type"":""OSM""}]",node,6318882185,,candidate_without_verified_bidet_match,,,2025-04-06T03:21:22Z,
buttler_loc_0913f2ae960f3533b10d,Seis Hostel,9.3097314,123.3008568,585 San Jose Extension,Unknown,Unknown,unknown,unknown,candidate_unverified,unknown,High,,1,"[{""evidence_role"":""restroom_acquisition"",""source_link_id"":""node/6331449588"",""source_type"":""OSM""}]",node,6331449588,,candidate_without_verified_bidet_match,,,2025-02-20T02:03:53Z,
buttler_loc_94ef19ad3e86227128a6,PVL Suites,9.317438,123.303313,"Aldecoa Drive, corner Ipil street, Daro, Dumaguete City",Yes,Yes,public,no,field_verified_via_bidet_survey,field_verified,High,,2,"[{""evidence_role"":""restroom_acquisition"",""source_link_id"":""node/6351341688"",""source_type"":""OSM""},{""evidence_role"":""verified_bidet_and_restroom_presence"",""source_link_id"":""bidet_survey_6be70236fb628ccc9fd9"",""source_type"":""field_survey_bidet_workbook""}]",node,6351341688,bidet_survey_6be70236fb628ccc9fd9,auto_matched_high_confidence,high,Normalized names are exact and coordinates are 9.4 m apart.,2025-03-19T03:11:47Z,
buttler_loc_097974080a187d4454eb,Tres Bistro,9.31788,123.30714,"Hibbard Avenue, Tubod, Dumaguete City",Yes,Yes,customers,no,field_verified_via_bidet_survey,field_verified,High,,2,"[{""evidence_role"":""restroom_acquisition"",""source_link_id"":""node/6361693587"",""source_type"":""OSM""},{""evidence_role"":""verified_bidet_and_restroom_presence"",""source_link_id"":""bidet_survey_e8a75547312f6ba7b834"",""source_type"":""field_survey_bidet_workbook""}]",node,6361693587,bidet_survey_e8a75547312f6ba7b834,auto_matched_high_confidence,high,Normalized names are exact and coordinates are 25.3 m apart.,2026-03-19T04:28:27Z,
buttler_loc_b7559c41b69faea54658,Tinto,9.3214311,123.3085364,,Unknown,Unknown,unknown,unknown,candidate_unverified,unknown,High,,1,"[{""evidence_role"":""restroom_acquisition"",""source_link_id"":""node/6361726385"",""source_type"":""OSM""}]",node,6361726385,,candidate_without_verified_bidet_match,,,2025-02-14T12:33:11Z,
buttler_loc_00698acac2ea5e3fc98b,Antwet Backpackers Hostel,9.3139125,123.3043758,Veterans Avenue,Unknown,Unknown,unknown,unknown,candidate_unverified,unknown,High,,1,"[{""evidence_role"":""restroom_acquisition"",""source_link_id"":""node/6362522489"",""source_type"":""OSM""}]",node,6362522489,,candidate_without_verified_bidet_match,,,2025-04-12T08:46:04Z,
buttler_loc_89fc3205c3dd930f51ae,GraviTea,9.3069234,123.3089197,,Unknown,Unknown,unknown,unknown,candidate_unverified,unknown,Medium,,1,"[{""evidence_role"":""restroom_acquisition"",""source_link_id"":""node/6453770685"",""source_type"":""OSM""}]",node,6453770685,,candidate_without_verified_bidet_match,,,2025-03-08T01:47:21Z,
buttler_loc_61b3c75feabce13343bb,Curry house,9.3167715,123.3059703,,Unknown,Unknown,unknown,unknown,candidate_unverified,unknown,High,,1,"[{""evidence_role"":""restroom_acquisition"",""source_link_id"":""node/6465804285"",""source_type"":""OSM""}]",node,6465804285,,candidate_without_verified_bidet_match,,,2025-02-14T12:46:55Z,
buttler_loc_fe9e9190b6d09f397872,Café Mafioso,9.3236938,123.3116802,"Flores Avenue Extension, Dumaguete",Unknown,Unknown,unknown,unknown,candidate_unverified,unknown,High,way/709635982,1,"[{""evidence_role"":""restroom_acquisition"",""source_link_id"":""node/6466057085"",""source_type"":""OSM""}]",node,6466057085,,candidate_without_verified_bidet_match,,,2020-12-17T13:09:23Z,
buttler_loc_19001e1e4cd7583f42f2,Chia Eatery,9.3197774,123.3086813,"Piapi, Dumaguete City",Unknown,Unknown,unknown,unknown,candidate_unverified,unknown,High,Amigo Subdivision,1,"[{""evidence_role"":""restroom_acquisition"",""source_link_id"":""node/6467398685"",""source_type"":""OSM""}]",node,6467398685,,candidate_without_verified_bidet_match,,,2024-11-21T12:54:28Z,
buttler_loc_d7fffc5ae7443b459a29,Elaine's Homestay,9.316562,123.306438,"17 Aldecoa Drive Laguna, Dumaguete City",Yes,Yes,customers,no,field_verified_via_bidet_survey,field_verified,High,,2,"[{""evidence_role"":""restroom_acquisition"",""source_link_id"":""node/6535261687"",""source_type"":""OSM""},{""evidence_role"":""verified_bidet_and_restroom_presence"",""source_link_id"":""bidet_survey_f77cc4241d4f3ab88e39"",""source_type"":""field_survey_bidet_workbook""}]",node,6535261687,bidet_survey_f77cc4241d4f3ab88e39,auto_matched_high_confidence,high,"Name, address, and close-coordinate signals agree (7.3 m).",2025-05-14T10:02:48Z,
buttler_loc_d55643d3c4e604334463,Cafe Lucio,9.3237944,123.3071067,,Unknown,Unknown,unknown,unknown,candidate_unverified,unknown,Medium,,1,"[{""evidence_role"":""restroom_acquisition"",""source_link_id"":""node/6610189187"",""source_type"":""OSM""}]",node,6610189187,,candidate_without_verified_bidet_match,,,2019-07-12T14:57:58Z,
buttler_loc_2fbd910127f7422bedac,Sizzlogan,9.3171424,123.3050113,,Unknown,Unknown,unknown,unknown,candidate_unverified,unknown,High,,1,"[{""evidence_role"":""restroom_acquisition"",""source_link_id"":""node/6637159485"",""source_type"":""OSM""}]",node,6637159485,,candidate_without_verified_bidet_match,,,2025-02-22T04:23:48Z,
buttler_loc_371457994cc17d5bd527,Unnamed venue,9.3001058,123.3074744,Canday-ong Road,Unknown,Unknown,unknown,unknown,candidate_unverified,unknown,High,,1,"[{""evidence_role"":""restroom_acquisition"",""source_link_id"":""node/6662961588"",""source_type"":""OSM""}]",node,6662961588,,candidate_without_verified_bidet_match,,,2019-07-31T00:51:46Z,
buttler_loc_10d09094d22340982876,Unnamed public toilet,9.3059476,123.3000873,,Yes,Unknown,unknown,no,osm_explicit,unknown,,,1,"[{""evidence_role"":""restroom_acquisition"",""source_link_id"":""node/6664949855"",""source_type"":""OSM""}]",node,6664949855,,restroom_without_verified_bidet_match,,,2025-11-13T06:43:23Z,
buttler_loc_e4f9710fbbdc020f975e,Hyde,9.3233349,123.3116404,"Flores Avenue Extension, Dumaguete",Unknown,Unknown,unknown,unknown,candidate_unverified,unknown,Medium,way/709635982,1,"[{""evidence_role"":""restroom_acquisition"",""source_link_id"":""node/6670032928"",""source_type"":""OSM""}]",node,6670032928,,candidate_without_verified_bidet_match,,,2025-03-09T07:40:16Z,
buttler_loc_a6a84f75eac32c25aa2b,White Cansas,9.3047671,123.2987626,,Unknown,Unknown,unknown,unknown,candidate_unverified,unknown,High,,1,"[{""evidence_role"":""restroom_acquisition"",""source_link_id"":""node/6678154851"",""source_type"":""OSM""}]",node,6678154851,,candidate_without_verified_bidet_match,,,2026-06-21T16:37:44Z,
buttler_loc_c296b57277eccaf8a2d8,Kevin and Alma Lady Bedspace,9.304934,123.2983039,,Unknown,Unknown,unknown,unknown,candidate_unverified,unknown,High,,1,"[{""evidence_role"":""restroom_acquisition"",""source_link_id"":""node/6678154852"",""source_type"":""OSM""}]",node,6678154852,,candidate_without_verified_bidet_match,,,2019-08-21T01:33:27Z,
buttler_loc_355615c90279659fbf6c,Kevin and Alma Sari-sari Store,9.3049307,123.2982955,,Unknown,Unknown,unknown,unknown,candidate_unverified,unknown,Medium,,1,"[{""evidence_role"":""restroom_acquisition"",""source_link_id"":""node/6678154853"",""source_type"":""OSM""}]",node,6678154853,,candidate_without_verified_bidet_match,,,2019-08-03T02:55:00Z,
buttler_loc_1f69d6fd320575b46c75,Unnamed venue,9.3049786,123.2981733,,Unknown,Unknown,unknown,unknown,candidate_unverified,unknown,Medium,,1,"[{""evidence_role"":""restroom_acquisition"",""source_link_id"":""node/6678154854"",""source_type"":""OSM""}]",node,6678154854,,candidate_without_verified_bidet_match,,,2019-08-03T02:55:00Z,
buttler_loc_adf5cb715e9fc03c263b,Ailyn Store,9.304311,123.3009439,,Unknown,Unknown,unknown,unknown,candidate_unverified,unknown,Medium,,1,"[{""evidence_role"":""restroom_acquisition"",""source_link_id"":""node/6678167322"",""source_type"":""OSM""}]",node,6678167322,,candidate_without_verified_bidet_match,,,2019-08-03T02:38:03Z,
buttler_loc_c49884940ea28a45668c,Real Eatery,9.3045281,123.301652,Senator Lorenzo G. Teves Extension,Unknown,Unknown,unknown,unknown,candidate_unverified,unknown,High,,1,"[{""evidence_role"":""restroom_acquisition"",""source_link_id"":""node/6678167326"",""source_type"":""OSM""}]",node,6678167326,,candidate_without_verified_bidet_match,,,2025-03-25T07:55:41Z,
buttler_loc_76c3a7a987728bc1a527,Canoli Store,9.3045341,123.3017756,,Unknown,Unknown,unknown,unknown,candidate_unverified,unknown,Medium,,1,"[{""evidence_role"":""restroom_acquisition"",""source_link_id"":""node/6678180521"",""source_type"":""OSM""}]",node,6678180521,,candidate_without_verified_bidet_match,,,2019-08-03T02:47:55Z,
buttler_loc_da27ba9b5801b5e6c46e,Heaven's Hamburger,9.3043884,123.3017696,,Unknown,Unknown,unknown,unknown,candidate_unverified,unknown,High,,1,"[{""evidence_role"":""restroom_acquisition"",""source_link_id"":""node/6678180522"",""source_type"":""OSM""}]",node,6678180522,,candidate_without_verified_bidet_match,,,2019-08-03T02:47:55Z,
buttler_loc_042e9fe8899dd309319d,Najo Dental Laboratory,9.3043675,123.301866,,Unknown,Unknown,unknown,unknown,candidate_unverified,unknown,Medium,,1,"[{""evidence_role"":""restroom_acquisition"",""source_link_id"":""node/6678180524"",""source_type"":""OSM""}]",node,6678180524,,candidate_without_verified_bidet_match,,,2019-08-03T02:47:55Z,
buttler_loc_4b4ead71163c8f0892ca,Alfredo Miguel Store,9.3045354,123.3021223,,Unknown,Unknown,unknown,unknown,candidate_unverified,unknown,Medium,,1,"[{""evidence_role"":""restroom_acquisition"",""source_link_id"":""node/6678180527"",""source_type"":""OSM""}]",node,6678180527,,candidate_without_verified_bidet_match,,,2019-08-03T03:15:16Z,
buttler_loc_31039d0e63c29d019ff2,Jill Eatery,9.30456,123.3026389,,Unknown,Unknown,unknown,unknown,candidate_unverified,unknown,High,,1,"[{""evidence_role"":""restroom_acquisition"",""source_link_id"":""node/6678180531"",""source_type"":""OSM""}]",node,6678180531,,candidate_without_verified_bidet_match,,,2019-08-21T00:18:06Z,
buttler_loc_89751ffcaa6aead9ebd2,Johann's Kamaisan,9.3044586,123.3028259,,Unknown,Unknown,unknown,unknown,candidate_unverified,unknown,Medium,,1,"[{""evidence_role"":""restroom_acquisition"",""source_link_id"":""node/6678180532"",""source_type"":""OSM""}]",node,6678180532,,candidate_without_verified_bidet_match,,,2019-08-03T02:47:55Z,
buttler_loc_d375813356a868b17465,Unnamed venue,9.3041799,123.301317,,Unknown,Unknown,unknown,unknown,candidate_unverified,unknown,Medium,,1,"[{""evidence_role"":""restroom_acquisition"",""source_link_id"":""node/6678180533"",""source_type"":""OSM""}]",node,6678180533,,candidate_without_verified_bidet_match,,,2019-08-03T02:47:55Z,
buttler_loc_a236c361eab937fe8b3c,Jennalyn Store,9.3024138,123.3013355,,Unknown,Unknown,unknown,unknown,candidate_unverified,unknown,Medium,Baltimar,1,"[{""evidence_role"":""restroom_acquisition"",""source_link_id"":""node/6678191495"",""source_type"":""OSM""}]",node,6678191495,,candidate_without_verified_bidet_match,,,2025-04-04T06:12:40Z,
buttler_loc_a172c9fef1e942526f37,Panyang Store,9.302456,123.3014765,,Unknown,Unknown,unknown,unknown,candidate_unverified,unknown,Medium,Baltimar,1,"[{""evidence_role"":""restroom_acquisition"",""source_link_id"":""node/6678191496"",""source_type"":""OSM""}]",node,6678191496,,candidate_without_verified_bidet_match,,,2025-04-04T06:12:40Z,
buttler_loc_413151b4aa4403de64e5,Sermilliom Store,9.3026397,123.30142,,Unknown,Unknown,unknown,unknown,candidate_unverified,unknown,Medium,Baltimar,1,"[{""evidence_role"":""restroom_acquisition"",""source_link_id"":""node/6678191497"",""source_type"":""OSM""}]",node,6678191497,,candidate_without_verified_bidet_match,,,2025-04-04T06:12:40Z,
buttler_loc_631250ddf97796028f5f,Dagunton Pisonet,9.3027422,123.3014376,,Unknown,Unknown,unknown,unknown,candidate_unverified,unknown,Medium,Baltimar,1,"[{""evidence_role"":""restroom_acquisition"",""source_link_id"":""node/6678191498"",""source_type"":""OSM""}]",node,6678191498,,candidate_without_verified_bidet_match,,,2025-04-04T06:12:40Z,
buttler_loc_3a399c3430fe00b03e4c,Karylle Faith Store,9.3060263,123.3020198,Doctor Miciano Road,Unknown,Unknown,unknown,unknown,candidate_unverified,unknown,Medium,,1,"[{""evidence_role"":""restroom_acquisition"",""source_link_id"":""node/6678196083"",""source_type"":""OSM""}]",node,6678196083,,candidate_without_verified_bidet_match,,,2025-04-04T06:23:58Z,
buttler_loc_fc27e10a17ec80850444,Jaycee Store,9.3060525,123.3016474,Doctor Miciano Road,Unknown,Unknown,unknown,unknown,candidate_unverified,unknown,Medium,way/710384305,1,"[{""evidence_role"":""restroom_acquisition"",""source_link_id"":""node/6678199149"",""source_type"":""OSM""}]",node,6678199149,,candidate_without_verified_bidet_match,,,2025-04-04T06:23:58Z,
buttler_loc_c4f839b3b25cbea276b5,Marah's Store,9.3060441,123.3018483,Doctor Miciano Road,Unknown,Unknown,unknown,unknown,candidate_unverified,unknown,Medium,way/710384305,1,"[{""evidence_role"":""restroom_acquisition"",""source_link_id"":""node/6678199150"",""source_type"":""OSM""}]",node,6678199150,,candidate_without_verified_bidet_match,,,2025-03-25T07:55:41Z,
buttler_loc_caad5735413746e65617,Imee's Store,9.3060431,123.3018922,Doctor Miciano Road,Unknown,Unknown,unknown,unknown,candidate_unverified,unknown,Medium,,1,"[{""evidence_role"":""restroom_acquisition"",""source_link_id"":""node/6678199151"",""source_type"":""OSM""}]",node,6678199151,,candidate_without_verified_bidet_match,,,2025-03-25T07:55:41Z,
buttler_loc_8152d67467bd5fb3c625,Liffel's Hobbies Box,9.3060461,123.3017843,,Unknown,Unknown,unknown,unknown,candidate_unverified,unknown,High,,1,"[{""evidence_role"":""restroom_acquisition"",""source_link_id"":""node/6678199152"",""source_type"":""OSM""}]",node,6678199152,,candidate_without_verified_bidet_match,,,2019-08-03T02:54:04Z,
buttler_loc_1f746d00ec3b379aa13c,Chanez Food House,9.3060343,123.3022778,,Unknown,Unknown,unknown,unknown,candidate_unverified,unknown,High,,1,"[{""evidence_role"":""restroom_acquisition"",""source_link_id"":""node/6678199154"",""source_type"":""OSM""}]",node,6678199154,,candidate_without_verified_bidet_match,,,2025-03-25T07:55:41Z,
buttler_loc_df253a24cfdff00376ba,"Michael Sindiong, D. M. D.",9.3060356,123.3021458,,Unknown,Unknown,unknown,unknown,candidate_unverified,unknown,Medium,,1,"[{""evidence_role"":""restroom_acquisition"",""source_link_id"":""node/6678199161"",""source_type"":""OSM""}]",node,6678199161,,candidate_without_verified_bidet_match,,,2025-03-25T07:55:41Z,
buttler_loc_25324d7cc38bf7b9b014,Ryu Sushi,9.3236469,123.3115192,,Unknown,Unknown,unknown,unknown,candidate_unverified,unknown,High,,1,"[{""evidence_role"":""restroom_acquisition"",""source_link_id"":""node/6680772184"",""source_type"":""OSM""}]",node,6680772184,,candidate_without_verified_bidet_match,,,2019-08-14T08:52:15Z,
buttler_loc_bc16b99bbc532db666f5,Unnamed public toilet,9.3236161,123.3114104,,Yes,Unknown,public,no,osm_explicit,unknown,,,1,"[{""evidence_role"":""restroom_acquisition"",""source_link_id"":""node/6680785234"",""source_type"":""OSM""}]",node,6680785234,,restroom_without_verified_bidet_match,,,2026-04-08T16:02:20Z,
buttler_loc_f6ab86de60ff7e8871c3,Roots,9.3237338,123.311692,Flores Avenue Extension,Unknown,Unknown,unknown,unknown,candidate_unverified,unknown,Medium,,1,"[{""evidence_role"":""restroom_acquisition"",""source_link_id"":""node/6680788655"",""source_type"":""OSM""}]",node,6680788655,,candidate_without_verified_bidet_match,,,2019-08-04T03:34:14Z,
buttler_loc_2f2a54091dad894c4a25,Unnamed public toilet,9.2979011,123.3053152,,Yes,Unknown,unknown,no,osm_explicit,unknown,,,1,"[{""evidence_role"":""restroom_acquisition"",""source_link_id"":""node/6687179148"",""source_type"":""OSM""}]",node,6687179148,,restroom_without_verified_bidet_match,,,2025-05-16T09:35:57Z,
buttler_loc_e28a6a9014d76557249b,Unnamed public toilet,9.3052662,123.299752,,Yes,Unknown,customers,unknown,osm_explicit,unknown,,,1,"[{""evidence_role"":""restroom_acquisition"",""source_link_id"":""node/6687581231"",""source_type"":""OSM""}]",node,6687581231,,restroom_without_verified_bidet_match,,,2025-08-27T12:53:46Z,
buttler_loc_74b07170315b22cc3929,Unnamed public toilet,9.3052576,123.2998241,,Yes,Unknown,customers,unknown,osm_explicit,unknown,,,1,"[{""evidence_role"":""restroom_acquisition"",""source_link_id"":""node/6687581232"",""source_type"":""OSM""}]",node,6687581232,,restroom_without_verified_bidet_match,,,2025-08-26T14:31:50Z,
buttler_loc_f7995904b67c6654a5f6,Unnamed venue,9.3054062,123.2995143,,Unknown,Unknown,unknown,unknown,candidate_unverified,unknown,High,,1,"[{""evidence_role"":""restroom_acquisition"",""source_link_id"":""node/6687581233"",""source_type"":""OSM""}]",node,6687581233,,candidate_without_verified_bidet_match,,,2019-08-06T10:13:19Z,
buttler_loc_2f7ddae51f8cbb304919,Unnamed public toilet,9.3060037,123.2995061,,Yes,Unknown,unknown,unknown,osm_explicit,unknown,,,1,"[{""evidence_role"":""restroom_acquisition"",""source_link_id"":""node/6696705182"",""source_type"":""OSM""}]",node,6696705182,,restroom_without_verified_bidet_match,,,2025-09-14T00:29:36Z,
buttler_loc_bfb3f65b4b73deb84dde,7-Eleven,9.3065731,123.2986566,Doctor Vicente Locsin Street,Unknown,Unknown,unknown,unknown,candidate_unverified,unknown,Medium,,1,"[{""evidence_role"":""restroom_acquisition"",""source_link_id"":""node/6741844750"",""source_type"":""OSM""}]",node,6741844750,,candidate_without_verified_bidet_match,,,2025-04-04T06:20:10Z,
buttler_loc_475bb12a3dbd0766c210,Unnamed venue,9.3063657,123.2983197,,Unknown,Unknown,unknown,unknown,candidate_unverified,unknown,High,,1,"[{""evidence_role"":""restroom_acquisition"",""source_link_id"":""node/6741844752"",""source_type"":""OSM""}]",node,6741844752,,candidate_without_verified_bidet_match,,,2025-02-26T03:12:35Z,
buttler_loc_f5930e44744f32394309,Starbucks,9.306049,123.3101633,4 & 6 Rizal Boulevard,Unknown,Unknown,unknown,unknown,candidate_unverified,unknown,Medium,,1,"[{""evidence_role"":""restroom_acquisition"",""source_link_id"":""node/6829151585"",""source_type"":""OSM""}]",node,6829151585,,candidate_without_verified_bidet_match,,,2025-02-19T04:44:31Z,
buttler_loc_fa728be06f4db6ae8c3e,Sulit Budget Hotel,9.326158,123.3013151,71 L. Rovira East Road,Unknown,Unknown,unknown,unknown,candidate_unverified,unknown,High,,1,"[{""evidence_role"":""restroom_acquisition"",""source_link_id"":""node/6860573009"",""source_type"":""OSM""}]",node,6860573009,,candidate_without_verified_bidet_match,,,2025-04-09T04:02:42Z,
buttler_loc_ed0aa7c06f07834070b4,Shao Bao,9.3102935,123.3078098,,Unknown,Unknown,unknown,unknown,candidate_unverified,unknown,High,,1,"[{""evidence_role"":""restroom_acquisition"",""source_link_id"":""node/7052411986"",""source_type"":""OSM""}]",node,7052411986,,candidate_without_verified_bidet_match,,,2025-02-16T02:44:14Z,
buttler_loc_d599e1198f88f368fed4,#Hashtag,9.3104913,123.3002466,,Unknown,Unknown,unknown,unknown,candidate_unverified,unknown,Medium,,1,"[{""evidence_role"":""restroom_acquisition"",""source_link_id"":""node/7258425386"",""source_type"":""OSM""}]",node,7258425386,,candidate_without_verified_bidet_match,,,2025-02-13T01:26:15Z,
buttler_loc_cb85592a51a88a325508,Unnamed public toilet,9.311987,123.3037902,,Yes,Unknown,unknown,no,osm_explicit,unknown,,,1,"[{""evidence_role"":""restroom_acquisition"",""source_link_id"":""node/7553715130"",""source_type"":""OSM""}]",node,7553715130,,restroom_without_verified_bidet_match,,,2021-01-19T14:48:43Z,
buttler_loc_3680a79b70ab74a85a19,Negros Oriental Provincial Hospital,9.32212,123.3003652,,Unknown,Unknown,unknown,unknown,candidate_unverified,unknown,Medium,,1,"[{""evidence_role"":""restroom_acquisition"",""source_link_id"":""node/8345260776"",""source_type"":""OSM""}]",node,8345260776,,candidate_without_verified_bidet_match,,,2023-04-03T03:19:48Z,
buttler_loc_509cefdca60b6e4344b3,Dagsaan Restaurant,9.3259723,123.3111837,"North Boulevard, Dumaguete",Unknown,Unknown,unknown,unknown,candidate_unverified,unknown,High,,1,"[{""evidence_role"":""restroom_acquisition"",""source_link_id"":""node/8630406129"",""source_type"":""OSM""}]",node,8630406129,,candidate_without_verified_bidet_match,,,2025-04-09T03:29:35Z,
buttler_loc_4670c192b5097473d0ea,Mangnao Wet Market,9.293379,123.2987823,,Unknown,Unknown,unknown,unknown,candidate_unverified,unknown,High,,1,"[{""evidence_role"":""restroom_acquisition"",""source_link_id"":""node/8869843186"",""source_type"":""OSM""}]",node,8869843186,,candidate_without_verified_bidet_match,,,2022-03-08T05:51:21Z,
buttler_loc_d94c0c63f89fc7b4babb,STI College Dumaguete,9.3060562,123.3044046,"Libertad Street, Dumaguete",Unknown,Unknown,unknown,unknown,candidate_unverified,unknown,High,,1,"[{""evidence_role"":""restroom_acquisition"",""source_link_id"":""node/9528851012"",""source_type"":""OSM""}]",node,9528851012,,candidate_without_verified_bidet_match,,,2025-04-06T04:07:21Z,
buttler_loc_29d2b768ecfb7b654339,Golden Gate Suites,9.3071199,123.3051544,Doctor Vicente Locsin Street,Unknown,Unknown,unknown,unknown,candidate_unverified,unknown,High,,1,"[{""evidence_role"":""restroom_acquisition"",""source_link_id"":""node/9555873053"",""source_type"":""OSM""}]",node,9555873053,,candidate_without_verified_bidet_match,,,2025-02-04T10:52:30Z,
buttler_loc_22e445a42421fa54cb6d,Unnamed public toilet,9.3044719,123.3108589,,Yes,Unknown,unknown,no,osm_explicit,unknown,,,1,"[{""evidence_role"":""restroom_acquisition"",""source_link_id"":""node/9576654529"",""source_type"":""OSM""}]",node,9576654529,,restroom_without_verified_bidet_match,,,2026-04-12T16:41:01Z,
buttler_loc_20f89fdf66847657b4e6,Ground Zero,9.309414,123.3083192,,Unknown,Unknown,unknown,unknown,candidate_unverified,unknown,Medium,,1,"[{""evidence_role"":""restroom_acquisition"",""source_link_id"":""node/9576657287"",""source_type"":""OSM""}]",node,9576657287,,candidate_without_verified_bidet_match,,,2025-02-25T03:36:08Z,
buttler_loc_d5f240e8909fe3654175,Bulwagang Barangay ng Poblacion 5,9.3096576,123.3078403,,Unknown,Unknown,unknown,unknown,candidate_unverified,unknown,High,Poblacion 5,1,"[{""evidence_role"":""restroom_acquisition"",""source_link_id"":""node/9576657296"",""source_type"":""OSM""}]",node,9576657296,,candidate_without_verified_bidet_match,,,2022-03-14T01:48:17Z,
buttler_loc_16e1685531edea6c7cf8,Skewers,9.2998481,123.3030324,,Unknown,Unknown,unknown,unknown,candidate_unverified,unknown,High,,1,"[{""evidence_role"":""restroom_acquisition"",""source_link_id"":""node/9833148436"",""source_type"":""OSM""}]",node,9833148436,,candidate_without_verified_bidet_match,,,2025-02-26T06:40:52Z,
buttler_loc_f7da499f2f9ba75b8855,Hacienda Sr. Pedro Grill,9.3183444,123.2895988,"Larena Drive, Dumaguete",Unknown,Unknown,unknown,unknown,candidate_unverified,unknown,High,,1,"[{""evidence_role"":""restroom_acquisition"",""source_link_id"":""node/9835939060"",""source_type"":""OSM""}]",node,9835939060,,candidate_without_verified_bidet_match,,,2025-02-16T11:37:31Z,
buttler_loc_2d23e47fd95d39fa96a3,Bacong Terminal,9.3036695,123.3067876,,Unknown,Unknown,unknown,unknown,candidate_unverified,unknown,High,,1,"[{""evidence_role"":""restroom_acquisition"",""source_link_id"":""node/9845465353"",""source_type"":""OSM""}]",node,9845465353,,candidate_without_verified_bidet_match,,,2024-12-06T10:22:25Z,
buttler_loc_a934c257b61d917a1911,Mag Atchan's Toccino,9.3066635,123.3018636,Dr. Vicente Locsin Street,Unknown,Unknown,unknown,unknown,candidate_unverified,unknown,High,,1,"[{""evidence_role"":""restroom_acquisition"",""source_link_id"":""node/9878773596"",""source_type"":""OSM""}]",node,9878773596,,candidate_without_verified_bidet_match,,,2023-06-15T05:46:29Z,
buttler_loc_3b5f10bdcbfbe82d6f7f,Chill Out,9.3291036,123.3103685,,Unknown,Unknown,unknown,unknown,candidate_unverified,unknown,Medium,,1,"[{""evidence_role"":""restroom_acquisition"",""source_link_id"":""node/9884839217"",""source_type"":""OSM""}]",node,9884839217,,candidate_without_verified_bidet_match,,,2025-05-22T08:23:22Z,
buttler_loc_9c2e0775e7e2223ddf8b,Coffee Collective,9.3271427,123.3101615,,Unknown,Unknown,unknown,unknown,candidate_unverified,unknown,Medium,,1,"[{""evidence_role"":""restroom_acquisition"",""source_link_id"":""node/9889497168"",""source_type"":""OSM""}]",node,9889497168,,candidate_without_verified_bidet_match,,,2025-04-09T03:59:52Z,
buttler_loc_669170011cdb4192d252,Ikura Sushi Bar,9.3021064,123.2974751,Senator Lorenzo G. Teves Street Extension,Unknown,Unknown,unknown,unknown,candidate_unverified,unknown,High,,1,"[{""evidence_role"":""restroom_acquisition"",""source_link_id"":""node/10023154517"",""source_type"":""OSM""}]",node,10023154517,,candidate_without_verified_bidet_match,,,2025-04-04T06:26:48Z,
buttler_loc_6fa77904972a6a634475,The Breakroom  Cafe,9.3079731,123.3083254,"San Jose Street, Dumaguete City",Unknown,Unknown,unknown,unknown,candidate_unverified,unknown,Medium,,1,"[{""evidence_role"":""restroom_acquisition"",""source_link_id"":""node/10050226056"",""source_type"":""OSM""}]",node,10050226056,,candidate_without_verified_bidet_match,,,2025-09-30T15:53:03Z,
buttler_loc_54f23dda5581c666b0bc,Jollibee Dumaguete South Road,9.299062,123.302437,"South Road Dumaguete Highway, Fronting Robinsons Dumaguete, Dumaguete City",Yes,Yes,customers,no,field_verified_via_bidet_survey,field_verified,High,,2,"[{""evidence_role"":""restroom_acquisition"",""source_link_id"":""node/10050423982"",""source_type"":""OSM""},{""evidence_role"":""verified_bidet_and_restroom_presence"",""source_link_id"":""bidet_survey_320bfd0f132ecd2bca47"",""source_type"":""field_survey_bidet_workbook""}]",node,10050423982,bidet_survey_320bfd0f132ecd2bca47,auto_matched_high_confidence,high,Specific venue identity and geometry were manually audited (4.8 m); branch/tenant target is unique.,2025-02-26T06:41:05Z,
buttler_loc_d691a5b0ba84513ee241,Robinsons Movieworld,9.2984107,123.3043588,,Unknown,Unknown,unknown,unknown,candidate_unverified,unknown,High,,1,"[{""evidence_role"":""restroom_acquisition"",""source_link_id"":""node/10110515872"",""source_type"":""OSM""}]",node,10110515872,,candidate_without_verified_bidet_match,,,2025-05-16T09:35:14Z,
buttler_loc_34559c25228d09317b5b,Unnamed public toilet,9.2985638,123.3041599,,Yes,Unknown,unknown,no,osm_explicit,unknown,,,1,"[{""evidence_role"":""restroom_acquisition"",""source_link_id"":""node/10110515879"",""source_type"":""OSM""}]",node,10110515879,,restroom_without_verified_bidet_match,,,2026-03-16T13:08:07Z,
buttler_loc_a9c12939bbccba21527d,Novo Department Store,9.3077105,123.3075254,,Unknown,Unknown,unknown,unknown,candidate_unverified,unknown,High,,1,"[{""evidence_role"":""restroom_acquisition"",""source_link_id"":""node/10140172674"",""source_type"":""OSM""}]",node,10140172674,,candidate_without_verified_bidet_match,,,2022-10-30T15:06:32Z,
buttler_loc_3eebcc4fe54dfb194772,Jollibee,9.3235251,123.298479,,Unknown,Unknown,unknown,unknown,candidate_unverified,unknown,High,,1,"[{""evidence_role"":""restroom_acquisition"",""source_link_id"":""node/10243629156"",""source_type"":""OSM""}]",node,10243629156,,candidate_without_verified_bidet_match,,,2025-03-06T06:34:51Z,
buttler_loc_01387947bb5484985718,Savemore,9.3233103,123.2975914,,Unknown,Unknown,unknown,unknown,candidate_unverified,unknown,High,CityMall Dumaguete,1,"[{""evidence_role"":""restroom_acquisition"",""source_link_id"":""node/10243629164"",""source_type"":""OSM""}]",node,10243629164,,candidate_without_verified_bidet_match,,,2025-03-06T01:18:36Z,
buttler_loc_30ee7ced8566e3459690,CityMall Cinema,9.3235604,123.2975054,,Unknown,Unknown,unknown,unknown,candidate_unverified,unknown,High,,1,"[{""evidence_role"":""restroom_acquisition"",""source_link_id"":""node/10243629165"",""source_type"":""OSM""}]",node,10243629165,,candidate_without_verified_bidet_match,,,2025-03-06T01:18:36Z,
buttler_loc_9b1c2522f169a9aebd94,Extended Stay,9.309019,123.3025189,,Unknown,Unknown,unknown,unknown,candidate_unverified,unknown,High,,1,"[{""evidence_role"":""restroom_acquisition"",""source_link_id"":""node/10556356355"",""source_type"":""OSM""}]",node,10556356355,,candidate_without_verified_bidet_match,,,2025-11-07T03:55:54Z,
buttler_loc_af66c183eaa8b8a79fbc,Kobe's Grill,9.3002838,123.2956726,,Unknown,Unknown,unknown,unknown,candidate_unverified,unknown,Medium,,1,"[{""evidence_role"":""restroom_acquisition"",""source_link_id"":""node/10572586399"",""source_type"":""OSM""}]",node,10572586399,,candidate_without_verified_bidet_match,,,2023-01-21T12:44:34Z,
buttler_loc_cbadeab08b7dfadbc011,K-Egg Point,9.3098919,123.3049427,"Silliman Avenue Extension, Dumaguete",Unknown,Unknown,unknown,unknown,candidate_unverified,unknown,High,,1,"[{""evidence_role"":""restroom_acquisition"",""source_link_id"":""node/10755778535"",""source_type"":""OSM""}]",node,10755778535,,candidate_without_verified_bidet_match,,,2023-03-24T09:29:49Z,
buttler_loc_7b4f7a752139d7512666,Sam’s Bed And Breakfast,9.3178183,123.2917154,,Unknown,Unknown,unknown,unknown,candidate_unverified,unknown,High,,1,"[{""evidence_role"":""restroom_acquisition"",""source_link_id"":""node/10758194505"",""source_type"":""OSM""}]",node,10758194505,,candidate_without_verified_bidet_match,,,2025-05-04T14:40:19Z,
buttler_loc_8556a22caefdf93aade9,Z Pension,9.3033578,123.3066419,"Mabini Street, Poblacion 2, Dumaguete City",Unknown,Unknown,unknown,unknown,candidate_unverified,unknown,High,way/1184890346,1,"[{""evidence_role"":""restroom_acquisition"",""source_link_id"":""node/10799244597"",""source_type"":""OSM""}]",node,10799244597,,candidate_without_verified_bidet_match,,,2025-10-01T08:36:52Z,
buttler_loc_0fe0d5d53b71bd163820,DYNASTY Dimsym Bar,9.3230992,123.3069215,Hibbard Avenue,Unknown,Unknown,unknown,unknown,candidate_unverified,unknown,High,,1,"[{""evidence_role"":""restroom_acquisition"",""source_link_id"":""node/10814311443"",""source_type"":""OSM""}]",node,10814311443,,candidate_without_verified_bidet_match,,,2023-04-15T11:52:17Z,
buttler_loc_779df2ab6d236543ee3f,FIKA,9.3230815,123.3068909,,Unknown,Unknown,unknown,unknown,candidate_unverified,unknown,High,,1,"[{""evidence_role"":""restroom_acquisition"",""source_link_id"":""node/10814329449"",""source_type"":""OSM""}]",node,10814329449,,candidate_without_verified_bidet_match,,,2025-03-07T08:08:20Z,
buttler_loc_e9466022b67ad49e6113,Babii Tea,9.3096,123.3082864,,Unknown,Unknown,unknown,unknown,candidate_unverified,unknown,Medium,,1,"[{""evidence_role"":""restroom_acquisition"",""source_link_id"":""node/10848125257"",""source_type"":""OSM""}]",node,10848125257,,candidate_without_verified_bidet_match,,,2025-02-25T03:36:09Z,
buttler_loc_7a9dd20f05a219cee2b1,Kōhī,9.3151361,123.3072399,Hibbard Avenue,Unknown,Unknown,unknown,unknown,candidate_unverified,unknown,Medium,,1,"[{""evidence_role"":""restroom_acquisition"",""source_link_id"":""node/10848130291"",""source_type"":""OSM""}]",node,10848130291,,candidate_without_verified_bidet_match,,,2025-05-13T08:32:46Z,
buttler_loc_a6c6ab00f86c96c23071,3 J&M,9.3097688,123.3048453,,Unknown,Unknown,unknown,unknown,candidate_unverified,unknown,High,,1,"[{""evidence_role"":""restroom_acquisition"",""source_link_id"":""node/10861524285"",""source_type"":""OSM""}]",node,10861524285,,candidate_without_verified_bidet_match,,,2023-05-02T02:20:08Z,
buttler_loc_d70eecf81e56385979ff,Tikk a Bite,9.3098256,123.3048476,,Unknown,Unknown,unknown,unknown,candidate_unverified,unknown,High,,1,"[{""evidence_role"":""restroom_acquisition"",""source_link_id"":""node/10861524557"",""source_type"":""OSM""}]",node,10861524557,,candidate_without_verified_bidet_match,,,2023-05-02T02:36:51Z,
buttler_loc_76b3c7feca08e5499622,StreetStyle Fried Chicken,9.3094008,123.3017118,,Unknown,Unknown,unknown,unknown,candidate_unverified,unknown,High,,1,"[{""evidence_role"":""restroom_acquisition"",""source_link_id"":""node/10861783378"",""source_type"":""OSM""}]",node,10861783378,,candidate_without_verified_bidet_match,,,2025-03-11T07:32:57Z,
buttler_loc_7404e035d4d2f7506b01,Cafe Estacion,9.3035505,123.3073133,,Unknown,Unknown,unknown,unknown,candidate_unverified,unknown,Medium,,1,"[{""evidence_role"":""restroom_acquisition"",""source_link_id"":""node/10861811823"",""source_type"":""OSM""}]",node,10861811823,,candidate_without_verified_bidet_match,,,2023-05-02T07:36:10Z,
buttler_loc_a3798213902fb7c96016,Candia's Printing Shop,9.3060016,123.3038187,Doctor Miciano Road,Unknown,Unknown,unknown,unknown,candidate_unverified,unknown,High,,1,"[{""evidence_role"":""restroom_acquisition"",""source_link_id"":""node/10863939563"",""source_type"":""OSM""}]",node,10863939563,,candidate_without_verified_bidet_match,,,2025-04-06T04:21:10Z,
buttler_loc_1c9aa3ae3ad4dadfc846,Ka Nang Aida's,9.3163714,123.3012537,,Unknown,Unknown,unknown,unknown,candidate_unverified,unknown,High,,1,"[{""evidence_role"":""restroom_acquisition"",""source_link_id"":""node/10864312242"",""source_type"":""OSM""}]",node,10864312242,,candidate_without_verified_bidet_match,,,2023-05-03T08:46:46Z,
buttler_loc_222bc74214745b6dd886,Flavors of Manila,9.3161034,123.3008579,,Unknown,Unknown,unknown,unknown,candidate_unverified,unknown,High,,1,"[{""evidence_role"":""restroom_acquisition"",""source_link_id"":""node/10864377208"",""source_type"":""OSM""}]",node,10864377208,,candidate_without_verified_bidet_match,,,2023-05-03T08:58:05Z,
buttler_loc_73cb9fda770e382bda09,Brewskis,9.3150235,123.2991696,,Unknown,Unknown,unknown,unknown,candidate_unverified,unknown,Medium,,1,"[{""evidence_role"":""restroom_acquisition"",""source_link_id"":""node/10866507254"",""source_type"":""OSM""}]",node,10866507254,,candidate_without_verified_bidet_match,,,2025-02-20T14:33:41Z,
buttler_loc_df95b4aa89251ee632cf,Naah Choose,9.3159669,123.3007133,,Unknown,Unknown,unknown,unknown,candidate_unverified,unknown,High,,1,"[{""evidence_role"":""restroom_acquisition"",""source_link_id"":""node/10869713364"",""source_type"":""OSM""}]",node,10869713364,,candidate_without_verified_bidet_match,,,2025-03-14T12:32:30Z,
buttler_loc_d3910bf40c4da05c98c1,The Bricks Hotel,9.3102518,123.3090358,,Unknown,Unknown,unknown,unknown,candidate_unverified,unknown,High,,1,"[{""evidence_role"":""restroom_acquisition"",""source_link_id"":""node/10933527982"",""source_type"":""OSM""}]",node,10933527982,,candidate_without_verified_bidet_match,,,2025-02-26T06:27:36Z,
buttler_loc_bc338bb8353fdc76be1a,Pasta King,9.3264516,123.3093882,,Unknown,Unknown,unknown,unknown,candidate_unverified,unknown,High,,1,"[{""evidence_role"":""restroom_acquisition"",""source_link_id"":""node/10933860905"",""source_type"":""OSM""}]",node,10933860905,,candidate_without_verified_bidet_match,,,2025-02-14T06:54:10Z,
buttler_loc_df8e6e51335e1cf734ad,Andok's,9.3169592,123.3059978,,Unknown,Unknown,unknown,unknown,candidate_unverified,unknown,High,,1,"[{""evidence_role"":""restroom_acquisition"",""source_link_id"":""node/11190515926"",""source_type"":""OSM""}]",node,11190515926,,candidate_without_verified_bidet_match,,,2025-02-23T06:57:53Z,
buttler_loc_b909942295c894514450,Crispy King,9.3058804,123.3047885,,Unknown,Unknown,unknown,unknown,candidate_unverified,unknown,High,,1,"[{""evidence_role"":""restroom_acquisition"",""source_link_id"":""node/11217880365"",""source_type"":""OSM""}]",node,11217880365,,candidate_without_verified_bidet_match,,,2025-02-16T05:43:11Z,
buttler_loc_2db3a8a246b1e839043e,Macao Imperial Tea,9.2987677,123.3033047,,Unknown,Unknown,unknown,unknown,candidate_unverified,unknown,Medium,,1,"[{""evidence_role"":""restroom_acquisition"",""source_link_id"":""node/11217880392"",""source_type"":""OSM""}]",node,11217880392,,candidate_without_verified_bidet_match,,,2025-05-16T09:34:15Z,
buttler_loc_0bd6363910004a345fd6,Gong Cha,9.2982089,123.3040745,,Unknown,Unknown,unknown,unknown,candidate_unverified,unknown,Medium,,1,"[{""evidence_role"":""restroom_acquisition"",""source_link_id"":""node/11217880393"",""source_type"":""OSM""}]",node,11217880393,,candidate_without_verified_bidet_match,,,2025-07-25T12:17:43Z,
buttler_loc_18d792aca0c9645f391e,Ribshack,9.2990095,123.3033027,,Unknown,Unknown,unknown,unknown,candidate_unverified,unknown,High,,1,"[{""evidence_role"":""restroom_acquisition"",""source_link_id"":""node/11217880397"",""source_type"":""OSM""}]",node,11217880397,,candidate_without_verified_bidet_match,,,2025-03-09T12:20:41Z,
buttler_loc_669768918c4fca30d137,Dumaguete Transport Terminal,9.2984631,123.3058226,,Unknown,Unknown,unknown,unknown,candidate_unverified,unknown,High,,1,"[{""evidence_role"":""restroom_acquisition"",""source_link_id"":""node/11378919787"",""source_type"":""OSM""}]",node,11378919787,,candidate_without_verified_bidet_match,,,2023-11-27T04:58:53Z,
buttler_loc_e56310c2a6b6e40ff2ba,Hankki,9.3083686,123.3081034,,Unknown,Unknown,unknown,unknown,candidate_unverified,unknown,High,,1,"[{""evidence_role"":""restroom_acquisition"",""source_link_id"":""node/11378919812"",""source_type"":""OSM""}]",node,11378919812,,candidate_without_verified_bidet_match,,,2025-03-08T01:47:48Z,
buttler_loc_a4a9753346bacd056d66,Honeybee's Inn,9.3293386,123.2883203,"Buñao Road, Dumaguete",Unknown,Unknown,unknown,unknown,candidate_unverified,unknown,High,,1,"[{""evidence_role"":""restroom_acquisition"",""source_link_id"":""node/11381175131"",""source_type"":""OSM""}]",node,11381175131,,candidate_without_verified_bidet_match,,,2026-02-14T09:16:00Z,
buttler_loc_c1cc0f8186ee03bc583a,Hangout Cafe,9.311895,123.3075487,Hibbard Avenue,Unknown,Unknown,unknown,unknown,candidate_unverified,unknown,Medium,,1,"[{""evidence_role"":""restroom_acquisition"",""source_link_id"":""node/11393158675"",""source_type"":""OSM""}]",node,11393158675,,candidate_without_verified_bidet_match,,,2025-04-09T01:26:09Z,
buttler_loc_8e4f36bd1e9ce2f6d68e,Why Not? Disco,9.307482,123.3096587,,Unknown,Unknown,unknown,unknown,candidate_unverified,unknown,Medium,,1,"[{""evidence_role"":""restroom_acquisition"",""source_link_id"":""node/11472014261"",""source_type"":""OSM""}]",node,11472014261,,candidate_without_verified_bidet_match,,,2023-12-31T05:43:12Z,
buttler_loc_8aae77b583dd9235221d,Why Not? Dumaguete,9.3075588,123.3097137,Rizal Boulevard,Unknown,Unknown,unknown,unknown,candidate_unverified,unknown,Medium,Why Not?,1,"[{""evidence_role"":""restroom_acquisition"",""source_link_id"":""node/11472014263"",""source_type"":""OSM""}]",node,11472014263,,candidate_without_verified_bidet_match,,,2025-02-19T04:44:33Z,
buttler_loc_5ec2964839d105f6c148,Hai Inn,9.3129372,123.2781879,Metro Dumaguete Diversion Road,Unknown,Unknown,unknown,unknown,candidate_unverified,unknown,High,,1,"[{""evidence_role"":""restroom_acquisition"",""source_link_id"":""node/11572204769"",""source_type"":""OSM""}]",node,11572204769,,candidate_without_verified_bidet_match,,,2024-01-31T08:22:40Z,
buttler_loc_8759aa1e15398f0eb88d,Binary R Fitness Center,9.313681,123.3036417,,Unknown,Unknown,unknown,unknown,candidate_unverified,unknown,Medium,,1,"[{""evidence_role"":""restroom_acquisition"",""source_link_id"":""node/11612210813"",""source_type"":""OSM""}]",node,11612210813,,candidate_without_verified_bidet_match,,,2024-02-12T00:24:14Z,
buttler_loc_b7cd2afef95390b0dfdb,Charos Dormitel,9.31948,123.2912,"EJ Blanco Extension, Daro, Dumaguete City",Yes,Yes,customers,no,field_verified_via_bidet_survey,field_verified,High,,2,"[{""evidence_role"":""restroom_acquisition"",""source_link_id"":""node/11808950287"",""source_type"":""OSM""},{""evidence_role"":""verified_bidet_and_restroom_presence"",""source_link_id"":""bidet_survey_b2e2440ec2a034e93e84"",""source_type"":""field_survey_bidet_workbook""}]",node,11808950287,bidet_survey_b2e2440ec2a034e93e84,auto_matched_high_confidence,high,Normalized names are exact and coordinates are 12.1 m apart.,2025-02-26T06:12:38Z,
buttler_loc_c4c5e59f24eeafb47eed,Gerry's Restaurant,9.3059002,123.3102224,,Unknown,Unknown,unknown,unknown,candidate_unverified,unknown,High,,1,"[{""evidence_role"":""restroom_acquisition"",""source_link_id"":""node/11837187213"",""source_type"":""OSM""}]",node,11837187213,,candidate_without_verified_bidet_match,,,2024-04-22T11:11:41Z,
buttler_loc_888e2ab2d90c608ee61d,BOTEJYU,9.2987671,123.3031116,Robinsons Place Dumaguete,Unknown,Unknown,unknown,unknown,candidate_unverified,unknown,High,Robinson's Place Dumaguete,1,"[{""evidence_role"":""restroom_acquisition"",""source_link_id"":""node/11880885287"",""source_type"":""OSM""}]",node,11880885287,,candidate_without_verified_bidet_match,,,2025-03-09T12:20:55Z,
buttler_loc_c4ac6d50dc094be6c0be,Breadworth,9.3076404,123.3094966,"Rizal Boulevard, Poblacion 4, Dumaguete City",Unknown,Unknown,unknown,unknown,candidate_unverified,unknown,Medium,Paseo Perdices,1,"[{""evidence_role"":""restroom_acquisition"",""source_link_id"":""node/11896433090"",""source_type"":""OSM""}]",node,11896433090,,candidate_without_verified_bidet_match,,,2025-11-03T10:28:22Z,
buttler_loc_92eba5b66997b6b96c95,Biryani Point,9.3192482,123.2905126,"E. J. Blanco Extension, Daro, Dumaguete",Unknown,Unknown,unknown,unknown,candidate_unverified,unknown,High,,1,"[{""evidence_role"":""restroom_acquisition"",""source_link_id"":""node/12125788243"",""source_type"":""OSM""}]",node,12125788243,,candidate_without_verified_bidet_match,,,2025-02-26T06:14:56Z,
buttler_loc_1a2d1996008053d532b4,Tiffles,9.3262572,123.2978526,,Unknown,Unknown,unknown,unknown,candidate_unverified,unknown,Medium,,1,"[{""evidence_role"":""restroom_acquisition"",""source_link_id"":""node/12125901401"",""source_type"":""OSM""}]",node,12125901401,,candidate_without_verified_bidet_match,,,2025-02-15T08:42:15Z,
buttler_loc_a9f4e083704891b5a124,Firehouse Restaurant,9.3253584,123.2936629,"L. Rovira West Road, Dumaguete",Unknown,Unknown,unknown,unknown,candidate_unverified,unknown,High,,1,"[{""evidence_role"":""restroom_acquisition"",""source_link_id"":""node/12163413842"",""source_type"":""OSM""}]",node,12163413842,,candidate_without_verified_bidet_match,,,2025-02-14T04:10:03Z,
buttler_loc_2045f491cb93bf310dd5,Starbucks,9.3221969,123.299286,,Unknown,Unknown,unknown,unknown,candidate_unverified,unknown,Medium,,1,"[{""evidence_role"":""restroom_acquisition"",""source_link_id"":""node/12272201988"",""source_type"":""OSM""}]",node,12272201988,,candidate_without_verified_bidet_match,,,2025-12-31T04:01:22Z,
buttler_loc_d7dd2d79f2ca8521a243,Esther Eatery,9.3048831,123.306714,,Unknown,Unknown,unknown,unknown,candidate_unverified,unknown,High,,1,"[{""evidence_role"":""restroom_acquisition"",""source_link_id"":""node/12347390901"",""source_type"":""OSM""}]",node,12347390901,,candidate_without_verified_bidet_match,,,2024-11-17T05:24:34Z,
buttler_loc_df9dfb1dec344f7aad4d,Lamias Tapokkan,9.3096546,123.3081943,San Juan Street,Unknown,Unknown,unknown,unknown,candidate_unverified,unknown,High,,1,"[{""evidence_role"":""restroom_acquisition"",""source_link_id"":""node/12361321401"",""source_type"":""OSM""}]",node,12361321401,,candidate_without_verified_bidet_match,,,2026-08-14T10:22:19Z,
buttler_loc_6ad234033031d2d0973e,Señor Juan,9.3269105,123.3026933,"L. Rovira East Road, Dumaguete City",Unknown,Unknown,unknown,unknown,candidate_unverified,unknown,High,,1,"[{""evidence_role"":""restroom_acquisition"",""source_link_id"":""node/12361439701"",""source_type"":""OSM""}]",node,12361439701,,candidate_without_verified_bidet_match,,,2025-04-09T04:02:42Z,
buttler_loc_e5659b2c517af0d8d6fc,Bai Cafe Coffee & Resto,9.3180574,123.2971345,,Unknown,Unknown,unknown,unknown,candidate_unverified,unknown,Medium,,1,"[{""evidence_role"":""restroom_acquisition"",""source_link_id"":""node/12385614538"",""source_type"":""OSM""}]",node,12385614538,,candidate_without_verified_bidet_match,,,2025-02-19T01:33:52Z,
buttler_loc_2d39e53c50bc01c7339a,Unnamed public toilet,9.3126094,123.3106204,,Yes,Unknown,unknown,no,osm_explicit,unknown,,,1,"[{""evidence_role"":""restroom_acquisition"",""source_link_id"":""node/12389299379"",""source_type"":""OSM""}]",node,12389299379,,restroom_without_verified_bidet_match,,,2025-04-30T12:34:35Z,
buttler_loc_0ca936da9b33833b5f56,Green Cauldron,9.2787951,123.2758051,Dumaguete,Unknown,Unknown,unknown,unknown,candidate_unverified,unknown,High,,1,"[{""evidence_role"":""restroom_acquisition"",""source_link_id"":""node/12395019026"",""source_type"":""OSM""}]",node,12395019026,,candidate_without_verified_bidet_match,,,2024-12-04T03:40:55Z,
buttler_loc_530719a95e1ff4d4ed54,Buglas Isla Cafe Dumaguete,9.320438,123.310688,"EJ Blanco Drive, Piapi, Dumaguete City",Yes,Yes,customers,no,field_verified_via_bidet_survey,field_verified,Medium,,2,"[{""evidence_role"":""restroom_acquisition"",""source_link_id"":""node/12437947301"",""source_type"":""OSM""},{""evidence_role"":""verified_bidet_and_restroom_presence"",""source_link_id"":""bidet_survey_ddbefcc1a723198d13f5"",""source_type"":""field_survey_bidet_workbook""}]",node,12437947301,bidet_survey_ddbefcc1a723198d13f5,auto_matched_high_confidence,high,Venue names have strong containment/identity agreement and coordinates are 8.8 m apart.,2024-12-21T00:22:18Z,
buttler_loc_a8f6a7ee7bebe0fa186b,La Mensa Italian Chophouse,9.3202773,123.310753,"EJ Blanco Drive, Piapi, Dumaguete City",Yes,Yes,customers,no,field_verified_via_bidet_survey,field_verified,High,,2,"[{""evidence_role"":""restroom_acquisition"",""source_link_id"":""node/12437947302"",""source_type"":""OSM""},{""evidence_role"":""verified_bidet_and_restroom_presence"",""source_link_id"":""bidet_survey_42d880de0bb0e28a4836"",""source_type"":""field_survey_bidet_workbook""}]",node,12437947302,bidet_survey_42d880de0bb0e28a4836,auto_matched_high_confidence,high,Normalized names are exact and coordinates are 7.8 m apart.,2026-03-19T04:28:27Z,
buttler_loc_b82578c9e6d8705fbe01,Unwnd Boutique Hotel,9.3291539,123.2906945,"Capitan De Leon Drive, Dumaguete",Unknown,Unknown,unknown,unknown,candidate_unverified,unknown,High,,1,"[{""evidence_role"":""restroom_acquisition"",""source_link_id"":""node/12438420901"",""source_type"":""OSM""}]",node,12438420901,,candidate_without_verified_bidet_match,,,2025-04-09T04:25:06Z,
buttler_loc_5edd0a67083faa246576,Bugtaw,9.3195445,123.3074993,,Unknown,Unknown,unknown,unknown,candidate_unverified,unknown,High,,1,"[{""evidence_role"":""restroom_acquisition"",""source_link_id"":""node/12442689501"",""source_type"":""OSM""}]",node,12442689501,,candidate_without_verified_bidet_match,,,2024-12-23T01:44:58Z,
buttler_loc_cb32e6351557e49c65d7,Domus Resto,9.3195501,123.3075882,,Unknown,Unknown,unknown,unknown,candidate_unverified,unknown,High,,1,"[{""evidence_role"":""restroom_acquisition"",""source_link_id"":""node/12442689502"",""source_type"":""OSM""}]",node,12442689502,,candidate_without_verified_bidet_match,,,2024-12-23T01:46:23Z,
buttler_loc_b9725d9b32569dcc4eeb,Esturya sa KRI Restaurant,9.3182919,123.3071713,,Unknown,Unknown,unknown,unknown,candidate_unverified,unknown,High,,1,"[{""evidence_role"":""restroom_acquisition"",""source_link_id"":""node/12442691601"",""source_type"":""OSM""}]",node,12442691601,,candidate_without_verified_bidet_match,,,2024-12-23T01:48:03Z,
buttler_loc_bfe9951680c39a3ee8a2,Si Senor,9.3274627,123.3104614,North Boulevard,Unknown,Unknown,unknown,unknown,candidate_unverified,unknown,High,,1,"[{""evidence_role"":""restroom_acquisition"",""source_link_id"":""node/12442696301"",""source_type"":""OSM""}]",node,12442696301,,candidate_without_verified_bidet_match,,,2025-04-09T03:59:52Z,
buttler_loc_f0bc49207a505b7f6c1d,Kapeng Lokal,9.3284671,123.3098048,,Unknown,Unknown,unknown,unknown,candidate_unverified,unknown,Medium,,1,"[{""evidence_role"":""restroom_acquisition"",""source_link_id"":""node/12447102002"",""source_type"":""OSM""}]",node,12447102002,,candidate_without_verified_bidet_match,,,2025-02-14T06:52:48Z,
buttler_loc_f993cdc65935fe8eb76f,Mang Kaloy,9.3242518,123.3117082,,Unknown,Unknown,unknown,unknown,candidate_unverified,unknown,High,,1,"[{""evidence_role"":""restroom_acquisition"",""source_link_id"":""node/12447216401"",""source_type"":""OSM""}]",node,12447216401,,candidate_without_verified_bidet_match,,,2025-02-15T08:23:04Z,
buttler_loc_071a873093ac5ab8f235,Café Maria,9.3240076,123.309176,,Unknown,Unknown,unknown,unknown,candidate_unverified,unknown,High,,1,"[{""evidence_role"":""restroom_acquisition"",""source_link_id"":""node/12447216901"",""source_type"":""OSM""}]",node,12447216901,,candidate_without_verified_bidet_match,,,2025-02-26T11:25:44Z,
buttler_loc_2bd5ea01e7db8c3a00d2,Popolo Pizzeria,9.3275723,123.3105624,North Boulevard,Unknown,Unknown,unknown,unknown,candidate_unverified,unknown,High,,1,"[{""evidence_role"":""restroom_acquisition"",""source_link_id"":""node/12452350903"",""source_type"":""OSM""}]",node,12452350903,,candidate_without_verified_bidet_match,,,2025-04-09T03:59:52Z,
buttler_loc_70a28be963301e222a7f,Ichiraku,9.3171807,123.3025045,,Unknown,Unknown,unknown,unknown,candidate_unverified,unknown,High,,1,"[{""evidence_role"":""restroom_acquisition"",""source_link_id"":""node/12458766504"",""source_type"":""OSM""}]",node,12458766504,,candidate_without_verified_bidet_match,,,2025-04-15T08:26:03Z,
buttler_loc_fca48a4d41cf4044fa6b,Sans Rival - Bistro-Bar-Restaurant,9.3226438,123.3120696,,Unknown,Unknown,unknown,unknown,candidate_unverified,unknown,Medium,,1,"[{""evidence_role"":""restroom_acquisition"",""source_link_id"":""node/12460417101"",""source_type"":""OSM""}]",node,12460417101,,candidate_without_verified_bidet_match,,,2026-03-19T04:28:27Z,
buttler_loc_11150d0d776dc7e0f148,UCC Café Terrace,9.322188,123.312187,"G/F Filinvest Malls Dumaguete, Flores Avenue corner EJ Blanco Drive, Brgy. Piapi, Dumaguete City",Yes,Yes,public/customers,no,field_verified_via_bidet_survey,field_verified,Medium,,2,"[{""evidence_role"":""restroom_acquisition"",""source_link_id"":""node/12460417201"",""source_type"":""OSM""},{""evidence_role"":""verified_bidet_and_restroom_presence"",""source_link_id"":""bidet_survey_33679a2cd4a7d13824b9"",""source_type"":""field_survey_bidet_workbook""}]",node,12460417201,bidet_survey_33679a2cd4a7d13824b9,auto_matched_high_confidence,high,Normalized names are exact and coordinates are 12.7 m apart.,2025-03-09T04:15:38Z,
buttler_loc_fee4ea97c9972c4b9273,Mang Kaloy,9.3221206,123.3069299,,Unknown,Unknown,unknown,unknown,candidate_unverified,unknown,High,,1,"[{""evidence_role"":""restroom_acquisition"",""source_link_id"":""node/12460776901"",""source_type"":""OSM""}]",node,12460776901,,candidate_without_verified_bidet_match,,,2024-12-29T12:16:28Z,
buttler_loc_8d764f56ae4c884bdfe3,Arbour by Jan,9.3255451,123.3068699,,Unknown,Unknown,unknown,unknown,candidate_unverified,unknown,High,,1,"[{""evidence_role"":""restroom_acquisition"",""source_link_id"":""node/12461984101"",""source_type"":""OSM""}]",node,12461984101,,candidate_without_verified_bidet_match,,,2024-12-30T01:17:16Z,
buttler_loc_06e3639383272e4e3980,Kava,9.3254843,123.3068623,,Unknown,Unknown,unknown,unknown,candidate_unverified,unknown,Medium,,1,"[{""evidence_role"":""restroom_acquisition"",""source_link_id"":""node/12461984201"",""source_type"":""OSM""}]",node,12461984201,,candidate_without_verified_bidet_match,,,2025-03-07T08:08:09Z,
buttler_loc_f2dd13f72d0c1ba3991d,Diga Medical Clinic,9.311046,123.3014913,Cruztelco Road,Unknown,Unknown,unknown,unknown,candidate_unverified,unknown,Medium,,1,"[{""evidence_role"":""restroom_acquisition"",""source_link_id"":""node/12475515301"",""source_type"":""OSM""}]",node,12475515301,,candidate_without_verified_bidet_match,,,2025-02-18T23:52:26Z,
buttler_loc_4d88e7ecfa5e74074098,Multi-fit Gym,9.3196818,123.3002353,213 Veterans Avenue,Unknown,Unknown,unknown,unknown,candidate_unverified,unknown,Medium,,1,"[{""evidence_role"":""restroom_acquisition"",""source_link_id"":""node/12492289443"",""source_type"":""OSM""}]",node,12492289443,,candidate_without_verified_bidet_match,,,2025-02-27T01:09:23Z,
buttler_loc_9d279b527588aef9807b,Yoga Dumaguete,9.3197024,123.2999461,213 Veterans Avenue,Unknown,Unknown,unknown,yes,candidate_unverified,unknown,Medium,,1,"[{""evidence_role"":""restroom_acquisition"",""source_link_id"":""node/12492289801"",""source_type"":""OSM""}]",node,12492289801,,candidate_without_verified_bidet_match,,,2025-02-03T15:31:59Z,
buttler_loc_cebe006eaca2cbe0a027,Unnamed venue,9.2718219,123.2749314,,Unknown,Unknown,unknown,unknown,candidate_unverified,unknown,High,,1,"[{""evidence_role"":""restroom_acquisition"",""source_link_id"":""node/12495949850"",""source_type"":""OSM""}]",node,12495949850,,candidate_without_verified_bidet_match,,,2025-01-12T14:29:49Z,
buttler_loc_aba2b818d845c7c1b1fd,Jo's Chicken Inato,9.3255627,123.3110057,,Unknown,Unknown,unknown,unknown,candidate_unverified,unknown,High,,1,"[{""evidence_role"":""restroom_acquisition"",""source_link_id"":""node/12496176969"",""source_type"":""OSM""}]",node,12496176969,,candidate_without_verified_bidet_match,,,2025-02-15T08:21:15Z,
buttler_loc_2154c41922b8f75d871c,Kape Negrense Brew,9.3255828,123.3110696,,Unknown,Unknown,unknown,unknown,candidate_unverified,unknown,Medium,,1,"[{""evidence_role"":""restroom_acquisition"",""source_link_id"":""node/12496221467"",""source_type"":""OSM""}]",node,12496221467,,candidate_without_verified_bidet_match,,,2025-04-09T03:29:35Z,
buttler_loc_dcd255bb14520e795234,Bahia Restaurant and Lounge Bar,9.3264063,123.3111175,,Unknown,Unknown,unknown,unknown,candidate_unverified,unknown,High,,1,"[{""evidence_role"":""restroom_acquisition"",""source_link_id"":""node/12496944396"",""source_type"":""OSM""}]",node,12496944396,,candidate_without_verified_bidet_match,,,2025-04-06T15:59:47Z,
buttler_loc_3358f130f4eabfad41f3,La Essencia Cafe (Hotel Essencia),9.30897,123.30567,"#39 Hotel Essencia, Real St., Dumaguete City",Yes,Yes,public,no,field_verified_via_bidet_survey,field_verified,Medium,,2,"[{""evidence_role"":""restroom_acquisition"",""source_link_id"":""node/12497679888"",""source_type"":""OSM""},{""evidence_role"":""verified_bidet_and_restroom_presence"",""source_link_id"":""bidet_survey_7191bd927880643a00c6"",""source_type"":""field_survey_bidet_workbook""}]",node,12497679888,bidet_survey_7191bd927880643a00c6,auto_matched_high_confidence,high,Specific venue identity and geometry were manually audited (29.7 m); branch/tenant target is unique.,2026-03-19T04:28:27Z,
buttler_loc_fbdd94b10829b5e658f8,Curbada Convenience Store,9.2721793,123.2751486,,Unknown,Unknown,unknown,unknown,candidate_unverified,unknown,Medium,,1,"[{""evidence_role"":""restroom_acquisition"",""source_link_id"":""node/12517271410"",""source_type"":""OSM""}]",node,12517271410,,candidate_without_verified_bidet_match,,,2025-01-20T01:53:19Z,
buttler_loc_e4f9cbe98ceb9a84ec21,DaYo Seafood,9.3097191,123.3089464,San Juan Street,Unknown,Unknown,unknown,unknown,candidate_unverified,unknown,High,,1,"[{""evidence_role"":""restroom_acquisition"",""source_link_id"":""node/12550979148"",""source_type"":""OSM""}]",node,12550979148,,candidate_without_verified_bidet_match,,,2025-03-08T01:43:28Z,
buttler_loc_c8cf67537cac5286cc01,Minimik,9.3105081,123.3069487,,Unknown,Unknown,unknown,unknown,candidate_unverified,unknown,High,,1,"[{""evidence_role"":""restroom_acquisition"",""source_link_id"":""node/12552824382"",""source_type"":""OSM""}]",node,12552824382,,candidate_without_verified_bidet_match,,,2025-02-13T01:13:41Z,
buttler_loc_5686e9f061229434c998,Fit24,9.3104818,123.3078447,,Unknown,Unknown,unknown,unknown,candidate_unverified,unknown,Medium,,1,"[{""evidence_role"":""restroom_acquisition"",""source_link_id"":""node/12553288963"",""source_type"":""OSM""}]",node,12553288963,,candidate_without_verified_bidet_match,,,2025-02-03T05:58:04Z,
buttler_loc_d520c347f58cdae2ec61,Cha Tuk Chak,9.30415,123.30863,"38 Acias Pinili St., Corner Sta. Catalina, Dumaguete City",Yes,Yes,customers,no,field_verified_via_bidet_survey,field_verified,,,2,"[{""evidence_role"":""restroom_acquisition"",""source_link_id"":""node/12555075792"",""source_type"":""OSM""},{""evidence_role"":""verified_bidet_and_restroom_presence"",""source_link_id"":""bidet_survey_10ddf3ab9ad3265be610"",""source_type"":""field_survey_bidet_workbook""}]",node,12555075792,bidet_survey_10ddf3ab9ad3265be610,auto_matched_high_confidence,high,Normalized names are exact and coordinates are 6.2 m apart.,2026-03-19T04:28:27Z,
buttler_loc_867b42839132fb89e1ba,Unnamed public toilet,9.3059401,123.3084531,,Yes,Unknown,unknown,no,osm_explicit,unknown,,,1,"[{""evidence_role"":""restroom_acquisition"",""source_link_id"":""node/12555091398"",""source_type"":""OSM""}]",node,12555091398,,restroom_without_verified_bidet_match,,,2025-10-20T11:53:51Z,
buttler_loc_1dba062f2cfd8eddd42d,Unnamed public toilet,9.3057617,123.3084475,,Yes,Unknown,unknown,no,osm_explicit,unknown,,,1,"[{""evidence_role"":""restroom_acquisition"",""source_link_id"":""node/12555092383"",""source_type"":""OSM""}]",node,12555092383,,restroom_without_verified_bidet_match,,,2025-10-20T11:53:49Z,
buttler_loc_560a233a8c50a9dc3481,MediSwift Vaccination Center,9.3095967,123.3092411,San Juan Street,Unknown,Unknown,unknown,unknown,candidate_unverified,unknown,Medium,,1,"[{""evidence_role"":""restroom_acquisition"",""source_link_id"":""node/12564728775"",""source_type"":""OSM""}]",node,12564728775,,candidate_without_verified_bidet_match,,,2025-07-22T07:07:33Z,
buttler_loc_35b7d7f780e038ce1400,AU Dermatology Clinic,9.3063995,123.3094066,,Unknown,Unknown,unknown,unknown,candidate_unverified,unknown,Medium,,1,"[{""evidence_role"":""restroom_acquisition"",""source_link_id"":""node/12566526396"",""source_type"":""OSM""}]",node,12566526396,,candidate_without_verified_bidet_match,,,2025-02-07T23:51:03Z,
buttler_loc_0312be2a9c3de91e1882,Hannah Bbq & Eatery,9.3065904,123.3095345,,Unknown,Unknown,unknown,unknown,candidate_unverified,unknown,High,,1,"[{""evidence_role"":""restroom_acquisition"",""source_link_id"":""node/12566526397"",""source_type"":""OSM""}]",node,12566526397,,candidate_without_verified_bidet_match,,,2025-02-07T23:51:03Z,
buttler_loc_3e2ef87d5db8dc626e34,Unnamed public toilet,9.306168,123.3114537,,Yes,Unknown,unknown,no,osm_explicit,unknown,,,1,"[{""evidence_role"":""restroom_acquisition"",""source_link_id"":""node/12566577303"",""source_type"":""OSM""}]",node,12566577303,,restroom_without_verified_bidet_match,,,2025-03-25T13:31:16Z,
buttler_loc_2729ad69345eda116c6b,Unnamed public toilet,9.3055361,123.3114985,,Yes,Unknown,unknown,no,osm_explicit,unknown,,,1,"[{""evidence_role"":""restroom_acquisition"",""source_link_id"":""node/12566577306"",""source_type"":""OSM""}]",node,12566577306,,restroom_without_verified_bidet_match,,,2025-03-25T13:31:02Z,
buttler_loc_a0decda9d9b59900b891,Unnamed public toilet,9.3052169,123.3108357,,Yes,Unknown,unknown,no,osm_explicit,unknown,,,1,"[{""evidence_role"":""restroom_acquisition"",""source_link_id"":""node/12566577312"",""source_type"":""OSM""}]",node,12566577312,,restroom_without_verified_bidet_match,,,2025-03-25T13:31:23Z,
buttler_loc_b45bc7f57441dee5e18c,Unnamed public toilet,9.3051707,123.3108382,,Yes,Unknown,unknown,no,osm_explicit,unknown,,,1,"[{""evidence_role"":""restroom_acquisition"",""source_link_id"":""node/12566577313"",""source_type"":""OSM""}]",node,12566577313,,restroom_without_verified_bidet_match,,,2025-03-25T13:31:20Z,
buttler_loc_9700dad4435c920f64f7,Unnamed public toilet,9.3063582,123.3105277,,Yes,Unknown,unknown,no,osm_explicit,unknown,,,1,"[{""evidence_role"":""restroom_acquisition"",""source_link_id"":""node/12566577314"",""source_type"":""OSM""}]",node,12566577314,,restroom_without_verified_bidet_match,,,2025-03-25T13:31:28Z,
buttler_loc_7b9e58dc804fe7dfc354,Dekada,9.3066309,123.3100069,Rizal Boulevard,Unknown,Unknown,unknown,unknown,candidate_unverified,unknown,High,,1,"[{""evidence_role"":""restroom_acquisition"",""source_link_id"":""node/12566577324"",""source_type"":""OSM""}]",node,12566577324,,candidate_without_verified_bidet_match,,,2025-02-07T23:51:03Z,
buttler_loc_8c2f691a55ed5b391fd4,Allegre,9.3066538,123.309958,Rizal Boulevard,Unknown,Unknown,unknown,unknown,candidate_unverified,unknown,Medium,,1,"[{""evidence_role"":""restroom_acquisition"",""source_link_id"":""node/12566577326"",""source_type"":""OSM""}]",node,12566577326,,candidate_without_verified_bidet_match,,,2025-02-26T06:31:18Z,
buttler_loc_6886724e44fcd81aaf27,Henia Hotel,9.306437,123.305813,"LEU Bldg., Bishop Epifanio Surban St. cor. Real St., Dumaguete City",Yes,Yes,public,no,field_verified_via_bidet_survey,field_verified,High,,2,"[{""evidence_role"":""restroom_acquisition"",""source_link_id"":""node/12566581750"",""source_type"":""OSM""},{""evidence_role"":""verified_bidet_and_restroom_presence"",""source_link_id"":""bidet_survey_287fdaa8700b7a166ae5"",""source_type"":""field_survey_bidet_workbook""}]",node,12566581750,bidet_survey_287fdaa8700b7a166ae5,auto_matched_high_confidence,high,Venue names have strong containment/identity agreement and coordinates are 3.5 m apart.,2025-02-07T23:55:16Z,
buttler_loc_55ee7ab5ba8e4d659ead,Got Kee,9.3100609,123.3091581,Rizal Avenue,Unknown,Unknown,unknown,unknown,candidate_unverified,unknown,High,,1,"[{""evidence_role"":""restroom_acquisition"",""source_link_id"":""node/12570847544"",""source_type"":""OSM""}]",node,12570847544,,candidate_without_verified_bidet_match,,,2025-03-04T01:43:07Z,
buttler_loc_05e85f7485fcabfcb2d8,Sintral,9.3101647,123.3091042,"Rizal Avenue, Dumaguete",Unknown,Unknown,unknown,unknown,candidate_unverified,unknown,Medium,,1,"[{""evidence_role"":""restroom_acquisition"",""source_link_id"":""node/12570847545"",""source_type"":""OSM""}]",node,12570847545,,candidate_without_verified_bidet_match,,,2025-02-26T06:28:01Z,
buttler_loc_58e6ae5819d0cdbba546,Anytime Fitness,9.322668,123.2986399,,Unknown,Unknown,unknown,unknown,candidate_unverified,unknown,Medium,,1,"[{""evidence_role"":""restroom_acquisition"",""source_link_id"":""node/12587090479"",""source_type"":""OSM""}]",node,12587090479,,candidate_without_verified_bidet_match,,,2026-08-30T04:06:04Z,
buttler_loc_da9e289ed1bc0b78f6b3,Mommy Ying,9.3113711,123.3059674,,Unknown,Unknown,unknown,unknown,candidate_unverified,unknown,High,,1,"[{""evidence_role"":""restroom_acquisition"",""source_link_id"":""node/12588851130"",""source_type"":""OSM""}]",node,12588851130,,candidate_without_verified_bidet_match,,,2025-02-15T02:40:24Z,
buttler_loc_86161073f2c0de7e030f,Hemingway,9.3145795,123.2977257,,Unknown,Unknown,unknown,unknown,candidate_unverified,unknown,Medium,,1,"[{""evidence_role"":""restroom_acquisition"",""source_link_id"":""node/12588868257"",""source_type"":""OSM""}]",node,12588868257,,candidate_without_verified_bidet_match,,,2025-02-18T03:37:11Z,
buttler_loc_0fdc698f48d9b95f13a4,Potato Corner,9.3113876,123.305751,,Unknown,Unknown,unknown,unknown,candidate_unverified,unknown,High,,1,"[{""evidence_role"":""restroom_acquisition"",""source_link_id"":""node/12588902347"",""source_type"":""OSM""}]",node,12588902347,,candidate_without_verified_bidet_match,,,2025-02-15T02:34:48Z,
buttler_loc_34a6bcbf0efddc548469,Got Kee Restaurant,9.3100579,123.3092589,Rizal Boulevard,Unknown,Unknown,unknown,unknown,candidate_unverified,unknown,High,,1,"[{""evidence_role"":""restroom_acquisition"",""source_link_id"":""node/12588984233"",""source_type"":""OSM""}]",node,12588984233,,candidate_without_verified_bidet_match,,,2025-02-15T04:10:42Z,
buttler_loc_35daaacc30cea646c9a0,Pickup Coffee,9.2990221,123.3030188,,Unknown,Unknown,unknown,unknown,candidate_unverified,unknown,Medium,,1,"[{""evidence_role"":""restroom_acquisition"",""source_link_id"":""node/12592454942"",""source_type"":""OSM""}]",node,12592454942,,candidate_without_verified_bidet_match,,,2025-05-16T09:35:48Z,
buttler_loc_6b77bb630fbbf161e4da,Miguelitos Avocado Locco,9.2989327,123.3035479,,Unknown,Unknown,unknown,unknown,candidate_unverified,unknown,High,,1,"[{""evidence_role"":""restroom_acquisition"",""source_link_id"":""node/12592469280"",""source_type"":""OSM""}]",node,12592469280,,candidate_without_verified_bidet_match,,,2025-05-16T09:34:25Z,
buttler_loc_edf38067a27cb836ed7d,Sushi Unlimited,9.2989219,123.3034888,,Unknown,Unknown,unknown,unknown,candidate_unverified,unknown,High,,1,"[{""evidence_role"":""restroom_acquisition"",""source_link_id"":""node/12592475289"",""source_type"":""OSM""}]",node,12592475289,,candidate_without_verified_bidet_match,,,2025-05-16T09:34:33Z,
buttler_loc_3670cf4d0973843fc0bb,Siomai King,9.2989591,123.3034725,,Unknown,Unknown,unknown,unknown,candidate_unverified,unknown,High,,1,"[{""evidence_role"":""restroom_acquisition"",""source_link_id"":""node/12592483765"",""source_type"":""OSM""}]",node,12592483765,,candidate_without_verified_bidet_match,,,2025-05-16T09:34:29Z,
buttler_loc_2d935f2feffee02a246f,Waffle Time,9.2988927,123.3034982,,Unknown,Unknown,unknown,unknown,candidate_unverified,unknown,High,Robinsons Dumaguete,1,"[{""evidence_role"":""restroom_acquisition"",""source_link_id"":""node/12592503907"",""source_type"":""OSM""}]",node,12592503907,,candidate_without_verified_bidet_match,,,2025-05-16T09:34:37Z,
buttler_loc_542ce0a9bde4878edf47,Takuyaki Japanese Balls,9.2989387,123.3035076,,Unknown,Unknown,unknown,unknown,candidate_unverified,unknown,High,,1,"[{""evidence_role"":""restroom_acquisition"",""source_link_id"":""node/12592511465"",""source_type"":""OSM""}]",node,12592511465,,candidate_without_verified_bidet_match,,,2025-03-09T07:44:00Z,
buttler_loc_58fcfd4df580a5c18c76,Unnamed public toilet,9.298837,123.3036674,,Yes,Unknown,unknown,no,osm_explicit,unknown,,,1,"[{""evidence_role"":""restroom_acquisition"",""source_link_id"":""node/12592519688"",""source_type"":""OSM""}]",node,12592519688,,restroom_without_verified_bidet_match,,,2026-03-15T10:56:52Z,
buttler_loc_a7c5739a54200712f6de,Buko Pilipino,9.2989125,123.3035445,,Unknown,Unknown,unknown,unknown,candidate_unverified,unknown,High,,1,"[{""evidence_role"":""restroom_acquisition"",""source_link_id"":""node/12592526371"",""source_type"":""OSM""}]",node,12592526371,,candidate_without_verified_bidet_match,,,2025-05-16T09:34:44Z,
buttler_loc_83da8dbeb1be3725b159,Unnamed venue,9.3195229,123.2888706,Larena Drive,Unknown,Unknown,unknown,unknown,candidate_unverified,unknown,High,,1,"[{""evidence_role"":""restroom_acquisition"",""source_link_id"":""node/12597766657"",""source_type"":""OSM""}]",node,12597766657,,candidate_without_verified_bidet_match,,,2025-02-18T07:12:39Z,
buttler_loc_3983dd62b2e253714d42,Azul Bar,9.3205129,123.3124021,,Unknown,Unknown,unknown,unknown,candidate_unverified,unknown,Medium,,1,"[{""evidence_role"":""restroom_acquisition"",""source_link_id"":""node/12602338255"",""source_type"":""OSM""}]",node,12602338255,,candidate_without_verified_bidet_match,,,2025-02-20T02:03:53Z,
buttler_loc_3fe0f00b70ea9201bab4,Meltin' Pot,9.3198402,123.3072419,,Unknown,Unknown,unknown,unknown,candidate_unverified,unknown,High,,1,"[{""evidence_role"":""restroom_acquisition"",""source_link_id"":""node/12602338258"",""source_type"":""OSM""}]",node,12602338258,,candidate_without_verified_bidet_match,,,2025-02-20T02:03:53Z,
buttler_loc_1b521ee2a8cd8f2da2df,7-Eleven,9.3171987,123.2949972,,Unknown,Unknown,unknown,unknown,candidate_unverified,unknown,Medium,,1,"[{""evidence_role"":""restroom_acquisition"",""source_link_id"":""node/12606207800"",""source_type"":""OSM""}]",node,12606207800,,candidate_without_verified_bidet_match,,,2025-03-05T03:30:13Z,
buttler_loc_8c6c136762e810755103,Dumaguete Dormitel,9.3101475,123.3065882,"Silliman Avenue, Dumaguete",Unknown,Unknown,unknown,unknown,candidate_unverified,unknown,High,way/290512308,1,"[{""evidence_role"":""restroom_acquisition"",""source_link_id"":""node/12606241554"",""source_type"":""OSM""}]",node,12606241554,,candidate_without_verified_bidet_match,,,2025-02-25T01:03:49Z,
buttler_loc_07305f643bdb3ac57a67,KC Mart,9.3101264,123.3063351,"Silliman Avenue, Dumaguete",Unknown,Unknown,unknown,unknown,candidate_unverified,unknown,Medium,way/290512308,1,"[{""evidence_role"":""restroom_acquisition"",""source_link_id"":""node/12606242994"",""source_type"":""OSM""}]",node,12606242994,,candidate_without_verified_bidet_match,,,2025-02-22T03:07:38Z,
buttler_loc_46479be718979d28cd4d,Kuya Fred's Beef Pares,9.3274571,123.2971191,,Unknown,Unknown,unknown,unknown,candidate_unverified,unknown,High,,1,"[{""evidence_role"":""restroom_acquisition"",""source_link_id"":""node/12608719071"",""source_type"":""OSM""}]",node,12608719071,,candidate_without_verified_bidet_match,,,2025-02-22T00:48:55Z,
buttler_loc_4b0aad8094c248552deb,Figaro,9.3101623,123.3066707,"Silliman Avenue, Dumaguete",Unknown,Unknown,unknown,unknown,candidate_unverified,unknown,Medium,way/290512318,1,"[{""evidence_role"":""restroom_acquisition"",""source_link_id"":""node/12608845753"",""source_type"":""OSM""}]",node,12608845753,,candidate_without_verified_bidet_match,,,2025-02-24T01:04:46Z,
buttler_loc_370800da18317b311fdb,8th Yoga Shala and Wellness Hub,9.322563,123.295687,"St. Ignatius Street, Maria Asuncion Village, Daro, Dumaguete City",Yes,Yes,customers,no,field_verified_via_bidet_survey,field_verified,Medium,,2,"[{""evidence_role"":""restroom_acquisition"",""source_link_id"":""node/12609000367"",""source_type"":""OSM""},{""evidence_role"":""verified_bidet_and_restroom_presence"",""source_link_id"":""bidet_survey_3dd5ebf0f0526a038961"",""source_type"":""field_survey_bidet_workbook""}]",node,12609000367,bidet_survey_3dd5ebf0f0526a038961,auto_matched_high_confidence,high,Normalized names are exact and coordinates are 12.3 m apart.,2025-02-22T04:59:13Z,
buttler_loc_c565bc14a8703a2c2e4e,Mr. Sizzlers,9.3224787,123.3120586,,Unknown,Unknown,unknown,unknown,candidate_unverified,unknown,High,,1,"[{""evidence_role"":""restroom_acquisition"",""source_link_id"":""node/12612178626"",""source_type"":""OSM""}]",node,12612178626,,candidate_without_verified_bidet_match,,,2025-03-09T03:59:56Z,
buttler_loc_ffb760a06b60246ee2d0,Waffle Time,9.3229245,123.3118567,,Unknown,Unknown,unknown,unknown,candidate_unverified,unknown,High,,1,"[{""evidence_role"":""restroom_acquisition"",""source_link_id"":""node/12612220047"",""source_type"":""OSM""}]",node,12612220047,,candidate_without_verified_bidet_match,,,2025-03-09T04:06:41Z,
buttler_loc_22af61b794ae44eea1ac,de Original Jamaican Pattie Shop,9.323102,123.3118912,,Unknown,Unknown,unknown,unknown,candidate_unverified,unknown,High,,1,"[{""evidence_role"":""restroom_acquisition"",""source_link_id"":""node/12612235153"",""source_type"":""OSM""}]",node,12612235153,,candidate_without_verified_bidet_match,,,2025-03-09T04:12:48Z,
buttler_loc_9e63270df73b67a40458,Breadworth Bakery Cafe,9.3230401,123.3117443,,Unknown,Unknown,unknown,unknown,candidate_unverified,unknown,Medium,,1,"[{""evidence_role"":""restroom_acquisition"",""source_link_id"":""node/12612235953"",""source_type"":""OSM""}]",node,12612235953,,candidate_without_verified_bidet_match,,,2025-03-09T04:08:55Z,
buttler_loc_8f6d9c4a81c633a346ce,Gong Cha,9.3230521,123.3119207,,Unknown,Unknown,unknown,unknown,candidate_unverified,unknown,Medium,,1,"[{""evidence_role"":""restroom_acquisition"",""source_link_id"":""node/12612235954"",""source_type"":""OSM""}]",node,12612235954,,candidate_without_verified_bidet_match,,,2025-12-31T04:01:22Z,
buttler_loc_72ecd91d1288d9c87bcf,Kettle Korn,9.3227995,123.3119053,,Unknown,Unknown,unknown,unknown,candidate_unverified,unknown,High,,1,"[{""evidence_role"":""restroom_acquisition"",""source_link_id"":""node/12612235963"",""source_type"":""OSM""}]",node,12612235963,,candidate_without_verified_bidet_match,,,2025-03-09T04:01:46Z,
buttler_loc_497f9153d3a49a5cb6f8,Potato Corner,9.3228825,123.3118704,,Unknown,Unknown,unknown,unknown,candidate_unverified,unknown,High,,1,"[{""evidence_role"":""restroom_acquisition"",""source_link_id"":""node/12612237340"",""source_type"":""OSM""}]",node,12612237340,,candidate_without_verified_bidet_match,,,2025-03-09T04:03:32Z,
buttler_loc_d17837ace13466627e60,Japa Bites,9.322542,123.3119391,,Unknown,Unknown,unknown,unknown,candidate_unverified,unknown,High,,1,"[{""evidence_role"":""restroom_acquisition"",""source_link_id"":""node/12612246703"",""source_type"":""OSM""}]",node,12612246703,,candidate_without_verified_bidet_match,,,2025-03-09T03:58:09Z,
buttler_loc_39a4097784cea5d0c84a,Tender Juicy,9.3232091,123.2976765,,Unknown,Unknown,unknown,unknown,candidate_unverified,unknown,High,CityMall Dumaguete,1,"[{""evidence_role"":""restroom_acquisition"",""source_link_id"":""node/12612257670"",""source_type"":""OSM""}]",node,12612257670,,candidate_without_verified_bidet_match,,,2025-03-06T06:34:35Z,
buttler_loc_93f7e7f51b862cfc919e,Waffle Time,9.3234049,123.2976242,,Unknown,Unknown,unknown,unknown,candidate_unverified,unknown,High,CityMall Dumaguete,1,"[{""evidence_role"":""restroom_acquisition"",""source_link_id"":""node/12612258907"",""source_type"":""OSM""}]",node,12612258907,,candidate_without_verified_bidet_match,,,2025-03-06T06:34:32Z,
buttler_loc_d8f30adf5effac097175,Leah T's Store,9.3208251,123.2949734,,Unknown,Unknown,unknown,unknown,candidate_unverified,unknown,Medium,,1,"[{""evidence_role"":""restroom_acquisition"",""source_link_id"":""node/12612377361"",""source_type"":""OSM""}]",node,12612377361,,candidate_without_verified_bidet_match,,,2025-02-27T03:01:01Z,
buttler_loc_f94fb1f26cfca35f4b2b,Merlinda's Tocinohan,9.3206549,123.2952749,,Unknown,Unknown,unknown,unknown,candidate_unverified,unknown,High,,1,"[{""evidence_role"":""restroom_acquisition"",""source_link_id"":""node/12612391038"",""source_type"":""OSM""}]",node,12612391038,,candidate_without_verified_bidet_match,,,2025-03-06T06:33:22Z,
buttler_loc_27f48dd43b677be19c03,Brewthers,9.3198486,123.2951387,,Unknown,Unknown,unknown,unknown,candidate_unverified,unknown,Medium,,1,"[{""evidence_role"":""restroom_acquisition"",""source_link_id"":""node/12612415915"",""source_type"":""OSM""}]",node,12612415915,,candidate_without_verified_bidet_match,,,2025-03-06T06:33:25Z,
buttler_loc_18e882055c270cf9a88e,Taste Buds Snack Stop,9.3212091,123.2954628,,Unknown,Unknown,unknown,unknown,candidate_unverified,unknown,High,,1,"[{""evidence_role"":""restroom_acquisition"",""source_link_id"":""node/12612417459"",""source_type"":""OSM""}]",node,12612417459,,candidate_without_verified_bidet_match,,,2025-03-06T06:33:16Z,
buttler_loc_8a5369dbb800787bf503,Overdose,9.3099501,123.3049349,Silliman Avenue,Unknown,Unknown,unknown,unknown,candidate_unverified,unknown,Medium,,1,"[{""evidence_role"":""restroom_acquisition"",""source_link_id"":""node/12614235755"",""source_type"":""OSM""}]",node,12614235755,,candidate_without_verified_bidet_match,,,2025-02-24T00:09:25Z,
buttler_loc_4981b19e71c5ac1be20f,Unnamed venue,9.320526,123.2959262,,Unknown,Unknown,unknown,unknown,candidate_unverified,unknown,Medium,,1,"[{""evidence_role"":""restroom_acquisition"",""source_link_id"":""node/12624732235"",""source_type"":""OSM""}]",node,12624732235,,candidate_without_verified_bidet_match,,,2025-03-02T16:14:06Z,
buttler_loc_5afb7c678fcd8cf2ab57,Unnamed venue,9.3224739,123.2957649,,Unknown,Unknown,unknown,unknown,candidate_unverified,unknown,Medium,,1,"[{""evidence_role"":""restroom_acquisition"",""source_link_id"":""node/12625238599"",""source_type"":""OSM""}]",node,12625238599,,candidate_without_verified_bidet_match,,,2025-03-02T16:12:04Z,
buttler_loc_9ed9b86e8256837fbbea,Unnamed public toilet,9.3223092,123.2960591,,Yes,Unknown,unknown,no,osm_explicit,unknown,,,1,"[{""evidence_role"":""restroom_acquisition"",""source_link_id"":""node/12625279113"",""source_type"":""OSM""}]",node,12625279113,,restroom_without_verified_bidet_match,,,2025-02-28T09:28:11Z,
buttler_loc_2c298a576fa7a6bf805c,Janice Store,9.3236599,123.2932538,First Street,Unknown,Unknown,unknown,unknown,candidate_unverified,unknown,Medium,,1,"[{""evidence_role"":""restroom_acquisition"",""source_link_id"":""node/12627992130"",""source_type"":""OSM""}]",node,12627992130,,candidate_without_verified_bidet_match,,,2025-06-29T01:30:56Z,
buttler_loc_6f94958fcd0760859fc6,Unnamed public toilet,9.3217884,123.2935376,,Yes,Unknown,unknown,no,osm_explicit,unknown,,,1,"[{""evidence_role"":""restroom_acquisition"",""source_link_id"":""node/12628025862"",""source_type"":""OSM""}]",node,12628025862,,restroom_without_verified_bidet_match,,,2025-03-02T16:15:25Z,
buttler_loc_82d898b075286140c12e,Unnamed venue,9.3218775,123.2935176,,Unknown,Unknown,unknown,unknown,candidate_unverified,unknown,Medium,,1,"[{""evidence_role"":""restroom_acquisition"",""source_link_id"":""node/12628028836"",""source_type"":""OSM""}]",node,12628028836,,candidate_without_verified_bidet_match,,,2025-03-02T16:16:01Z,
buttler_loc_f5cf71430cf1f86680fa,Unnamed venue,9.3236523,123.2929625,"Saint Raymund Street, Dumaguete",Unknown,Unknown,unknown,unknown,candidate_unverified,unknown,Medium,,1,"[{""evidence_role"":""restroom_acquisition"",""source_link_id"":""node/12629886907"",""source_type"":""OSM""}]",node,12629886907,,candidate_without_verified_bidet_match,,,2025-03-02T16:16:56Z,
buttler_loc_e07ca7ac2d50af0a11e4,Jay Lovely Eatery,9.3200214,123.296022,"E. J. Blanco Extension, Dumaguete",Unknown,Unknown,unknown,unknown,candidate_unverified,unknown,High,,1,"[{""evidence_role"":""restroom_acquisition"",""source_link_id"":""node/12630030615"",""source_type"":""OSM""}]",node,12630030615,,candidate_without_verified_bidet_match,,,2025-03-06T06:33:45Z,
buttler_loc_64f7a3bdc0c3ded24d94,Jannilyn Villanueva,9.3200169,123.296196,"E. J. Blanco Extension, Dumaguete",Unknown,Unknown,unknown,unknown,candidate_unverified,unknown,Medium,,1,"[{""evidence_role"":""restroom_acquisition"",""source_link_id"":""node/12630030616"",""source_type"":""OSM""}]",node,12630030616,,candidate_without_verified_bidet_match,,,2025-03-02T16:19:59Z,
buttler_loc_7a8c409790bdd2787dfa,Regudo Sari Sari Store,9.3199601,123.2959245,"E. J. Blanco Extension, Dumaguete",Unknown,Unknown,unknown,unknown,candidate_unverified,unknown,Medium,,1,"[{""evidence_role"":""restroom_acquisition"",""source_link_id"":""node/12630030629"",""source_type"":""OSM""}]",node,12630030629,,candidate_without_verified_bidet_match,,,2025-03-02T16:18:36Z,
buttler_loc_d33c5e7ec4a5a20b6273,Atirolf's Store,9.3199301,123.2957478,"E. J. Blanco Extension, Dumaguete",Unknown,Unknown,unknown,unknown,candidate_unverified,unknown,Medium,,1,"[{""evidence_role"":""restroom_acquisition"",""source_link_id"":""node/12630030639"",""source_type"":""OSM""}]",node,12630030639,,candidate_without_verified_bidet_match,,,2025-03-02T16:18:32Z,
buttler_loc_db0ee0df69e0c790bc0f,Unnamed public toilet,9.3189518,123.3002593,,Yes,Unknown,customers,unknown,osm_explicit,unknown,,,1,"[{""evidence_role"":""restroom_acquisition"",""source_link_id"":""node/12637821915"",""source_type"":""OSM""}]",node,12637821915,,restroom_without_verified_bidet_match,,,2025-03-05T03:30:13Z,
buttler_loc_78ac8abdc209df17592f,Squeeze It,9.3234865,123.2976003,,Unknown,Unknown,unknown,unknown,candidate_unverified,unknown,High,,1,"[{""evidence_role"":""restroom_acquisition"",""source_link_id"":""node/12638147635"",""source_type"":""OSM""}]",node,12638147635,,candidate_without_verified_bidet_match,,,2025-03-06T01:18:36Z,
buttler_loc_26861bbc0da9963baeb3,Master Siomai,9.3234496,123.2976102,,Unknown,Unknown,unknown,unknown,candidate_unverified,unknown,High,,1,"[{""evidence_role"":""restroom_acquisition"",""source_link_id"":""node/12638157591"",""source_type"":""OSM""}]",node,12638157591,,candidate_without_verified_bidet_match,,,2025-03-06T01:18:36Z,
buttler_loc_ed82f6bf430ec8ab93bf,Xoxo Milk Tea House,9.3233705,123.2977017,,Unknown,Unknown,unknown,unknown,candidate_unverified,unknown,Medium,CityMall Dumaguete,1,"[{""evidence_role"":""restroom_acquisition"",""source_link_id"":""node/12638162745"",""source_type"":""OSM""}]",node,12638162745,,candidate_without_verified_bidet_match,,,2025-03-06T01:18:36Z,
buttler_loc_a337fc2f0e87dfde0d4f,Teves Salutan iCare Dental Clinic,9.3232418,123.297858,,Unknown,Unknown,unknown,unknown,candidate_unverified,unknown,Medium,,1,"[{""evidence_role"":""restroom_acquisition"",""source_link_id"":""node/12638164347"",""source_type"":""OSM""}]",node,12638164347,,candidate_without_verified_bidet_match,,,2025-03-06T01:18:36Z,
buttler_loc_76f9dfed6543559db96b,Kusina ni Luchi,9.3088872,123.3023063,San Jose Extension,Unknown,Unknown,unknown,unknown,candidate_unverified,unknown,High,,1,"[{""evidence_role"":""restroom_acquisition"",""source_link_id"":""node/12644596921"",""source_type"":""OSM""}]",node,12644596921,,candidate_without_verified_bidet_match,,,2025-03-13T05:53:54Z,
buttler_loc_d55816763dcd2630c6d5,M & J Lugawan,9.3117795,123.2989372,,Unknown,Unknown,unknown,unknown,candidate_unverified,unknown,High,,1,"[{""evidence_role"":""restroom_acquisition"",""source_link_id"":""node/12644685428"",""source_type"":""OSM""}]",node,12644685428,,candidate_without_verified_bidet_match,,,2026-08-31T11:29:40Z,
buttler_loc_6fa37619dd70e259b7b9,Pepper Lunch,9.3226286,123.2988305,,Unknown,Unknown,unknown,unknown,candidate_unverified,unknown,High,,1,"[{""evidence_role"":""restroom_acquisition"",""source_link_id"":""node/12647248550"",""source_type"":""OSM""}]",node,12647248550,,candidate_without_verified_bidet_match,,,2025-12-31T04:01:22Z,
buttler_loc_780e0052ed52c8bbe720,7-Eleven,9.2921614,123.2980076,,Unknown,Unknown,unknown,unknown,candidate_unverified,unknown,Medium,,1,"[{""evidence_role"":""restroom_acquisition"",""source_link_id"":""node/12655274587"",""source_type"":""OSM""}]",node,12655274587,,candidate_without_verified_bidet_match,,,2025-11-25T16:11:10Z,
buttler_loc_696cd2679eec37bd34f2,Fit4Life,9.3102865,123.3048497,Jose Pro Teves Street,Unknown,Unknown,unknown,unknown,candidate_unverified,unknown,Medium,,1,"[{""evidence_role"":""restroom_acquisition"",""source_link_id"":""node/12658032101"",""source_type"":""OSM""}]",node,12658032101,,candidate_without_verified_bidet_match,,,2025-03-13T07:33:08Z,
buttler_loc_05fdd39f17ad212b36e9,Unnamed public toilet,9.3118825,123.3050554,,Yes,Yes,unknown,no,osm_explicit,osm_explicit,,,1,"[{""evidence_role"":""restroom_acquisition"",""source_link_id"":""node/12677967371"",""source_type"":""OSM""}]",node,12677967371,,restroom_without_verified_bidet_match,,,2025-04-04T09:42:12Z,
buttler_loc_22c9cabc3a0a85dc1080,Llaollao Boulevard,9.30928,123.30928,"44 Rizal Boulevard, Dumaguete City",Yes,Yes,customers,no,field_verified_via_bidet_survey,field_verified,,,2,"[{""evidence_role"":""restroom_acquisition"",""source_link_id"":""node/12677967376"",""source_type"":""OSM""},{""evidence_role"":""verified_bidet_and_restroom_presence"",""source_link_id"":""bidet_survey_fd464de2627141a706bf"",""source_type"":""field_survey_bidet_workbook""}]",node,12677967376,bidet_survey_fd464de2627141a706bf,auto_matched_high_confidence,high,Venue names have strong containment/identity agreement and coordinates are 11.6 m apart.,2026-03-19T04:28:27Z,
buttler_loc_ae4b6218778deb188599,Unnamed public toilet,9.3226419,123.3120605,,Yes,Yes,unknown,no,osm_explicit,osm_explicit,,,1,"[{""evidence_role"":""restroom_acquisition"",""source_link_id"":""node/12677967377"",""source_type"":""OSM""}]",node,12677967377,,restroom_without_verified_bidet_match,,,2025-04-06T06:30:24Z,
buttler_loc_7c3cbecce099f04c1f52,Unnamed public toilet,9.3089973,123.305954,,Yes,Yes,unknown,no,osm_explicit,osm_explicit,,,1,"[{""evidence_role"":""restroom_acquisition"",""source_link_id"":""node/12677967378"",""source_type"":""OSM""}]",node,12677967378,,restroom_without_verified_bidet_match,,,2026-05-01T10:58:33Z,
buttler_loc_340899e138f37272d309,Unnamed public toilet,9.3093657,123.307719,,Yes,Yes,unknown,no,osm_explicit,osm_explicit,,,1,"[{""evidence_role"":""restroom_acquisition"",""source_link_id"":""node/12677967379"",""source_type"":""OSM""}]",node,12677967379,,restroom_without_verified_bidet_match,,,2025-03-22T03:42:55Z,
buttler_loc_ad0fdef24d0c3f3d841d,Unnamed public toilet,9.3082139,123.308868,,Yes,Yes,unknown,no,osm_explicit,osm_explicit,,,1,"[{""evidence_role"":""restroom_acquisition"",""source_link_id"":""node/12677967380"",""source_type"":""OSM""}]",node,12677967380,,restroom_without_verified_bidet_match,,,2025-10-02T23:14:04Z,
buttler_loc_837b1a828ff222ff4aef,Freedom Park,9.3138129,123.3025817,"Ninoy Aquino Freedom Park, in front of the Negros Oriental Capitol Building, Dumaguete City",Yes,Yes,public,yes,field_verified_via_bidet_survey,field_verified,,Ninoy Aquino Freedom Park,2,"[{""evidence_role"":""restroom_acquisition"",""source_link_id"":""node/12677967381"",""source_type"":""OSM""},{""evidence_role"":""verified_bidet_and_restroom_presence"",""source_link_id"":""bidet_survey_558e197ad39d5246d922"",""source_type"":""field_survey_bidet_workbook""}]",node,12677967381,bidet_survey_558e197ad39d5246d922,merge_with_restroom_record,human_adjudicated_high,"The OSM feature is an explicit public toilet with toilets:bidet=yes only 10.9 m from the verified survey coordinate at Freedom Park; identity, facility type, bidet evidence, and geometry agree.",2025-03-24T10:47:30Z,Survey identity and coordinates are canonical; OSM toilet identity and original values are retained in provenance.
buttler_loc_1611e7af55c1918d2037,Unnamed public toilet,9.3137085,123.302562,,Yes,Yes,unknown,yes,osm_explicit,osm_explicit,,,1,"[{""evidence_role"":""restroom_acquisition"",""source_link_id"":""node/12677967382"",""source_type"":""OSM""}]",node,12677967382,,restroom_without_verified_bidet_match,,,2025-03-24T10:47:23Z,
buttler_loc_b4b15702a7920e9b047b,Unnamed public toilet,9.3137559,123.3027294,,Yes,Yes,unknown,yes,osm_explicit,osm_explicit,,,1,"[{""evidence_role"":""restroom_acquisition"",""source_link_id"":""node/12677967383"",""source_type"":""OSM""}]",node,12677967383,,restroom_without_verified_bidet_match,,,2025-03-24T10:47:07Z,
buttler_loc_99953dcd629a146407fe,Unnamed public toilet,9.3154403,123.306585,,Yes,Yes,unknown,no,osm_explicit,osm_explicit,,,1,"[{""evidence_role"":""restroom_acquisition"",""source_link_id"":""node/12677967384"",""source_type"":""OSM""}]",node,12677967384,,restroom_without_verified_bidet_match,,,2025-03-24T10:57:34Z,
buttler_loc_4e8776721b1c3f26d787,Unnamed public toilet,9.3119764,123.3078402,,Yes,Yes,unknown,unknown,osm_explicit,osm_explicit,,,1,"[{""evidence_role"":""restroom_acquisition"",""source_link_id"":""node/12677967385"",""source_type"":""OSM""}]",node,12677967385,,restroom_without_verified_bidet_match,,,2025-03-19T02:17:09Z,
buttler_loc_d49f8f07a63ba38eedbb,Unnamed public toilet,9.3271337,123.3042091,,Yes,Yes,unknown,unknown,osm_explicit,osm_explicit,,,1,"[{""evidence_role"":""restroom_acquisition"",""source_link_id"":""node/12677967386"",""source_type"":""OSM""}]",node,12677967386,,restroom_without_verified_bidet_match,,,2025-03-19T02:17:09Z,
buttler_loc_c732049943cf902b5d85,Unnamed public toilet,9.3261293,123.3065864,,Yes,Yes,unknown,no,osm_explicit,osm_explicit,,,1,"[{""evidence_role"":""restroom_acquisition"",""source_link_id"":""node/12677967387"",""source_type"":""OSM""}]",node,12677967387,,restroom_without_verified_bidet_match,,,2025-04-25T16:25:15Z,
buttler_loc_ff7bf4e5ed97fc1d4b0c,Unnamed public toilet,9.3116018,123.307712,,Yes,Yes,unknown,no,osm_explicit,osm_explicit,,,1,"[{""evidence_role"":""restroom_acquisition"",""source_link_id"":""node/12677967388"",""source_type"":""OSM""}]",node,12677967388,,restroom_without_verified_bidet_match,,,2025-03-24T10:59:06Z,
buttler_loc_d95ac8c6dfedb52a56e8,Unnamed public toilet,9.3176731,123.3072093,,Yes,Yes,unknown,no,osm_explicit,osm_explicit,,,1,"[{""evidence_role"":""restroom_acquisition"",""source_link_id"":""node/12677967389"",""source_type"":""OSM""}]",node,12677967389,,restroom_without_verified_bidet_match,,,2025-04-25T12:19:44Z,
buttler_loc_033ceffc59024f655af3,Unnamed public toilet,9.3067141,123.3085872,,Yes,Yes,unknown,no,osm_explicit,osm_explicit,,,1,"[{""evidence_role"":""restroom_acquisition"",""source_link_id"":""node/12677967394"",""source_type"":""OSM""}]",node,12677967394,,restroom_without_verified_bidet_match,,,2026-05-04T16:04:51Z,
buttler_loc_5f9225429090245d3635,Unnamed public toilet,9.3276747,123.3100683,,Yes,Yes,unknown,no,osm_explicit,osm_explicit,,,1,"[{""evidence_role"":""restroom_acquisition"",""source_link_id"":""node/12677967395"",""source_type"":""OSM""}]",node,12677967395,,restroom_without_verified_bidet_match,,,2025-05-16T09:37:30Z,
buttler_loc_7782501f567708673cc5,Unnamed public toilet,9.3202114,123.3102208,,Yes,Yes,unknown,unknown,osm_explicit,osm_explicit,,,1,"[{""evidence_role"":""restroom_acquisition"",""source_link_id"":""node/12677967396"",""source_type"":""OSM""}]",node,12677967396,,restroom_without_verified_bidet_match,,,2025-03-19T02:17:09Z,
buttler_loc_19781754c775b847415b,85 Degree Artisan Café,9.3174883,123.303309,"PVL Square, Corner Ipil street, Aldecoa Drive, Dumaguete City",Yes,Yes,customers,no,field_verified_via_bidet_survey,field_verified,Medium,,2,"[{""evidence_role"":""restroom_acquisition"",""source_link_id"":""node/12677972854"",""source_type"":""OSM""},{""evidence_role"":""verified_bidet_and_restroom_presence"",""source_link_id"":""bidet_survey_9f7140dedcab80628f5e"",""source_type"":""field_survey_bidet_workbook""}]",node,12677972854,bidet_survey_9f7140dedcab80628f5e,auto_matched_high_confidence,high,Specific venue identity and geometry were manually audited (9.2 m); branch/tenant target is unique.,2026-03-19T04:28:27Z,
buttler_loc_788b6fd7f548424b9286,Sweet Bites,9.3156216,123.3022645,,Unknown,Unknown,unknown,unknown,candidate_unverified,unknown,High,Cang's Inc. Shopping Complex,1,"[{""evidence_role"":""restroom_acquisition"",""source_link_id"":""node/12692921409"",""source_type"":""OSM""}]",node,12692921409,,candidate_without_verified_bidet_match,,,2025-03-23T11:57:01Z,
buttler_loc_b8a30d320715ae312843,Cafe Filomena 2,9.3156019,123.3022186,,Unknown,Unknown,unknown,unknown,candidate_unverified,unknown,High,Cang's Inc. Shopping Complex,1,"[{""evidence_role"":""restroom_acquisition"",""source_link_id"":""node/12692922538"",""source_type"":""OSM""}]",node,12692922538,,candidate_without_verified_bidet_match,,,2025-03-23T11:57:01Z,
buttler_loc_78d0fbd52b51465bf44c,Casa Ilongga,9.3156581,123.3021822,,Unknown,Unknown,unknown,unknown,candidate_unverified,unknown,High,Cang's Inc. Shopping Complex,1,"[{""evidence_role"":""restroom_acquisition"",""source_link_id"":""node/12692931925"",""source_type"":""OSM""}]",node,12692931925,,candidate_without_verified_bidet_match,,,2025-03-23T11:57:03Z,
buttler_loc_aa8933ccc23ca9a39c67,JJ Lechon Pares,9.3190812,123.2943278,,Unknown,Unknown,unknown,unknown,candidate_unverified,unknown,High,,1,"[{""evidence_role"":""restroom_acquisition"",""source_link_id"":""node/12701392632"",""source_type"":""OSM""}]",node,12701392632,,candidate_without_verified_bidet_match,,,2025-04-04T07:48:10Z,
buttler_loc_a1c87d5f9a83bdcfdcdd,Tiiny Supershop,9.3200897,123.2969017,,Unknown,Unknown,unknown,unknown,candidate_unverified,unknown,High,,1,"[{""evidence_role"":""restroom_acquisition"",""source_link_id"":""node/12704524115"",""source_type"":""OSM""}]",node,12704524115,,candidate_without_verified_bidet_match,,,2025-03-27T11:02:04Z,
buttler_loc_05d8016926d23594485e,Adobo Go too!,9.3188017,123.2989039,,Unknown,Unknown,unknown,unknown,candidate_unverified,unknown,High,,1,"[{""evidence_role"":""restroom_acquisition"",""source_link_id"":""node/12704534399"",""source_type"":""OSM""}]",node,12704534399,,candidate_without_verified_bidet_match,,,2025-03-27T11:02:03Z,
buttler_loc_58d0c0331c24994dde0d,Tambayan Resto Bar,9.3257946,123.3110478,North Boulevard,Unknown,Unknown,unknown,unknown,candidate_unverified,unknown,High,,1,"[{""evidence_role"":""restroom_acquisition"",""source_link_id"":""node/12709804665"",""source_type"":""OSM""}]",node,12709804665,,candidate_without_verified_bidet_match,,,2025-04-09T03:29:35Z,
buttler_loc_e7ae72393d20d6821882,Banh Mi Kitchen,9.3226959,123.2987403,,Unknown,Unknown,unknown,unknown,candidate_unverified,unknown,High,,1,"[{""evidence_role"":""restroom_acquisition"",""source_link_id"":""node/12725612633"",""source_type"":""OSM""}]",node,12725612633,,candidate_without_verified_bidet_match,,,2025-04-05T08:15:38Z,
buttler_loc_18a35273f7ef579b7b22,Aromar Coffee,9.3201485,123.2973325,,Unknown,Unknown,unknown,unknown,candidate_unverified,unknown,Medium,,1,"[{""evidence_role"":""restroom_acquisition"",""source_link_id"":""node/12726144652"",""source_type"":""OSM""}]",node,12726144652,,candidate_without_verified_bidet_match,,,2025-04-03T15:51:41Z,
buttler_loc_314f3758ae6593281cb3,Crispy King,9.3022103,123.2981209,Senator Lorenzo G. Teves Street Extension,Unknown,Unknown,unknown,unknown,candidate_unverified,unknown,High,,1,"[{""evidence_role"":""restroom_acquisition"",""source_link_id"":""node/12728114705"",""source_type"":""OSM""}]",node,12728114705,,candidate_without_verified_bidet_match,,,2025-04-04T06:26:48Z,
buttler_loc_8a597a1b90f77f0ffb75,Unnamed public toilet,9.3083684,123.3052334,,Yes,Unknown,customers,unknown,osm_explicit,unknown,,,1,"[{""evidence_role"":""restroom_acquisition"",""source_link_id"":""node/12732360371"",""source_type"":""OSM""}]",node,12732360371,,restroom_without_verified_bidet_match,,,2025-04-06T03:40:19Z,
buttler_loc_eb8c393b57f1aca4db29,Mini Mart,9.3072451,123.3057544,Mayor Ramon T. Pastor Sr. Street,Unknown,Unknown,unknown,unknown,candidate_unverified,unknown,Medium,,1,"[{""evidence_role"":""restroom_acquisition"",""source_link_id"":""node/12732367313"",""source_type"":""OSM""}]",node,12732367313,,candidate_without_verified_bidet_match,,,2025-04-06T04:03:46Z,
buttler_loc_a82f5859dac5c7df89d8,Han Ching's Store,9.3067531,123.3040224,Doctor Vicente Locsin Street,Unknown,Unknown,unknown,unknown,candidate_unverified,unknown,Medium,,1,"[{""evidence_role"":""restroom_acquisition"",""source_link_id"":""node/12732397445"",""source_type"":""OSM""}]",node,12732397445,,candidate_without_verified_bidet_match,,,2025-04-06T04:21:10Z,
buttler_loc_1fdbf9a8fe25e2f05822,Wyp,9.3290301,123.2907086,,Unknown,Unknown,unknown,unknown,candidate_unverified,unknown,High,,1,"[{""evidence_role"":""restroom_acquisition"",""source_link_id"":""node/12740575492"",""source_type"":""OSM""}]",node,12740575492,,candidate_without_verified_bidet_match,,,2025-04-09T04:25:06Z,
buttler_loc_51920053a476b266d451,Kuya Tat's Banga Roasted Lechon Manok,9.3170624,123.2770767,,Unknown,Unknown,unknown,unknown,candidate_unverified,unknown,High,,1,"[{""evidence_role"":""restroom_acquisition"",""source_link_id"":""node/12751978786"",""source_type"":""OSM""}]",node,12751978786,,candidate_without_verified_bidet_match,,,2025-04-13T09:26:34Z,
buttler_loc_f9c3afff9c1a723ca54b,The Coffee Bean & Tea Leaf,9.31994,123.31244,"143 Flores Ave, Dumaguete City",Yes,Yes,customers,no,field_verified_via_bidet_survey,field_verified,Medium,,2,"[{""evidence_role"":""restroom_acquisition"",""source_link_id"":""node/12765882104"",""source_type"":""OSM""},{""evidence_role"":""verified_bidet_and_restroom_presence"",""source_link_id"":""bidet_survey_4a9ac4cb1bf206961273"",""source_type"":""field_survey_bidet_workbook""}]",node,12765882104,bidet_survey_4a9ac4cb1bf206961273,auto_matched_high_confidence,high,Normalized names are exact and coordinates are 6.8 m apart.,2026-03-19T04:28:27Z,
buttler_loc_8dd9e00d64f8fabd1a95,The Apartment 5,9.31858,123.30701,"Unit 5, TS Homes, Hibbard Avenue, Dumaguete City",Yes,Yes,customers,no,field_verified_via_bidet_survey,field_verified,Medium,,2,"[{""evidence_role"":""restroom_acquisition"",""source_link_id"":""node/12765882105"",""source_type"":""OSM""},{""evidence_role"":""verified_bidet_and_restroom_presence"",""source_link_id"":""bidet_survey_010815a236b3197eb0d5"",""source_type"":""field_survey_bidet_workbook""}]",node,12765882105,bidet_survey_010815a236b3197eb0d5,auto_matched_high_confidence,high,Normalized names are exact and coordinates are 9.0 m apart.,2026-03-19T04:28:27Z,
buttler_loc_b80619d4f720e6f4723b,Lorenzo's Steak en Deli (Don Atilano),9.32165,123.3073,"Hibbard Ave., Piapi, Dumaguete City",Yes,Yes,customers,no,field_verified_via_bidet_survey,field_verified,High,,2,"[{""evidence_role"":""restroom_acquisition"",""source_link_id"":""node/12765882106"",""source_type"":""OSM""},{""evidence_role"":""verified_bidet_and_restroom_presence"",""source_link_id"":""bidet_survey_d5f98742fb69a926efdd"",""source_type"":""field_survey_bidet_workbook""}]",node,12765882106,bidet_survey_d5f98742fb69a926efdd,auto_matched_high_confidence,high,Normalized names are exact and coordinates are 13.0 m apart.,2026-03-19T04:28:27Z,
buttler_loc_6c6baa448c55d9d4abb3,Villa Shangri-La,9.2824734,123.2714298,"Acsat/Habitat Road, Dumaguete",Unknown,Unknown,unknown,unknown,candidate_unverified,unknown,High,,1,"[{""evidence_role"":""restroom_acquisition"",""source_link_id"":""node/12797368508"",""source_type"":""OSM""}]",node,12797368508,,candidate_without_verified_bidet_match,,,2025-04-29T08:33:29Z,
buttler_loc_6180eda5fa3a9e781a86,Sideways Sports Bar,9.3013448,123.2995543,,Unknown,Unknown,unknown,unknown,candidate_unverified,unknown,Medium,,1,"[{""evidence_role"":""restroom_acquisition"",""source_link_id"":""node/12847246896"",""source_type"":""OSM""}]",node,12847246896,,candidate_without_verified_bidet_match,,,2025-05-18T15:46:40Z,
buttler_loc_b12129566f016b00a15f,Unnamed public toilet,9.3175431,123.2950808,,Yes,Unknown,unknown,no,osm_explicit,unknown,,,1,"[{""evidence_role"":""restroom_acquisition"",""source_link_id"":""node/12880324521"",""source_type"":""OSM""}]",node,12880324521,,restroom_without_verified_bidet_match,,,2025-06-02T05:36:54Z,
buttler_loc_d03dc92f9eaf62c8d1f7,Buddy's Place,9.3093861,123.3093137,,Unknown,Unknown,unknown,unknown,candidate_unverified,unknown,High,,1,"[{""evidence_role"":""restroom_acquisition"",""source_link_id"":""node/13000288640"",""source_type"":""OSM""}]",node,13000288640,,candidate_without_verified_bidet_match,,,2025-07-15T01:03:08Z,
buttler_loc_fcdf6b3b4752c40fa6e5,Pala Pala Sea Food Restaurant,9.3042908,123.3103628,,Unknown,Unknown,unknown,unknown,candidate_unverified,unknown,High,,1,"[{""evidence_role"":""restroom_acquisition"",""source_link_id"":""node/13013454547"",""source_type"":""OSM""}]",node,13013454547,,candidate_without_verified_bidet_match,,,2025-07-20T11:38:10Z,
buttler_loc_b610f0ec2af6ad24f7f3,Box of Delights,9.3198614,123.3006747,,Unknown,Unknown,unknown,unknown,candidate_unverified,unknown,High,,1,"[{""evidence_role"":""restroom_acquisition"",""source_link_id"":""node/13042915034"",""source_type"":""OSM""}]",node,13042915034,,candidate_without_verified_bidet_match,,,2025-08-02T13:00:16Z,
buttler_loc_2e0c338d0e50b14fec49,Seven Monkeys Korean Supermarket,9.3016925,123.3042685,,Unknown,Unknown,unknown,unknown,candidate_unverified,unknown,High,,1,"[{""evidence_role"":""restroom_acquisition"",""source_link_id"":""node/13083672962"",""source_type"":""OSM""}]",node,13083672962,,candidate_without_verified_bidet_match,,,2025-08-20T04:10:34Z,
buttler_loc_4948028b2f56864cbc27,Roda's Eatery,9.3188933,123.3028232,Yakal Street,Unknown,Unknown,unknown,unknown,candidate_unverified,unknown,High,,1,"[{""evidence_role"":""restroom_acquisition"",""source_link_id"":""node/13127849168"",""source_type"":""OSM""}]",node,13127849168,,candidate_without_verified_bidet_match,,,2026-01-20T01:12:27Z,
buttler_loc_bd030d7c8b3ffb8a3602,Meltin' Pot,9.3034468,123.306645,"Mabini Street, Poblacion 2, Dumaguete City",Unknown,Unknown,unknown,unknown,candidate_unverified,unknown,High,way/1184890346,1,"[{""evidence_role"":""restroom_acquisition"",""source_link_id"":""node/13185576730"",""source_type"":""OSM""}]",node,13185576730,,candidate_without_verified_bidet_match,,,2025-10-01T08:38:03Z,
buttler_loc_0a6ac89414acff19a126,Little Dodong,9.3258022,123.3112318,,Unknown,Unknown,unknown,unknown,candidate_unverified,unknown,Medium,,1,"[{""evidence_role"":""restroom_acquisition"",""source_link_id"":""node/13275711050"",""source_type"":""OSM""}]",node,13275711050,,candidate_without_verified_bidet_match,,,2025-11-02T14:59:44Z,
buttler_loc_4461fa0bc1a40eec8695,Potato Corner,9.3077865,123.3095528,"Rizal Boulevard, Poblacion 4, Dumaguete City",Unknown,Unknown,unknown,unknown,candidate_unverified,unknown,High,Paseo Perdices,1,"[{""evidence_role"":""restroom_acquisition"",""source_link_id"":""node/13277273478"",""source_type"":""OSM""}]",node,13277273478,,candidate_without_verified_bidet_match,,,2025-11-03T10:28:22Z,
buttler_loc_2a05d6a986eae35519a9,Chatime,9.307779,123.3094789,"Rizal Boulevard, Poblacion 4, Dumaguete City",Unknown,Unknown,unknown,unknown,candidate_unverified,unknown,Medium,Paseo Perdices,1,"[{""evidence_role"":""restroom_acquisition"",""source_link_id"":""node/13277273479"",""source_type"":""OSM""}]",node,13277273479,,candidate_without_verified_bidet_match,,,2025-11-03T10:28:22Z,
buttler_loc_64f58b63f0843938db5b,The L.A.B.,9.307647,123.3095654,"Rizal Boulevard, Poblacion 4, Dumaguete City",Unknown,Unknown,unknown,unknown,candidate_unverified,unknown,Medium,Paseo Perdices,1,"[{""evidence_role"":""restroom_acquisition"",""source_link_id"":""node/13277273604"",""source_type"":""OSM""}]",node,13277273604,,candidate_without_verified_bidet_match,,,2025-11-03T10:28:22Z,
buttler_loc_4ca7ebd1041d1955be36,Choobi Choobi,9.3199248,123.3122393,,Unknown,Unknown,unknown,unknown,candidate_unverified,unknown,High,,1,"[{""evidence_role"":""restroom_acquisition"",""source_link_id"":""node/13420322606"",""source_type"":""OSM""}]",node,13420322606,,candidate_without_verified_bidet_match,,,2025-12-31T04:01:22Z,
buttler_loc_87704c5eb606b1518697,Sachi,9.3201655,123.3123631,,Unknown,Unknown,unknown,unknown,candidate_unverified,unknown,High,,1,"[{""evidence_role"":""restroom_acquisition"",""source_link_id"":""node/13420322607"",""source_type"":""OSM""}]",node,13420322607,,candidate_without_verified_bidet_match,,,2025-12-31T04:01:22Z,
buttler_loc_3fd2b8c150f387402d8d,Bigby's,9.32231,123.31215,"2nd Floor, Filinvest Mall Dumaguete (Marina Town), Dumaguete City",Yes,Yes,customers,no,field_verified_via_bidet_survey,field_verified,High,,2,"[{""evidence_role"":""restroom_acquisition"",""source_link_id"":""node/13420322628"",""source_type"":""OSM""},{""evidence_role"":""verified_bidet_and_restroom_presence"",""source_link_id"":""bidet_survey_4c72f508e552491a6703"",""source_type"":""field_survey_bidet_workbook""}]",node,13420322628,bidet_survey_4c72f508e552491a6703,auto_matched_high_confidence,high,Venue names have strong containment/identity agreement and coordinates are 14.1 m apart.,2025-12-31T04:01:22Z,
buttler_loc_db24d363b1af92dffcfe,Hukad Everyday Filipino,9.3227261,123.3120176,,Unknown,Unknown,unknown,unknown,candidate_unverified,unknown,High,,1,"[{""evidence_role"":""restroom_acquisition"",""source_link_id"":""node/13420322629"",""source_type"":""OSM""}]",node,13420322629,,candidate_without_verified_bidet_match,,,2025-12-31T04:01:22Z,
buttler_loc_3e8ecf9fcff86b25a14f,Inasal Gid,9.3239628,123.3116316,,Unknown,Unknown,unknown,unknown,candidate_unverified,unknown,High,,1,"[{""evidence_role"":""restroom_acquisition"",""source_link_id"":""node/13420322631"",""source_type"":""OSM""}]",node,13420322631,,candidate_without_verified_bidet_match,,,2025-12-31T04:01:22Z,
buttler_loc_bd45af255f0c48951316,Viet Nom,9.3168892,123.3055765,,Unknown,Unknown,unknown,unknown,candidate_unverified,unknown,High,,1,"[{""evidence_role"":""restroom_acquisition"",""source_link_id"":""node/13426083823"",""source_type"":""OSM""}]",node,13426083823,,candidate_without_verified_bidet_match,,,2026-01-02T07:04:24Z,
buttler_loc_23f5ac99dd4d2d3ae37e,Uncle John's,9.3167384,123.3044683,Dumaguete,Unknown,Unknown,unknown,unknown,candidate_unverified,unknown,Medium,,1,"[{""evidence_role"":""restroom_acquisition"",""source_link_id"":""node/13541130358"",""source_type"":""OSM""}]",node,13541130358,,candidate_without_verified_bidet_match,,,2026-02-10T15:50:52Z,
buttler_loc_58b0b0850eef9e270731,Belcris,9.3103382,123.3084132,,Unknown,Unknown,unknown,unknown,candidate_unverified,unknown,High,,1,"[{""evidence_role"":""restroom_acquisition"",""source_link_id"":""node/13589062529"",""source_type"":""OSM""}]",node,13589062529,,candidate_without_verified_bidet_match,,,2026-02-22T08:55:27Z,
buttler_loc_5a7a719fc8f0ab186979,Southview Hotel,9.2888881,123.2954995,,Unknown,Unknown,unknown,unknown,candidate_unverified,unknown,High,,1,"[{""evidence_role"":""restroom_acquisition"",""source_link_id"":""node/13724645398"",""source_type"":""OSM""}]",node,13724645398,,candidate_without_verified_bidet_match,,,2026-04-12T07:19:43Z,
buttler_loc_822c2ee1114d22b5efec,Bakugo Ramen,9.3261187,123.3068229,,Unknown,Unknown,unknown,unknown,candidate_unverified,unknown,High,,1,"[{""evidence_role"":""restroom_acquisition"",""source_link_id"":""node/13807633201"",""source_type"":""OSM""}]",node,13807633201,,candidate_without_verified_bidet_match,,,2026-05-08T04:27:00Z,
buttler_loc_6c464140c2d66dc53ee8,Fitness Camp Gym Banilad,9.2828617,123.2939091,,Unknown,Unknown,unknown,unknown,candidate_unverified,unknown,Medium,,1,"[{""evidence_role"":""restroom_acquisition"",""source_link_id"":""node/14029988287"",""source_type"":""OSM""}]",node,14029988287,,candidate_without_verified_bidet_match,,,2026-07-21T00:58:08Z,
buttler_loc_13344657eb13fdf933e0,DECO Pickleball Courts,9.3245444,123.2980133,"REAL ST., Dumaguete City, Negros Oriental",Unknown,Unknown,unknown,unknown,candidate_unverified,unknown,High,,1,"[{""evidence_role"":""restroom_acquisition"",""source_link_id"":""node/14057718501"",""source_type"":""OSM""}]",node,14057718501,,candidate_without_verified_bidet_match,,,2026-07-29T03:44:14Z,
buttler_loc_48f45ac1c52fd39fabb9,Cansi Balbacua,9.2910733,123.2973145,,Unknown,Unknown,unknown,unknown,candidate_unverified,unknown,High,,1,"[{""evidence_role"":""restroom_acquisition"",""source_link_id"":""node/14057797677"",""source_type"":""OSM""}]",node,14057797677,,candidate_without_verified_bidet_match,,,2026-07-29T05:08:50Z,
buttler_loc_499d0428f6d19aecd508,Elens Sari-Sari Store,9.3092617,123.3088653,,Unknown,Unknown,unknown,unknown,candidate_unverified,unknown,Medium,,1,"[{""evidence_role"":""restroom_acquisition"",""source_link_id"":""node/14102020693"",""source_type"":""OSM""}]",node,14102020693,,candidate_without_verified_bidet_match,,,2026-08-18T01:26:32Z,
buttler_loc_b94fec87764fc7ddd94b,McKoy's Kitchenette,9.311698,123.2989737,,Unknown,Unknown,unknown,unknown,candidate_unverified,unknown,High,,1,"[{""evidence_role"":""restroom_acquisition"",""source_link_id"":""node/14136952160"",""source_type"":""OSM""}]",node,14136952160,,candidate_without_verified_bidet_match,,,2026-08-31T11:29:40Z,
buttler_loc_8418c335452283e2ee4d,Hawker Chan,9.3226178,123.2985665,,Unknown,Unknown,unknown,unknown,candidate_unverified,unknown,High,,1,"[{""evidence_role"":""restroom_acquisition"",""source_link_id"":""node/14139878296"",""source_type"":""OSM""}]",node,14139878296,,candidate_without_verified_bidet_match,,,2026-09-01T12:00:28Z,
buttler_loc_c598b00ec110d6a6ac29,Hotel Nicanor,9.308063,123.308188,"San Jose Street, Dumaguete City",Yes,Yes,public,no,field_verified_via_bidet_survey,field_verified,High,,2,"[{""evidence_role"":""restroom_acquisition"",""source_link_id"":""way/104759171"",""source_type"":""OSM""},{""evidence_role"":""verified_bidet_and_restroom_presence"",""source_link_id"":""bidet_survey_d166a9de3c6863a08e9e"",""source_type"":""field_survey_bidet_workbook""}]",way,104759171,bidet_survey_d166a9de3c6863a08e9e,auto_matched_high_confidence,high,Normalized names are exact and coordinates are 13.7 m apart.,2026-05-05T16:55:02Z,
buttler_loc_5474955bbe414dc6ea45,Dumaguete City Public Market,9.3055053,123.3066328,"Real Street, Dumaguete",Unknown,Unknown,unknown,unknown,candidate_unverified,unknown,High,,1,"[{""evidence_role"":""restroom_acquisition"",""source_link_id"":""way/104759177"",""source_type"":""OSM""}]",way,104759177,,candidate_without_verified_bidet_match,,,2024-05-06T02:12:39Z,
buttler_loc_5a2cf09dadb85aa3e6dd,Bethel Guest House,9.3062835,123.3099902,Rizal Boulevard,Unknown,Unknown,unknown,unknown,candidate_unverified,unknown,High,,1,"[{""evidence_role"":""restroom_acquisition"",""source_link_id"":""way/105430119"",""source_type"":""OSM""}]",way,105430119,,candidate_without_verified_bidet_match,,,2025-02-07T23:51:03Z,
buttler_loc_a580c7c8981e4ee4094e,Dumaguete City Hall,9.3049297,123.3095208,,Unknown,Unknown,unknown,unknown,candidate_unverified,unknown,High,,1,"[{""evidence_role"":""restroom_acquisition"",""source_link_id"":""way/105430120"",""source_type"":""OSM""}]",way,105430120,,candidate_without_verified_bidet_match,,,2025-02-04T02:29:53Z,
buttler_loc_d99368ac8ddda980838a,Coco Grande Hotel,9.31533,123.30745,"Hibbard Avenue, Dumaguete City",Yes,Yes,public,no,field_verified_via_bidet_survey,field_verified,High,,2,"[{""evidence_role"":""restroom_acquisition"",""source_link_id"":""way/105430122"",""source_type"":""OSM""},{""evidence_role"":""verified_bidet_and_restroom_presence"",""source_link_id"":""bidet_survey_2c8ec0396dec5220e5a2"",""source_type"":""field_survey_bidet_workbook""}]",way,105430122,bidet_survey_2c8ec0396dec5220e5a2,auto_matched_high_confidence,high,Venue names have strong containment/identity agreement and coordinates are 30.9 m apart.,2025-03-18T07:57:22Z,
buttler_loc_1f3961df189c5eeff5c2,C and L Bayview,9.3045523,123.3095228,,Unknown,Unknown,unknown,unknown,candidate_unverified,unknown,High,,1,"[{""evidence_role"":""restroom_acquisition"",""source_link_id"":""way/109375282"",""source_type"":""OSM""}]",way,109375282,,candidate_without_verified_bidet_match,,,2025-06-26T07:46:21Z,
buttler_loc_43dc2c6dfd836b835455,Unitop,9.3066664,123.3075201,,Unknown,Unknown,unknown,unknown,candidate_unverified,unknown,High,,1,"[{""evidence_role"":""restroom_acquisition"",""source_link_id"":""way/137378644"",""source_type"":""OSM""}]",way,137378644,,candidate_without_verified_bidet_match,,,2022-10-31T07:43:33Z,
buttler_loc_37e2d1bdca057eb0a0cb,Plaza Maria Luisa Suites Inn,9.30651,123.30818,"Bishop Epifanio Surban St., Dumaguete City",Yes,Yes,public,no,field_verified_via_bidet_survey,field_verified,High,,2,"[{""evidence_role"":""restroom_acquisition"",""source_link_id"":""way/137378845"",""source_type"":""OSM""},{""evidence_role"":""verified_bidet_and_restroom_presence"",""source_link_id"":""bidet_survey_0d100586a495b428ec7d"",""source_type"":""field_survey_bidet_workbook""}]",way,137378845,bidet_survey_0d100586a495b428ec7d,auto_matched_high_confidence,high,Normalized names are exact and coordinates are 27.8 m apart.,2025-11-11T06:30:41Z,
buttler_loc_964bad00ef29ef706e62,FoodNet,9.3085069,123.3086492,"Santa Catalina, Dumaguete",Unknown,Unknown,unknown,unknown,candidate_unverified,unknown,High,,1,"[{""evidence_role"":""restroom_acquisition"",""source_link_id"":""way/137405189"",""source_type"":""OSM""}]",way,137405189,,candidate_without_verified_bidet_match,,,2025-02-13T01:23:52Z,
buttler_loc_c808a1be8dc6f5b63d4d,Negros Lodging House,9.2997341,123.3035745,"Governor Perdices Street, Dumaguete",Unknown,Unknown,unknown,unknown,candidate_unverified,unknown,High,,1,"[{""evidence_role"":""restroom_acquisition"",""source_link_id"":""way/138557063"",""source_type"":""OSM""}]",way,138557063,,candidate_without_verified_bidet_match,,,2025-12-31T02:31:52Z,
buttler_loc_79782a958f10f21bc3e3,Riverside Lodge,9.3028872,123.3052987,,Unknown,Unknown,unknown,unknown,candidate_unverified,unknown,High,,1,"[{""evidence_role"":""restroom_acquisition"",""source_link_id"":""way/138557323"",""source_type"":""OSM""}]",way,138557323,,candidate_without_verified_bidet_match,,,2025-09-10T01:41:02Z,
buttler_loc_d913a265f9b8d713002a,Silliman University Luce Auditorium,9.31331,123.30563,"Hibbard Ave., Silliman University, Dumaguete City",Yes,Yes,customers,no,field_verified_via_bidet_survey,field_verified,High,,2,"[{""evidence_role"":""restroom_acquisition"",""source_link_id"":""way/169427652"",""source_type"":""OSM""},{""evidence_role"":""verified_bidet_and_restroom_presence"",""source_link_id"":""bidet_survey_f1a3653a53ce4b38234a"",""source_type"":""field_survey_bidet_workbook""}]",way,169427652,bidet_survey_f1a3653a53ce4b38234a,auto_matched_high_confidence,high,Specific venue identity and geometry were manually audited (3.0 m); branch/tenant target is unique.,2025-02-15T03:57:52Z,
buttler_loc_9b43d8284718dcc54d3b,Gymnasium,9.314467,123.3056137,,Unknown,Unknown,restricted,unknown,candidate_unverified,unknown,High,,1,"[{""evidence_role"":""restroom_acquisition"",""source_link_id"":""way/169427660"",""source_type"":""OSM""}]",way,169427660,,candidate_without_verified_bidet_match,,,2025-02-08T09:18:24Z,Explicit/relevant access is restricted; not asserted publicly usable
buttler_loc_2777e94e749140934930,Lee Super Plaza,9.3077402,123.3070858,"Governor M. F. Perdices Street, Dumaguete",Unknown,Unknown,unknown,unknown,candidate_unverified,unknown,High,,1,"[{""evidence_role"":""restroom_acquisition"",""source_link_id"":""way/173874021"",""source_type"":""OSM""}]",way,173874021,,candidate_without_verified_bidet_match,,,2025-02-22T03:28:13Z,
buttler_loc_9127763a634897012430,Robinsons Place Mall Calindagan,9.298188,123.303188,"Dumaguete Business Park, Calindagan, Dumaguete City",Yes,Yes,public,no,field_verified_via_bidet_survey,field_verified,,,2,"[{""evidence_role"":""restroom_acquisition"",""source_link_id"":""way/174874804"",""source_type"":""OSM""},{""evidence_role"":""verified_bidet_and_restroom_presence"",""source_link_id"":""bidet_survey_c81fcfb4fcdcebd141a1"",""source_type"":""field_survey_bidet_workbook""}]",way,174874804,bidet_survey_c81fcfb4fcdcebd141a1,auto_matched_high_confidence,high,Specific venue identity and geometry were manually audited (54.1 m); branch/tenant target is unique.,2025-02-16T07:37:01Z,
buttler_loc_acdd411df6ba655cdb7d,Cang's Inc. Shopping Complex,9.315627,123.3020323,"Veterans Avenue, Dumaguete",Yes,Unknown,unknown,unknown,osm_explicit,unknown,,,1,"[{""evidence_role"":""restroom_acquisition"",""source_link_id"":""way/174881563"",""source_type"":""OSM""}]",way,174881563,,restroom_without_verified_bidet_match,,,2025-03-23T11:56:55Z,
buttler_loc_ada4769928314e6e9099,Dumaguete Hall of Justice,9.3214144,123.3024949,,Unknown,Unknown,unknown,unknown,candidate_unverified,unknown,High,,1,"[{""evidence_role"":""restroom_acquisition"",""source_link_id"":""way/181769908"",""source_type"":""OSM""}]",way,181769908,,candidate_without_verified_bidet_match,,,2024-12-25T02:39:23Z,
buttler_loc_c52243596e09a885e47a,Negros Oriental Provincial Capitol,9.3128656,123.3019874,"Kagawasan Avenue, Dumaguete",Unknown,Unknown,unknown,unknown,candidate_unverified,unknown,High,,1,"[{""evidence_role"":""restroom_acquisition"",""source_link_id"":""way/190029924"",""source_type"":""OSM""}]",way,190029924,,candidate_without_verified_bidet_match,,,2024-09-01T02:40:28Z,
buttler_loc_146e6239b77e379bf7c2,Aqua Center,9.3138928,123.3008785,,Unknown,Unknown,public,unknown,candidate_unverified,unknown,High,,1,"[{""evidence_role"":""restroom_acquisition"",""source_link_id"":""way/190384490"",""source_type"":""OSM""}]",way,190384490,,candidate_without_verified_bidet_match,,,2025-03-18T07:56:35Z,
buttler_loc_91faa5d050fb85bf9d45,Animal Disease Diagnostic Laboratory,9.3218948,123.3008349,,Unknown,Unknown,unknown,unknown,candidate_unverified,unknown,Medium,,1,"[{""evidence_role"":""restroom_acquisition"",""source_link_id"":""way/243873832"",""source_type"":""OSM""}]",way,243873832,,candidate_without_verified_bidet_match,,,2015-12-05T05:53:29Z,
buttler_loc_169db1ce50bd78cf0637,St. Paul University Dumaguete,9.3277687,123.2990685,"L. Rovira East Road, Dumaguete City",Unknown,Unknown,unknown,unknown,candidate_unverified,unknown,High,,1,"[{""evidence_role"":""restroom_acquisition"",""source_link_id"":""way/284968895"",""source_type"":""OSM""}]",way,284968895,,candidate_without_verified_bidet_match,,,2025-12-31T04:01:22Z,
buttler_loc_4a2af39cad450ff6e214,Negros Oriental State University,9.3118857,123.3034189,"Kagawasan Avenue, Dumaguete",Unknown,Unknown,unknown,unknown,candidate_unverified,unknown,High,,1,"[{""evidence_role"":""restroom_acquisition"",""source_link_id"":""way/285177314"",""source_type"":""OSM""}]",way,285177314,,candidate_without_verified_bidet_match,,,2025-12-31T04:01:22Z,
buttler_loc_eb90dd8a1cc3d323b25c,Lamberto L. Macias Sports and Cultural Centre,9.3119054,123.3006563,,Unknown,Unknown,unknown,unknown,candidate_unverified,unknown,High,,1,"[{""evidence_role"":""restroom_acquisition"",""source_link_id"":""way/286360160"",""source_type"":""OSM""}]",way,286360160,,candidate_without_verified_bidet_match,,,2023-02-07T16:15:17Z,
buttler_loc_4ec2c85786b0b902cff1,Hotel Essencia,9.3089513,123.3058428,,Unknown,Unknown,unknown,unknown,candidate_unverified,unknown,High,,1,"[{""evidence_role"":""restroom_acquisition"",""source_link_id"":""way/288264830"",""source_type"":""OSM""}]",way,288264830,,candidate_without_verified_bidet_match,,,2025-01-13T08:40:25Z,
buttler_loc_0577b7777d63367c79f6,Silliman University Medical Center,9.31646,123.30424,"Aldecoa Drive, Dumaguete City",Yes,Yes,public,no,field_verified_via_bidet_survey,field_verified,High,,2,"[{""evidence_role"":""restroom_acquisition"",""source_link_id"":""way/289880543"",""source_type"":""OSM""},{""evidence_role"":""verified_bidet_and_restroom_presence"",""source_link_id"":""bidet_survey_eb9574e052432e84bdb0"",""source_type"":""field_survey_bidet_workbook""}]",way,289880543,bidet_survey_eb9574e052432e84bdb0,auto_matched_high_confidence,high,Normalized names are exact and coordinates are 28.8 m apart.,2026-07-04T03:20:07Z,
buttler_loc_87436627fc99e6ce7df7,Jollibee near NORSU,9.31159,123.30488,"Corner National Highway and Real Street, Dumaguete City",Yes,Yes,customers,no,field_verified_via_bidet_survey,field_verified,High,,2,"[{""evidence_role"":""restroom_acquisition"",""source_link_id"":""way/290139445"",""source_type"":""OSM""},{""evidence_role"":""verified_bidet_and_restroom_presence"",""source_link_id"":""bidet_survey_ae6a9c15f33c334d9583"",""source_type"":""field_survey_bidet_workbook""}]",way,290139445,bidet_survey_ae6a9c15f33c334d9583,auto_matched_high_confidence,high,Venue names have strong containment/identity agreement and coordinates are 2.3 m apart.,2025-12-31T04:01:22Z,
buttler_loc_5ff484b89dcc3fac41d8,Holy Child Hospital,9.3059711,123.3070786,"Bishop Epifanio B. Surban Street, Dumaguete City",Unknown,Unknown,unknown,unknown,candidate_unverified,unknown,High,,1,"[{""evidence_role"":""restroom_acquisition"",""source_link_id"":""way/290139456"",""source_type"":""OSM""}]",way,290139456,,candidate_without_verified_bidet_match,,,2024-12-04T13:45:25Z,
buttler_loc_51635b0d37ff225e5473,Sunken Ampitheatre,9.3108535,123.3062475,,Unknown,Unknown,unknown,unknown,candidate_unverified,unknown,High,,1,"[{""evidence_role"":""restroom_acquisition"",""source_link_id"":""way/290622395"",""source_type"":""OSM""}]",way,290622395,,candidate_without_verified_bidet_match,,,2025-02-15T02:19:55Z,
buttler_loc_3a3838d10aeabdc46e71,Honeycomb Tourist Inn,9.3072576,123.3096501,,Unknown,Unknown,unknown,unknown,candidate_unverified,unknown,High,,1,"[{""evidence_role"":""restroom_acquisition"",""source_link_id"":""way/290905777"",""source_type"":""OSM""}]",way,290905777,,candidate_without_verified_bidet_match,,,2014-07-02T17:05:34Z,
buttler_loc_b7fa64002a919650bb8a,La Tienda,9.3272305,123.3027508,,Unknown,Unknown,unknown,unknown,candidate_unverified,unknown,Medium,,1,"[{""evidence_role"":""restroom_acquisition"",""source_link_id"":""way/291045664"",""source_type"":""OSM""}]",way,291045664,,candidate_without_verified_bidet_match,,,2014-07-03T03:17:28Z,
buttler_loc_421733c04629e1688960,Jetti,9.3259353,123.2976537,,Yes,Unknown,unknown,unknown,osm_explicit,unknown,,,1,"[{""evidence_role"":""restroom_acquisition"",""source_link_id"":""way/291045665"",""source_type"":""OSM""}]",way,291045665,,restroom_without_verified_bidet_match,,,2021-12-14T00:55:13Z,
buttler_loc_770750cf6c25bd66729c,CityMall Dumaguete,9.32375,123.29868,"First St, cor Negros South Road, Dumaguete City",Yes,Yes,public,no,field_verified_via_bidet_survey,field_verified,,,2,"[{""evidence_role"":""restroom_acquisition"",""source_link_id"":""way/340651393"",""source_type"":""OSM""},{""evidence_role"":""verified_bidet_and_restroom_presence"",""source_link_id"":""bidet_survey_a093dc295b2a88fec80a"",""source_type"":""field_survey_bidet_workbook""}]",way,340651393,bidet_survey_a093dc295b2a88fec80a,auto_matched_high_confidence,high,Normalized names are exact and coordinates are 78.4 m apart.,2025-12-31T04:01:22Z,
buttler_loc_38c7f0110970541b1ea9,Agapeps,9.3118848,123.2705104,,Unknown,Unknown,unknown,unknown,candidate_unverified,unknown,Medium,,1,"[{""evidence_role"":""restroom_acquisition"",""source_link_id"":""way/340670734"",""source_type"":""OSM""}]",way,340670734,,candidate_without_verified_bidet_match,,,2015-05-02T04:19:33Z,
buttler_loc_6600c742dd5a2d296b67,Barangay Health Center,9.3123083,123.2687817,,Unknown,Unknown,unknown,unknown,candidate_unverified,unknown,Medium,,1,"[{""evidence_role"":""restroom_acquisition"",""source_link_id"":""way/340670937"",""source_type"":""OSM""}]",way,340670937,,candidate_without_verified_bidet_match,,,2015-04-26T16:07:08Z,
buttler_loc_1feca1f230481b5b2e20,North Campus,9.3076091,123.2994249,"Doctor Vicente Locsin Street, Dumaguete",Unknown,Unknown,unknown,unknown,candidate_unverified,unknown,High,,1,"[{""evidence_role"":""restroom_acquisition"",""source_link_id"":""way/340964271"",""source_type"":""OSM""}]",way,340964271,,candidate_without_verified_bidet_match,,,2025-04-04T06:20:10Z,
buttler_loc_bae65e2fd09e03152112,North Kennel,9.3068419,123.2999334,,Unknown,Unknown,unknown,unknown,candidate_unverified,unknown,High,,1,"[{""evidence_role"":""restroom_acquisition"",""source_link_id"":""way/340964274"",""source_type"":""OSM""}]",way,340964274,,candidate_without_verified_bidet_match,,,2019-08-14T11:07:27Z,
buttler_loc_8e70c75deb77c1bd6027,Unnamed public toilet,9.3070629,123.2999083,"Dr. Vincente Locsin, Dumaguete",Yes,Unknown,customers,unknown,osm_explicit,unknown,,,1,"[{""evidence_role"":""restroom_acquisition"",""source_link_id"":""way/340964275"",""source_type"":""OSM""}]",way,340964275,,restroom_without_verified_bidet_match,,,2019-08-14T11:07:27Z,
buttler_loc_246890c59d7d85c3a198,Ricky's Grocery Store,9.3065455,123.3072552,,Unknown,Unknown,unknown,unknown,candidate_unverified,unknown,High,,1,"[{""evidence_role"":""restroom_acquisition"",""source_link_id"":""way/343197035"",""source_type"":""OSM""}]",way,343197035,,candidate_without_verified_bidet_match,,,2015-05-06T11:20:29Z,
buttler_loc_509bfd544d9fb1e20e2e,YMCA Guesthouse & Downtown Center,9.3265421,123.3052598,"N. Basagoite Street, Dumaguete",Unknown,Unknown,unknown,unknown,candidate_unverified,unknown,High,,1,"[{""evidence_role"":""restroom_acquisition"",""source_link_id"":""way/367037126"",""source_type"":""OSM""}]",way,367037126,,candidate_without_verified_bidet_match,,,2025-05-16T09:38:39Z,
buttler_loc_f029b1183f08466d49ed,The Flying Fish Hostel,9.3274229,123.3066453,Hibbard Avenue,Unknown,Unknown,unknown,unknown,candidate_unverified,unknown,High,,1,"[{""evidence_role"":""restroom_acquisition"",""source_link_id"":""way/367037179"",""source_type"":""OSM""}]",way,367037179,,candidate_without_verified_bidet_match,,,2018-11-13T08:18:54Z,
buttler_loc_96719a2880b80ae2822a,Unnamed venue,9.3210641,123.3062539,E. J. Blanco Drive,Unknown,Unknown,unknown,unknown,candidate_unverified,unknown,High,,1,"[{""evidence_role"":""restroom_acquisition"",""source_link_id"":""way/367038220"",""source_type"":""OSM""}]",way,367038220,,candidate_without_verified_bidet_match,,,2025-06-03T09:35:09Z,
buttler_loc_271402b84df0fb21f225,Filoil,9.3166331,123.3071149,Hibbard Avenue,Unknown,Unknown,unknown,unknown,candidate_unverified,unknown,High,,1,"[{""evidence_role"":""restroom_acquisition"",""source_link_id"":""way/367038480"",""source_type"":""OSM""}]",way,367038480,,candidate_without_verified_bidet_match,,,2025-04-09T02:55:24Z,
buttler_loc_32bd7f65ba61c9dec342,Dumaguete Seafront Hotel,9.3094762,123.3092254,Rizal Boulevard,Unknown,Unknown,unknown,unknown,candidate_unverified,unknown,High,,1,"[{""evidence_role"":""restroom_acquisition"",""source_link_id"":""way/367041387"",""source_type"":""OSM""}]",way,367041387,,candidate_without_verified_bidet_match,,,2025-07-15T01:03:08Z,
buttler_loc_f36965cc1f2263a2b88a,Partosa Commercial,9.3055427,123.3047908,Independencia Street,Unknown,Unknown,unknown,unknown,candidate_unverified,unknown,High,,1,"[{""evidence_role"":""restroom_acquisition"",""source_link_id"":""way/367076258"",""source_type"":""OSM""}]",way,367076258,,candidate_without_verified_bidet_match,,,2025-04-06T04:08:16Z,
buttler_loc_e546420cc871ea50ff4e,Moon Mart,9.3167616,123.3070487,,Unknown,Unknown,unknown,unknown,candidate_unverified,unknown,Medium,,1,"[{""evidence_role"":""restroom_acquisition"",""source_link_id"":""way/367176083"",""source_type"":""OSM""}]",way,367176083,,candidate_without_verified_bidet_match,,,2015-08-24T00:45:43Z,
buttler_loc_2ef397ca2ecc0c04f049,Poblacion 4 Barangay Hall,9.30642,123.3095311,"Bishop Epifanio B. Surban Street, Dumaguete",Unknown,Unknown,unknown,unknown,candidate_unverified,unknown,High,,1,"[{""evidence_role"":""restroom_acquisition"",""source_link_id"":""way/367358387"",""source_type"":""OSM""}]",way,367358387,,candidate_without_verified_bidet_match,,,2022-03-16T02:46:53Z,
buttler_loc_3131f3c7ee5c7828d1a1,Harold's Mansion,9.3163484,123.3074363,Hibbard Avenue,Unknown,Unknown,unknown,unknown,candidate_unverified,unknown,High,,1,"[{""evidence_role"":""restroom_acquisition"",""source_link_id"":""way/367368843"",""source_type"":""OSM""}]",way,367368843,,candidate_without_verified_bidet_match,,,2025-04-09T02:55:24Z,
buttler_loc_f61e1ce9f5146e593871,Ildesefa suites inn,9.3170676,123.3073789,,Unknown,Unknown,unknown,unknown,candidate_unverified,unknown,High,,1,"[{""evidence_role"":""restroom_acquisition"",""source_link_id"":""way/367368844"",""source_type"":""OSM""}]",way,367368844,,candidate_without_verified_bidet_match,,,2025-07-15T13:48:06Z,
buttler_loc_aefc18ad23282f5c02ea,Cadawinonan Barangay Hall,9.3033852,123.2702099,Dumaguete,Unknown,Unknown,unknown,unknown,candidate_unverified,unknown,High,,1,"[{""evidence_role"":""restroom_acquisition"",""source_link_id"":""way/367583750"",""source_type"":""OSM""}]",way,367583750,,candidate_without_verified_bidet_match,,,2022-03-16T02:46:53Z,
buttler_loc_bffb0df240e4846065ce,Junob Barangay Hall,9.2959613,123.2834013,"Jose Romero Road, Dumaguete",Unknown,Unknown,unknown,unknown,candidate_unverified,unknown,High,,1,"[{""evidence_role"":""restroom_acquisition"",""source_link_id"":""way/367604749"",""source_type"":""OSM""}]",way,367604749,,candidate_without_verified_bidet_match,,,2022-03-16T02:46:53Z,
buttler_loc_584dd291f7f8ba352328,Main Campus,9.3053035,123.2999129,"500 Doctor Miciano Road, Dumaguete",Unknown,Unknown,unknown,unknown,candidate_unverified,unknown,High,,1,"[{""evidence_role"":""restroom_acquisition"",""source_link_id"":""way/371031190"",""source_type"":""OSM""}]",way,371031190,,candidate_without_verified_bidet_match,,,2025-12-30T15:10:37Z,
buttler_loc_03472c916483743e0c01,College of Agriculture,9.3057864,123.3003802,,Unknown,Unknown,unknown,unknown,candidate_unverified,unknown,High,,1,"[{""evidence_role"":""restroom_acquisition"",""source_link_id"":""way/371031194"",""source_type"":""OSM""}]",way,371031194,,candidate_without_verified_bidet_match,,,2025-06-13T15:43:36Z,
buttler_loc_d8ae22f79bb34c02ef48,Harimariz Dormitory Hotel,9.3276104,123.2959115,,Unknown,Unknown,unknown,unknown,candidate_unverified,unknown,High,,1,"[{""evidence_role"":""restroom_acquisition"",""source_link_id"":""way/389819995"",""source_type"":""OSM""}]",way,389819995,,candidate_without_verified_bidet_match,,,2025-05-01T13:15:55Z,
buttler_loc_b5bbc2c4e5226083d939,Petron,9.3082978,123.3054039,Mayor Ramon T. Pastor Sr. Street,Unknown,Unknown,unknown,unknown,candidate_unverified,unknown,High,,1,"[{""evidence_role"":""restroom_acquisition"",""source_link_id"":""way/394374444"",""source_type"":""OSM""}]",way,394374444,,candidate_without_verified_bidet_match,,,2025-04-06T03:40:19Z,
buttler_loc_918b21094ff72981d31d,Caltex,9.307063,123.3057715,Mayor Ramon T. Pastor Sr. Street,Unknown,Unknown,unknown,unknown,candidate_unverified,unknown,High,,1,"[{""evidence_role"":""restroom_acquisition"",""source_link_id"":""way/394374471"",""source_type"":""OSM""}]",way,394374471,,candidate_without_verified_bidet_match,,,2025-10-23T07:19:51Z,
buttler_loc_6a671cd4d58902aa1e22,M.Y. Hotel,9.30915,123.30524,"101 San Juan Street, Dumaguete City",Yes,Yes,public,no,field_verified_via_bidet_survey,field_verified,High,,2,"[{""evidence_role"":""restroom_acquisition"",""source_link_id"":""way/394502433"",""source_type"":""OSM""},{""evidence_role"":""verified_bidet_and_restroom_presence"",""source_link_id"":""bidet_survey_b2398fe361ba36ae2f01"",""source_type"":""field_survey_bidet_workbook""}]",way,394502433,bidet_survey_b2398fe361ba36ae2f01,auto_matched_high_confidence,high,Specific venue identity and geometry were manually audited (6.5 m); branch/tenant target is unique.,2026-04-11T14:21:19Z,
buttler_loc_302137abee949e286193,Asia Novotel,9.30771,123.3073341,Governor M. F. Perdices Street,Unknown,Unknown,unknown,unknown,candidate_unverified,unknown,High,,1,"[{""evidence_role"":""restroom_acquisition"",""source_link_id"":""way/394504167"",""source_type"":""OSM""}]",way,394504167,,candidate_without_verified_bidet_match,,,2025-02-22T03:28:13Z,
buttler_loc_dfc16ccbd9ab943694b6,The Baly Oriental Hotel,9.321641,123.3073524,"Hibbard Avenue, Dumaguete",Unknown,Unknown,unknown,unknown,candidate_unverified,unknown,High,,1,"[{""evidence_role"":""restroom_acquisition"",""source_link_id"":""way/396492755"",""source_type"":""OSM""}]",way,396492755,,candidate_without_verified_bidet_match,,,2025-10-10T15:19:56Z,
buttler_loc_6a9473bcef97457a1c65,Seaoil,9.3175436,123.3015424,,Unknown,Unknown,unknown,unknown,candidate_unverified,unknown,High,,1,"[{""evidence_role"":""restroom_acquisition"",""source_link_id"":""way/396538654"",""source_type"":""OSM""}]",way,396538654,,candidate_without_verified_bidet_match,,,2026-02-01T06:18:11Z,
buttler_loc_e160248e49b763ef47af,Unnamed venue,9.3017983,123.2974868,,Unknown,Unknown,unknown,unknown,candidate_unverified,unknown,High,,1,"[{""evidence_role"":""restroom_acquisition"",""source_link_id"":""way/396544241"",""source_type"":""OSM""}]",way,396544241,,candidate_without_verified_bidet_match,,,2025-04-04T05:27:30Z,
buttler_loc_a401bc274d126e26f58f,RTPM-DSHS School Canteen,9.3222087,123.2950922,"Maria Asuncion Avenue, Dumaguete",Unknown,Unknown,unknown,unknown,candidate_unverified,unknown,High,,1,"[{""evidence_role"":""restroom_acquisition"",""source_link_id"":""way/396549571"",""source_type"":""OSM""}]",way,396549571,,candidate_without_verified_bidet_match,,,2025-08-25T13:28:54Z,
buttler_loc_4c48a69729459fc9b3b3,Salt & Pepper,9.3266854,123.3067436,"145 Hibbard Avenue, Dumaguete",Unknown,Unknown,unknown,unknown,candidate_unverified,unknown,High,,1,"[{""evidence_role"":""restroom_acquisition"",""source_link_id"":""way/411893344"",""source_type"":""OSM""}]",way,411893344,,candidate_without_verified_bidet_match,,,2025-02-18T01:49:10Z,
buttler_loc_b9ca7f7ec636c878ee35,Bajumpandan Barangay Hall,9.2830403,123.2782725,Dumaguete,Unknown,Unknown,unknown,unknown,candidate_unverified,unknown,High,Bajumpandan,1,"[{""evidence_role"":""restroom_acquisition"",""source_link_id"":""way/549851159"",""source_type"":""OSM""}]",way,549851159,,candidate_without_verified_bidet_match,,,2025-02-11T04:44:03Z,
buttler_loc_2ca8f6e3b1efd3c189ed,Tree Hive Guest House,9.3120628,123.3045334,,Unknown,Unknown,unknown,unknown,candidate_unverified,unknown,High,,1,"[{""evidence_role"":""restroom_acquisition"",""source_link_id"":""way/549851207"",""source_type"":""OSM""}]",way,549851207,,candidate_without_verified_bidet_match,,,2025-12-31T04:01:22Z,
buttler_loc_9f494618ab5f64ecbe7d,Silliman University Agriculture & Marine Biology Campus,9.3313419,123.3080008,Dumaguete,Unknown,Unknown,unknown,unknown,candidate_unverified,unknown,High,,1,"[{""evidence_role"":""restroom_acquisition"",""source_link_id"":""way/562611200"",""source_type"":""OSM""}]",way,562611200,,candidate_without_verified_bidet_match,,,2025-02-15T11:44:00Z,
buttler_loc_3d5d79674c5f9e85fbd8,Motong Barangay Hall,9.3178486,123.2900006,"871 Larena Drive, Dumaguete",Unknown,Unknown,unknown,unknown,candidate_unverified,unknown,High,,1,"[{""evidence_role"":""restroom_acquisition"",""source_link_id"":""way/578695655"",""source_type"":""OSM""}]",way,578695655,,candidate_without_verified_bidet_match,,,2025-02-18T07:12:39Z,
buttler_loc_0349fc9934aa9c0bce79,Poblacion 3 Barangay Hall,9.3048359,123.3082558,"Senator Lorenzo G. Teves Street, Dumaguete",Unknown,Unknown,unknown,unknown,candidate_unverified,unknown,High,,1,"[{""evidence_role"":""restroom_acquisition"",""source_link_id"":""way/578695689"",""source_type"":""OSM""}]",way,578695689,,candidate_without_verified_bidet_match,,,2023-11-27T04:58:53Z,
buttler_loc_517ac8edae0e2d0cd52a,Unnamed venue,9.3073822,123.2911689,,Unknown,Unknown,unknown,unknown,candidate_unverified,unknown,Medium,,1,"[{""evidence_role"":""restroom_acquisition"",""source_link_id"":""way/581040187"",""source_type"":""OSM""}]",way,581040187,,candidate_without_verified_bidet_match,,,2018-04-18T02:51:42Z,
buttler_loc_3be6d15e7a12a1b6193a,Precious Ren,9.308347,123.2917397,,Unknown,Unknown,unknown,unknown,candidate_unverified,unknown,Medium,,1,"[{""evidence_role"":""restroom_acquisition"",""source_link_id"":""way/581040801"",""source_type"":""OSM""}]",way,581040801,,candidate_without_verified_bidet_match,,,2018-04-18T02:54:14Z,
buttler_loc_4d27447f39f6b4d3b833,Petron,9.2997022,123.3029047,"Lamberto Macias Avenue, Dumaguete",Unknown,Unknown,unknown,unknown,candidate_unverified,unknown,High,,1,"[{""evidence_role"":""restroom_acquisition"",""source_link_id"":""way/603675964"",""source_type"":""OSM""}]",way,603675964,,candidate_without_verified_bidet_match,,,2024-01-13T14:55:31Z,
buttler_loc_46b81b8405c9e3e850a4,Phoenix,9.3010282,123.2998596,Jose Romero Road,Yes,Unknown,unknown,unknown,osm_explicit,unknown,,,1,"[{""evidence_role"":""restroom_acquisition"",""source_link_id"":""way/616842299"",""source_type"":""OSM""}]",way,616842299,,restroom_without_verified_bidet_match,,,2024-10-24T01:27:37Z,
buttler_loc_f439f687fac3469aea48,Go Hotels Dumaguete,9.2974598,123.3051381,,Unknown,Unknown,unknown,unknown,candidate_unverified,unknown,High,,1,"[{""evidence_role"":""restroom_acquisition"",""source_link_id"":""way/643689078"",""source_type"":""OSM""}]",way,643689078,,candidate_without_verified_bidet_match,,,2025-02-16T05:53:33Z,
buttler_loc_5b0d823927d5827b017e,Shell,9.3000064,123.3067268,"Governor M. F. Perdices Street, Dumaguete",Unknown,Unknown,unknown,unknown,candidate_unverified,unknown,High,,1,"[{""evidence_role"":""restroom_acquisition"",""source_link_id"":""way/706526793"",""source_type"":""OSM""}]",way,706526793,,candidate_without_verified_bidet_match,,,2025-02-19T22:01:28Z,
buttler_loc_f0d955c2b628fcc78819,Medical Clinic,9.3045135,123.3007651,"Colon Extention, Dumaguete",Unknown,Unknown,unknown,unknown,candidate_unverified,unknown,Medium,,1,"[{""evidence_role"":""restroom_acquisition"",""source_link_id"":""way/710395842"",""source_type"":""OSM""}]",way,710395842,,candidate_without_verified_bidet_match,,,2019-08-03T03:34:54Z,
buttler_loc_c15c8342b235b51477b9,Casa Rubin,9.3007178,123.3073956,"Governor M. F. Perdices Street, Dumaguete",Unknown,Unknown,unknown,unknown,candidate_unverified,unknown,High,,1,"[{""evidence_role"":""restroom_acquisition"",""source_link_id"":""way/710680637"",""source_type"":""OSM""}]",way,710680637,,candidate_without_verified_bidet_match,,,2025-02-26T11:32:27Z,
buttler_loc_e685c28cedb416696177,The Market Place,9.2992901,123.306045,,Unknown,Unknown,unknown,unknown,candidate_unverified,unknown,High,,1,"[{""evidence_role"":""restroom_acquisition"",""source_link_id"":""way/710680639"",""source_type"":""OSM""}]",way,710680639,,candidate_without_verified_bidet_match,,,2023-11-17T15:13:12Z,
buttler_loc_5c5ca505a8f7dc5d9a9d,Total,9.3066283,123.298846,Doctor Vicente Locsin Street,Unknown,Unknown,unknown,unknown,candidate_unverified,unknown,High,,1,"[{""evidence_role"":""restroom_acquisition"",""source_link_id"":""way/711240911"",""source_type"":""OSM""}]",way,711240911,,candidate_without_verified_bidet_match,,,2025-04-04T06:20:10Z,
buttler_loc_374766db4668486c5122,Tati's Place,9.3063356,123.2983489,227 Dr. Miciano Road,Unknown,Unknown,unknown,unknown,candidate_unverified,unknown,High,,1,"[{""evidence_role"":""restroom_acquisition"",""source_link_id"":""way/711240913"",""source_type"":""OSM""}]",way,711240913,,candidate_without_verified_bidet_match,,,2019-08-06T07:21:36Z,
buttler_loc_72824d05a09de0a761fc,NORSU Amphitheater,9.3117514,123.3027189,,Unknown,Unknown,unknown,unknown,candidate_unverified,unknown,High,,1,"[{""evidence_role"":""restroom_acquisition"",""source_link_id"":""way/790816885"",""source_type"":""OSM""}]",way,790816885,,candidate_without_verified_bidet_match,,,2025-07-28T15:50:51Z,
buttler_loc_eda7f94b89ec38b69383,Unnamed venue,9.3111073,123.3038917,,Unknown,Unknown,unknown,unknown,candidate_unverified,unknown,High,,1,"[{""evidence_role"":""restroom_acquisition"",""source_link_id"":""way/796472337"",""source_type"":""OSM""}]",way,796472337,,candidate_without_verified_bidet_match,,,2020-04-26T13:41:29Z,
buttler_loc_4aad1286116f64873dd5,Banilad Barangay Hall,9.2829973,123.2951418,"Santo Niño Road, Dumaguete",Unknown,Unknown,unknown,unknown,candidate_unverified,unknown,High,,1,"[{""evidence_role"":""restroom_acquisition"",""source_link_id"":""way/901008632"",""source_type"":""OSM""}]",way,901008632,,candidate_without_verified_bidet_match,,,2023-07-14T06:41:35Z,
buttler_loc_7b05c4eb984ade5ece10,Unnamed venue,9.29599,123.3051404,,Unknown,Unknown,unknown,unknown,candidate_unverified,unknown,High,,1,"[{""evidence_role"":""restroom_acquisition"",""source_link_id"":""way/902556838"",""source_type"":""OSM""}]",way,902556838,,candidate_without_verified_bidet_match,,,2021-02-01T07:22:02Z,
buttler_loc_1da32f203e56e7f740f7,Mangnao-Canal Barangay Hall,9.2937641,123.2988235,"Lamberto Macias Avenue, Dumaguete",Unknown,Unknown,unknown,unknown,candidate_unverified,unknown,High,,1,"[{""evidence_role"":""restroom_acquisition"",""source_link_id"":""way/958716737"",""source_type"":""OSM""}]",way,958716737,,candidate_without_verified_bidet_match,,,2022-03-16T02:46:53Z,
buttler_loc_ac157a6a2e79ee365673,Unnamed venue,9.2924364,123.2984637,,Yes,Unknown,unknown,unknown,osm_explicit,unknown,,,1,"[{""evidence_role"":""restroom_acquisition"",""source_link_id"":""way/958716748"",""source_type"":""OSM""}]",way,958716748,,restroom_without_verified_bidet_match,,,2021-06-28T00:33:24Z,
buttler_loc_d8ec84d12e4bd08ad5d4,Star Oil,9.2924577,123.2984533,,Unknown,Unknown,unknown,unknown,candidate_unverified,unknown,High,,1,"[{""evidence_role"":""restroom_acquisition"",""source_link_id"":""way/958716749"",""source_type"":""OSM""}]",way,958716749,,candidate_without_verified_bidet_match,,,2025-02-28T09:58:30Z,
buttler_loc_69669a508c0508cdfaf0,Shell,9.2922199,123.2978212,Lamberto Macias,Yes,Unknown,unknown,unknown,osm_explicit,unknown,,,1,"[{""evidence_role"":""restroom_acquisition"",""source_link_id"":""way/958716750"",""source_type"":""OSM""}]",way,958716750,,restroom_without_verified_bidet_match,,,2023-01-13T23:35:07Z,
buttler_loc_0e0d9c8811435f804726,Seaoil,9.2914977,123.2973456,,Yes,Unknown,unknown,unknown,osm_explicit,unknown,,,1,"[{""evidence_role"":""restroom_acquisition"",""source_link_id"":""way/958716856"",""source_type"":""OSM""}]",way,958716856,,restroom_without_verified_bidet_match,,,2022-09-16T08:32:47Z,
buttler_loc_1d0cf7662172bccf64c2,Filoil,9.3014828,123.3044238,,Unknown,Unknown,unknown,unknown,candidate_unverified,unknown,High,,1,"[{""evidence_role"":""restroom_acquisition"",""source_link_id"":""way/1011924618"",""source_type"":""OSM""}]",way,1011924618,,candidate_without_verified_bidet_match,,,2021-12-14T00:25:01Z,
buttler_loc_b813524bf13cac7abda6,Negros Oriental State University - Main Campus II,9.2792233,123.2804582,"Banilad - Bajumpandan Road, Dumaguete",Unknown,Unknown,unknown,unknown,candidate_unverified,unknown,High,,1,"[{""evidence_role"":""restroom_acquisition"",""source_link_id"":""way/1034365423"",""source_type"":""OSM""}]",way,1034365423,,candidate_without_verified_bidet_match,,,2023-02-09T14:48:38Z,
buttler_loc_1959c5c7b1624e9d2785,Asian College Dumaguete Campus,9.3072355,123.3019691,"Dr. Vicente Locsin Street, Dumaguete",Unknown,Unknown,unknown,unknown,candidate_unverified,unknown,High,,1,"[{""evidence_role"":""restroom_acquisition"",""source_link_id"":""way/1034368374"",""source_type"":""OSM""}]",way,1034368374,,candidate_without_verified_bidet_match,,,2025-09-09T02:40:24Z,
buttler_loc_e9ab74608b4918dcf221,Auditorium,9.3075409,123.3019651,,Unknown,Unknown,unknown,unknown,candidate_unverified,unknown,High,,1,"[{""evidence_role"":""restroom_acquisition"",""source_link_id"":""way/1034368375"",""source_type"":""OSM""}]",way,1034368375,,candidate_without_verified_bidet_match,,,2023-06-15T05:46:29Z,
buttler_loc_13ea52312d8b6eb92894,Camanjac Barangay Hall,9.3250478,123.271622,Dumaguete,Unknown,Unknown,unknown,unknown,candidate_unverified,unknown,High,,1,"[{""evidence_role"":""restroom_acquisition"",""source_link_id"":""way/1038157446"",""source_type"":""OSM""}]",way,1038157446,,candidate_without_verified_bidet_match,,,2023-09-03T15:05:02Z,
buttler_loc_a7db20b50c9993d58c0e,Bahay Pamahalaan ng Barangay Pulantubig,9.3240755,123.2880588,"L. Rovira West Road, Dumaguete",Unknown,Unknown,unknown,unknown,candidate_unverified,unknown,High,,1,"[{""evidence_role"":""restroom_acquisition"",""source_link_id"":""way/1038157450"",""source_type"":""OSM""}]",way,1038157450,,candidate_without_verified_bidet_match,,,2025-12-31T04:01:22Z,
buttler_loc_b0f000c4fdf00b0117e5,Balugo Barangay Hall,9.3030125,123.2627282,"Dumaguete - Balugo Road, Dumaguete",Unknown,Unknown,unknown,unknown,candidate_unverified,unknown,High,,1,"[{""evidence_role"":""restroom_acquisition"",""source_link_id"":""way/1038157453"",""source_type"":""OSM""}]",way,1038157453,,candidate_without_verified_bidet_match,,,2023-01-11T14:14:24Z,
buttler_loc_3dad9a0e82c8a48a38b3,Bagacay Barangay Hall,9.2997674,123.2936048,"Jose Romero Road, Dumaguete",Unknown,Unknown,unknown,unknown,candidate_unverified,unknown,High,,1,"[{""evidence_role"":""restroom_acquisition"",""source_link_id"":""way/1038157454"",""source_type"":""OSM""}]",way,1038157454,,candidate_without_verified_bidet_match,,,2022-03-16T02:46:53Z,
buttler_loc_02c09ba7cbaffd1dd99e,Parish Hall,9.2935444,123.2750697,,Unknown,Unknown,unknown,unknown,candidate_unverified,unknown,High,,1,"[{""evidence_role"":""restroom_acquisition"",""source_link_id"":""way/1038754852"",""source_type"":""OSM""}]",way,1038754852,,candidate_without_verified_bidet_match,,,2022-03-09T13:22:42Z,
buttler_loc_1fa50df218b2ed89f444,Dumaguete Kahupayan Center,9.305637,123.3069838,"Governor Perdices Street, Dumaguete",Unknown,Unknown,unknown,unknown,candidate_unverified,unknown,High,,1,"[{""evidence_role"":""restroom_acquisition"",""source_link_id"":""way/1038762301"",""source_type"":""OSM""}]",way,1038762301,,candidate_without_verified_bidet_match,,,2024-12-04T13:45:25Z,
buttler_loc_3838cd6f772a78b6d4ae,Bahay Pamahalaan ng Barangay Buñao,9.329949,123.2934078,"Buñao Road, Dumaguete",Unknown,Unknown,unknown,unknown,candidate_unverified,unknown,High,,1,"[{""evidence_role"":""restroom_acquisition"",""source_link_id"":""way/1040224015"",""source_type"":""OSM""}]",way,1040224015,,candidate_without_verified_bidet_match,,,2025-12-31T04:01:22Z,
buttler_loc_b61e98ecf89b586f9b0d,Bantayan Barangay Hall,9.3316721,123.304606,Dumaguete,Unknown,Unknown,unknown,unknown,candidate_unverified,unknown,High,,1,"[{""evidence_role"":""restroom_acquisition"",""source_link_id"":""way/1040224016"",""source_type"":""OSM""}]",way,1040224016,,candidate_without_verified_bidet_match,,,2023-09-03T15:05:02Z,
buttler_loc_634fe03d035d62000b8d,Daro Barangay Hall,9.3191783,123.3023439,"Narra Street, Dumaguete",Unknown,Unknown,unknown,unknown,candidate_unverified,unknown,High,,1,"[{""evidence_role"":""restroom_acquisition"",""source_link_id"":""way/1040224017"",""source_type"":""OSM""}]",way,1040224017,,candidate_without_verified_bidet_match,,,2026-01-20T01:12:27Z,
buttler_loc_cf82b3e704fc6af6faa9,Bahay Pamahalaan ng Barangay Lo-oc,9.3141416,123.3102003,"Flores Avenue, Dumaguete",Unknown,Unknown,unknown,unknown,candidate_unverified,unknown,High,,1,"[{""evidence_role"":""restroom_acquisition"",""source_link_id"":""way/1040224018"",""source_type"":""OSM""}]",way,1040224018,,candidate_without_verified_bidet_match,,,2025-04-09T02:37:16Z,
buttler_loc_3c10eb1e19f305a7efa7,Batinguel Barangay Hall,9.3099506,123.2899377,"Dumaguete - Palinpinon Road, Dumaguete",Unknown,Unknown,unknown,unknown,candidate_unverified,unknown,High,,1,"[{""evidence_role"":""restroom_acquisition"",""source_link_id"":""way/1040224019"",""source_type"":""OSM""}]",way,1040224019,,candidate_without_verified_bidet_match,,,2023-09-03T15:05:02Z,
buttler_loc_059b71fba634d16cbb1f,Candau-ay Barangay Hall,9.3135084,123.2591335,"Dumaguete - Palinpinon Road, Dumaguete",Unknown,Unknown,unknown,unknown,candidate_unverified,unknown,High,,1,"[{""evidence_role"":""restroom_acquisition"",""source_link_id"":""way/1040696312"",""source_type"":""OSM""}]",way,1040696312,,candidate_without_verified_bidet_match,,,2024-12-24T05:50:49Z,
buttler_loc_5f09da81d2f4301187ee,Talay Barangay Hall,9.2925399,123.2624937,Dumaguete,Unknown,Unknown,unknown,unknown,candidate_unverified,unknown,High,,1,"[{""evidence_role"":""restroom_acquisition"",""source_link_id"":""way/1040696313"",""source_type"":""OSM""}]",way,1040696313,,candidate_without_verified_bidet_match,,,2025-04-03T00:42:02Z,
buttler_loc_af92fd7de3eeb4bb2c40,Tabuctubig Barangay Hall,9.3016593,123.3016051,"Angatan Road, Dumaguete",Unknown,Unknown,unknown,unknown,candidate_unverified,unknown,High,,1,"[{""evidence_role"":""restroom_acquisition"",""source_link_id"":""way/1040696314"",""source_type"":""OSM""}]",way,1040696314,,candidate_without_verified_bidet_match,,,2025-03-25T07:55:41Z,
buttler_loc_78f3c6f4eff206effe37,Poblacion 7 Barangay Hall,9.3082713,123.3046569,"Jose Pro Teves Street, Dumaguete",Unknown,Unknown,unknown,unknown,candidate_unverified,unknown,High,,1,"[{""evidence_role"":""restroom_acquisition"",""source_link_id"":""way/1040696315"",""source_type"":""OSM""}]",way,1040696315,,candidate_without_verified_bidet_match,,,2022-03-16T02:46:53Z,
buttler_loc_6f821632e8fc3a354a7b,Cantil-e Barangay Hall,9.2806306,123.2726153,Dumaguete,Unknown,Unknown,unknown,unknown,candidate_unverified,unknown,High,,1,"[{""evidence_role"":""restroom_acquisition"",""source_link_id"":""way/1040696316"",""source_type"":""OSM""}]",way,1040696316,,candidate_without_verified_bidet_match,,,2022-03-16T02:46:53Z,
buttler_loc_e587ddca7cc570210be0,Bulwagang Pambarangay ng Calindagan,9.3003458,123.3115514,,Unknown,Unknown,unknown,unknown,candidate_unverified,unknown,High,Calindagan,1,"[{""evidence_role"":""restroom_acquisition"",""source_link_id"":""way/1054118090"",""source_type"":""OSM""}]",way,1054118090,,candidate_without_verified_bidet_match,,,2022-04-23T02:51:37Z,
buttler_loc_9c257cd7da41708beeb2,Gas & Go,9.3241984,123.2862638,L. Rovira West Road,Unknown,Unknown,unknown,unknown,candidate_unverified,unknown,High,,1,"[{""evidence_role"":""restroom_acquisition"",""source_link_id"":""way/1059742333"",""source_type"":""OSM""}]",way,1059742333,,candidate_without_verified_bidet_match,,,2023-01-04T04:18:42Z,
buttler_loc_adc9c6f9eb9505a6650a,Veron Store,9.3106271,123.2745096,,Unknown,Unknown,unknown,unknown,candidate_unverified,unknown,Medium,,1,"[{""evidence_role"":""restroom_acquisition"",""source_link_id"":""way/1093960801"",""source_type"":""OSM""}]",way,1093960801,,candidate_without_verified_bidet_match,,,2022-09-12T20:30:41Z,
buttler_loc_2be9a054dc0e09ffec5e,Shell,9.3042901,123.3076865,Governor M. F. Perdices Street,Unknown,Unknown,unknown,unknown,candidate_unverified,unknown,High,,1,"[{""evidence_role"":""restroom_acquisition"",""source_link_id"":""way/1108273030"",""source_type"":""OSM""}]",way,1108273030,,candidate_without_verified_bidet_match,,,2025-04-08T08:09:39Z,
buttler_loc_88b00540656a19d9867e,Metro Dumaguete College,9.3188617,123.2914018,"E. J. Blanco Extension, Dumaguete",Unknown,Unknown,unknown,unknown,candidate_unverified,unknown,High,,1,"[{""evidence_role"":""restroom_acquisition"",""source_link_id"":""way/1119998608"",""source_type"":""OSM""}]",way,1119998608,,candidate_without_verified_bidet_match,,,2025-02-18T07:12:39Z,
buttler_loc_e5ccaf226b4e2c572e42,Triple Y Gas Station,9.3256892,123.2708657,"S. Infante Street, Dumaguete",Unknown,Unknown,unknown,unknown,candidate_unverified,unknown,High,,1,"[{""evidence_role"":""restroom_acquisition"",""source_link_id"":""way/1119998625"",""source_type"":""OSM""}]",way,1119998625,,candidate_without_verified_bidet_match,,,2022-12-07T01:23:48Z,
buttler_loc_201922917c1b064cc2b2,Staroil,9.3248251,123.2741495,,Unknown,Unknown,unknown,unknown,candidate_unverified,unknown,High,,1,"[{""evidence_role"":""restroom_acquisition"",""source_link_id"":""way/1119998628"",""source_type"":""OSM""}]",way,1119998628,,candidate_without_verified_bidet_match,,,2022-12-07T01:23:48Z,
buttler_loc_ea9f1c02dcdd377211fe,Star Oil,9.3004624,123.2948396,"Jose Romero Road, Dumaguete",Unknown,Unknown,unknown,unknown,candidate_unverified,unknown,High,,1,"[{""evidence_role"":""restroom_acquisition"",""source_link_id"":""way/1126832797"",""source_type"":""OSM""}]",way,1126832797,,candidate_without_verified_bidet_match,,,2023-01-04T04:18:42Z,
buttler_loc_58f281654a9bd8b19c9e,Jetti,9.3000213,123.2933685,,Unknown,Unknown,unknown,unknown,candidate_unverified,unknown,High,,1,"[{""evidence_role"":""restroom_acquisition"",""source_link_id"":""way/1126832804"",""source_type"":""OSM""}]",way,1126832804,,candidate_without_verified_bidet_match,,,2023-01-04T04:18:42Z,
buttler_loc_92f8e63bdc6b96682428,VAP Gas,9.2998922,123.2930736,,Unknown,Unknown,unknown,unknown,candidate_unverified,unknown,High,,1,"[{""evidence_role"":""restroom_acquisition"",""source_link_id"":""way/1126832807"",""source_type"":""OSM""}]",way,1126832807,,candidate_without_verified_bidet_match,,,2023-01-04T04:18:42Z,
buttler_loc_128fd04abbaa2092f997,Morning Star Gas Station,9.3180742,123.2818047,,Unknown,Unknown,unknown,unknown,candidate_unverified,unknown,High,,1,"[{""evidence_role"":""restroom_acquisition"",""source_link_id"":""way/1128119982"",""source_type"":""OSM""}]",way,1128119982,,candidate_without_verified_bidet_match,,,2023-01-08T04:00:56Z,
buttler_loc_cea44559f74cbd9a8751,2Bil Gas Station,9.3195156,123.2890082,,Unknown,Unknown,unknown,unknown,candidate_unverified,unknown,High,,1,"[{""evidence_role"":""restroom_acquisition"",""source_link_id"":""way/1128119986"",""source_type"":""OSM""}]",way,1128119986,,candidate_without_verified_bidet_match,,,2026-07-06T13:28:59Z,
buttler_loc_5a28912a1b5a1b623021,ACE Dumaguete Doctors,9.3170763,123.2959913,"Claytown Road, Dumaguete",Unknown,Unknown,unknown,unknown,candidate_unverified,unknown,High,,1,"[{""evidence_role"":""restroom_acquisition"",""source_link_id"":""way/1128119988"",""source_type"":""OSM""}]",way,1128119988,,candidate_without_verified_bidet_match,,,2025-03-05T03:30:13Z,
buttler_loc_bdbb625139ca30419f46,Taclobo Barangay Hall,9.3142105,123.2894601,Dumaguete,Unknown,Unknown,unknown,unknown,candidate_unverified,unknown,High,,1,"[{""evidence_role"":""restroom_acquisition"",""source_link_id"":""way/1130918228"",""source_type"":""OSM""}]",way,1130918228,,candidate_without_verified_bidet_match,,,2024-02-09T04:00:34Z,
buttler_loc_ff5f5ab0ad7b5ecc18a9,Petron,9.2881491,123.2950654,,Unknown,Unknown,unknown,unknown,candidate_unverified,unknown,High,,1,"[{""evidence_role"":""restroom_acquisition"",""source_link_id"":""way/1131829013"",""source_type"":""OSM""}]",way,1131829013,,candidate_without_verified_bidet_match,,,2025-12-28T02:14:13Z,
buttler_loc_0240ee26adafbc36451b,Orient Fuel,9.2926313,123.2985576,"Lamberto Macias Avenue, Dumaguete",Unknown,Unknown,unknown,unknown,candidate_unverified,unknown,High,,1,"[{""evidence_role"":""restroom_acquisition"",""source_link_id"":""way/1131829018"",""source_type"":""OSM""}]",way,1131829018,,candidate_without_verified_bidet_match,,,2023-01-13T23:35:07Z,
buttler_loc_a4dd231bffc60a191607,Jetti,9.2957748,123.3001877,"Lamberto Macias Avenue, Dumaguete",Unknown,Unknown,unknown,unknown,candidate_unverified,unknown,High,,1,"[{""evidence_role"":""restroom_acquisition"",""source_link_id"":""way/1131829020"",""source_type"":""OSM""}]",way,1131829020,,candidate_without_verified_bidet_match,,,2025-02-04T02:29:53Z,
buttler_loc_6e636085a2e30248d7c2,Phoenix,9.2961731,123.3009121,,Unknown,Unknown,unknown,unknown,candidate_unverified,unknown,High,,1,"[{""evidence_role"":""restroom_acquisition"",""source_link_id"":""way/1131829023"",""source_type"":""OSM""}]",way,1131829023,,candidate_without_verified_bidet_match,,,2025-02-04T02:29:53Z,
buttler_loc_6828b7da229ea4ca5071,Grenergy Gas,9.2981358,123.3018611,,Unknown,Unknown,unknown,unknown,candidate_unverified,unknown,High,,1,"[{""evidence_role"":""restroom_acquisition"",""source_link_id"":""way/1131829025"",""source_type"":""OSM""}]",way,1131829025,,candidate_without_verified_bidet_match,,,2023-01-13T23:35:07Z,
buttler_loc_b86733c35b60554f3ae2,Presbyterian Theological College,9.2799303,123.2721539,Dumaguete,Unknown,Unknown,unknown,unknown,candidate_unverified,unknown,High,,1,"[{""evidence_role"":""restroom_acquisition"",""source_link_id"":""way/1144387659"",""source_type"":""OSM""}]",way,1144387659,,candidate_without_verified_bidet_match,,,2023-02-12T15:41:45Z,
buttler_loc_abd9d9059fe71703e06e,Unitop Dumaguete,9.3040742,123.3042192,Senator Lorenzo G. Teves Extension,Unknown,Unknown,unknown,unknown,candidate_unverified,unknown,High,,1,"[{""evidence_role"":""restroom_acquisition"",""source_link_id"":""way/1159288507"",""source_type"":""OSM""}]",way,1159288507,,candidate_without_verified_bidet_match,,,2025-03-25T07:55:41Z,
buttler_loc_5a5b4d0a2d805e9bf5cb,McDonald's Dumaguete Real Street (North Road/Daro),9.322812,123.299312,"161 National Road (in front of NOPH), Dumaguete City",Yes,Yes,customers,no,field_verified_via_bidet_survey,field_verified,High,,2,"[{""evidence_role"":""restroom_acquisition"",""source_link_id"":""way/1159288520"",""source_type"":""OSM""},{""evidence_role"":""verified_bidet_and_restroom_presence"",""source_link_id"":""bidet_survey_5c4396d7db1c8d7c6bc1"",""source_type"":""field_survey_bidet_workbook""}]",way,1159288520,bidet_survey_5c4396d7db1c8d7c6bc1,auto_matched_high_confidence,high,Venue names have strong containment/identity agreement and coordinates are 31.0 m apart.,2026-04-27T11:45:26Z,
buttler_loc_bee9b86960f34ec70915,Shell Shop,9.3189088,123.3002273,,Unknown,Unknown,unknown,unknown,candidate_unverified,unknown,Medium,,1,"[{""evidence_role"":""restroom_acquisition"",""source_link_id"":""way/1159288526"",""source_type"":""OSM""}]",way,1159288526,,candidate_without_verified_bidet_match,,,2025-02-25T01:03:44Z,
buttler_loc_13711e1e1a42503fdd69,Star Oil,9.3198244,123.3005481,,Unknown,Unknown,unknown,unknown,candidate_unverified,unknown,High,,1,"[{""evidence_role"":""restroom_acquisition"",""source_link_id"":""way/1159288527"",""source_type"":""OSM""}]",way,1159288527,,candidate_without_verified_bidet_match,,,2025-02-18T01:21:11Z,
buttler_loc_bf98dffd700bf2ac55ba,RM Petrol,9.3291403,123.2958759,,Unknown,Unknown,unknown,unknown,candidate_unverified,unknown,High,,1,"[{""evidence_role"":""restroom_acquisition"",""source_link_id"":""way/1159288531"",""source_type"":""OSM""}]",way,1159288531,,candidate_without_verified_bidet_match,,,2024-11-21T11:56:36Z,
buttler_loc_eb1c1603b6dd09cfe795,Sierra Hotel,9.32161,123.30834,"Brgy Piapi, E. J. Blanco Dr, Dumaguete City",Yes,Yes,public,no,field_verified_via_bidet_survey,field_verified,High,,2,"[{""evidence_role"":""restroom_acquisition"",""source_link_id"":""way/1204698451"",""source_type"":""OSM""},{""evidence_role"":""verified_bidet_and_restroom_presence"",""source_link_id"":""bidet_survey_9e03c8a40ed017dddd32"",""source_type"":""field_survey_bidet_workbook""}]",way,1204698451,bidet_survey_9e03c8a40ed017dddd32,auto_matched_high_confidence,high,Normalized names are exact and coordinates are 8.4 m apart.,2025-02-25T03:36:17Z,
buttler_loc_dd531d07f5d787f2209e,FilOil,9.3088016,123.3031471,,Unknown,Unknown,unknown,unknown,candidate_unverified,unknown,High,,1,"[{""evidence_role"":""restroom_acquisition"",""source_link_id"":""way/1207750095"",""source_type"":""OSM""}]",way,1207750095,,candidate_without_verified_bidet_match,,,2025-03-13T05:53:51Z,
buttler_loc_f42afdda84a84a33a50b,Poblacion 1 Barangay Hall,9.3032153,123.3110974,"Rizal Boulevard, Dumaguete",Unknown,Unknown,unknown,unknown,candidate_unverified,unknown,High,,1,"[{""evidence_role"":""restroom_acquisition"",""source_link_id"":""way/1210760397"",""source_type"":""OSM""}]",way,1210760397,,candidate_without_verified_bidet_match,,,2025-02-15T06:12:24Z,
buttler_loc_1a3a3cbebfca6180ec2c,Unnamed public toilet,9.3045794,123.310707,,Yes,Unknown,unknown,no,osm_explicit,unknown,,,1,"[{""evidence_role"":""restroom_acquisition"",""source_link_id"":""way/1210760398"",""source_type"":""OSM""}]",way,1210760398,,restroom_without_verified_bidet_match,,,2025-09-11T14:10:32Z,
buttler_loc_4259ba30447e65e17fc7,FilOil,9.3079506,123.2953221,,Unknown,Unknown,unknown,unknown,candidate_unverified,unknown,High,,1,"[{""evidence_role"":""restroom_acquisition"",""source_link_id"":""way/1234242093"",""source_type"":""OSM""}]",way,1234242093,,candidate_without_verified_bidet_match,,,2023-12-26T07:27:34Z,
buttler_loc_2fabf353b1d4e1de28c1,Star Oil,9.3083285,123.2955626,,Unknown,Unknown,unknown,unknown,candidate_unverified,unknown,High,,1,"[{""evidence_role"":""restroom_acquisition"",""source_link_id"":""way/1234242095"",""source_type"":""OSM""}]",way,1234242095,,candidate_without_verified_bidet_match,,,2023-12-26T07:27:34Z,
buttler_loc_1b152e6aa4c801264316,Royale QXV,9.297817,123.2956919,,Unknown,Unknown,unknown,unknown,candidate_unverified,unknown,High,,1,"[{""evidence_role"":""restroom_acquisition"",""source_link_id"":""way/1234242099"",""source_type"":""OSM""}]",way,1234242099,,candidate_without_verified_bidet_match,,,2023-12-26T07:27:34Z,
buttler_loc_b379b98abcad444a0d33,Total,9.3005109,123.2966251,,Unknown,Unknown,unknown,unknown,candidate_unverified,unknown,High,,1,"[{""evidence_role"":""restroom_acquisition"",""source_link_id"":""way/1234242103"",""source_type"":""OSM""}]",way,1234242103,,candidate_without_verified_bidet_match,,,2023-12-26T07:27:34Z,
buttler_loc_e40a9822c8c378aabd2e,Rago's Fastfood,9.3014964,123.2992425,,Unknown,Unknown,unknown,unknown,candidate_unverified,unknown,High,,1,"[{""evidence_role"":""restroom_acquisition"",""source_link_id"":""way/1242199173"",""source_type"":""OSM""}]",way,1242199173,,candidate_without_verified_bidet_match,,,2024-01-23T12:29:47Z,
buttler_loc_7e30b0594fb4278daa2e,Unnamed venue,9.3013725,123.2993573,,Unknown,Unknown,unknown,unknown,candidate_unverified,unknown,Medium,,1,"[{""evidence_role"":""restroom_acquisition"",""source_link_id"":""way/1242211781"",""source_type"":""OSM""}]",way,1242211781,,candidate_without_verified_bidet_match,,,2024-01-23T13:08:17Z,
buttler_loc_88f1fb1cca1b7426f19b,Vineyard,9.3184236,123.2976711,,Unknown,Unknown,unknown,unknown,candidate_unverified,unknown,High,,1,"[{""evidence_role"":""restroom_acquisition"",""source_link_id"":""way/1247979359"",""source_type"":""OSM""}]",way,1247979359,,candidate_without_verified_bidet_match,,,2026-08-24T07:56:44Z,
buttler_loc_a4dbed415dbfb3c731d1,Bagacay Farmers' Market,9.3002751,123.2929604,,Unknown,Unknown,unknown,unknown,candidate_unverified,unknown,High,,1,"[{""evidence_role"":""restroom_acquisition"",""source_link_id"":""way/1247979363"",""source_type"":""OSM""}]",way,1247979363,,candidate_without_verified_bidet_match,,,2024-02-09T04:00:34Z,
buttler_loc_f846ac81e52be7a7d6af,Blue Horizon,9.3160152,123.3008406,"137 Aldecoa Drive, Daro, Dumaguete City",Unknown,Unknown,unknown,unknown,candidate_unverified,unknown,High,,1,"[{""evidence_role"":""restroom_acquisition"",""source_link_id"":""way/1310607644"",""source_type"":""OSM""}]",way,1310607644,,candidate_without_verified_bidet_match,,,2025-03-05T06:43:59Z,
buttler_loc_1afb062b1a42e0594e78,Rovira Suites,9.3265652,123.3014278,"L. Rovira East Road, Bantayan, Dumaguete City",Unknown,Unknown,unknown,unknown,candidate_unverified,unknown,High,,1,"[{""evidence_role"":""restroom_acquisition"",""source_link_id"":""way/1340696463"",""source_type"":""OSM""}]",way,1340696463,,candidate_without_verified_bidet_match,,,2024-12-07T07:00:10Z,
buttler_loc_6b8721e7468ceb6c4aa7,K-Town,9.3227166,123.3074349,,Unknown,Unknown,unknown,unknown,candidate_unverified,unknown,High,,1,"[{""evidence_role"":""restroom_acquisition"",""source_link_id"":""way/1341960168"",""source_type"":""OSM""}]",way,1341960168,,candidate_without_verified_bidet_match,,,2024-12-11T23:21:36Z,
buttler_loc_654bbc8842bf85d5dba7,Unnamed venue,9.3203173,123.3106824,,Unknown,Unknown,unknown,unknown,candidate_unverified,unknown,High,,1,"[{""evidence_role"":""restroom_acquisition"",""source_link_id"":""way/1344461181"",""source_type"":""OSM""}]",way,1344461181,,candidate_without_verified_bidet_match,,,2024-12-21T00:22:18Z,
buttler_loc_f335260ad0ee0e73b180,La Mensa Bar,9.32031,123.31028,"EJ Blanco Drive, Piapi, Dumaguete City",Yes,Yes,customers,no,field_verified_via_bidet_survey,field_verified,Medium,,2,"[{""evidence_role"":""restroom_acquisition"",""source_link_id"":""way/1344461182"",""source_type"":""OSM""},{""evidence_role"":""verified_bidet_and_restroom_presence"",""source_link_id"":""bidet_survey_ce7672acc185d3cb8cd2"",""source_type"":""field_survey_bidet_workbook""}]",way,1344461182,bidet_survey_ce7672acc185d3cb8cd2,auto_matched_high_confidence,high,Normalized names are exact and coordinates are 14.5 m apart.,2026-03-19T04:28:28Z,
buttler_loc_3f5fcae5e37275877614,Bahay Pamahalaan ng Barangay Piapi,9.3214906,123.3055787,"E. J. Blanco Drive, Dumaguete",Unknown,Unknown,unknown,unknown,candidate_unverified,unknown,High,,1,"[{""evidence_role"":""restroom_acquisition"",""source_link_id"":""way/1346094453"",""source_type"":""OSM""}]",way,1346094453,,candidate_without_verified_bidet_match,,,2025-12-31T04:01:22Z,
buttler_loc_3c71951d4c3d89fb2832,Mr. Fuel,9.2932007,123.2761026,,Unknown,Unknown,unknown,unknown,candidate_unverified,unknown,High,,1,"[{""evidence_role"":""restroom_acquisition"",""source_link_id"":""way/1350662144"",""source_type"":""OSM""}]",way,1350662144,,candidate_without_verified_bidet_match,,,2025-01-12T14:04:56Z,
buttler_loc_654d6ed9f4819bd7e378,5 Diamonds Pharmacy & Convenience Store,9.2932504,123.2762118,,Unknown,Unknown,unknown,unknown,candidate_unverified,unknown,Medium,,1,"[{""evidence_role"":""restroom_acquisition"",""source_link_id"":""way/1350662146"",""source_type"":""OSM""}]",way,1350662146,,candidate_without_verified_bidet_match,,,2025-01-12T14:04:56Z,
buttler_loc_54c7013c5a424c9ffb31,Calabeera,9.3196999,123.2944949,"E. J. Blanco Extension, Dumaguete",Unknown,Unknown,unknown,unknown,candidate_unverified,unknown,Medium,,1,"[{""evidence_role"":""restroom_acquisition"",""source_link_id"":""way/1362482566"",""source_type"":""OSM""}]",way,1362482566,,candidate_without_verified_bidet_match,,,2025-02-26T08:58:11Z,
buttler_loc_85ea760fcd20bf4a7b9f,Aberrise Pension Hotel,9.3198235,123.2943302,"Saint Raymund Street, Dumaguete",Unknown,Unknown,unknown,unknown,candidate_unverified,unknown,High,,1,"[{""evidence_role"":""restroom_acquisition"",""source_link_id"":""way/1362482568"",""source_type"":""OSM""}]",way,1362482568,,candidate_without_verified_bidet_match,,,2025-04-04T07:48:10Z,
buttler_loc_9fbf4b25458fff71a116,Ducky's Garden Inn,9.3219623,123.2937824,"Saint Raymund Street, Dumaguete",Unknown,Unknown,unknown,unknown,candidate_unverified,unknown,High,,1,"[{""evidence_role"":""restroom_acquisition"",""source_link_id"":""way/1363976522"",""source_type"":""OSM""}]",way,1363976522,,candidate_without_verified_bidet_match,,,2025-03-02T16:15:21Z,
buttler_loc_90b75a04215bf59e617a,"But First, Coffee",9.3068238,123.3086045,,Unknown,Unknown,unknown,unknown,candidate_unverified,unknown,Medium,,1,"[{""evidence_role"":""restroom_acquisition"",""source_link_id"":""way/1368910219"",""source_type"":""OSM""}]",way,1368910219,,candidate_without_verified_bidet_match,,,2026-03-19T04:28:28Z,
buttler_loc_5102ba835273a84e2245,Dumaguete City Health Office Ⅱ,9.2913231,123.2629405,,Unknown,Unknown,unknown,unknown,candidate_unverified,unknown,Medium,Bliss,1,"[{""evidence_role"":""restroom_acquisition"",""source_link_id"":""way/1374089473"",""source_type"":""OSM""}]",way,1374089473,,candidate_without_verified_bidet_match,,,2025-04-02T09:47:35Z,
buttler_loc_b39f9b16c38541e14995,City Burger,9.3080101,123.3053719,Mayor Ramon T. Pastor Sr. Street,Unknown,Unknown,unknown,unknown,candidate_unverified,unknown,High,,1,"[{""evidence_role"":""restroom_acquisition"",""source_link_id"":""way/1375152186"",""source_type"":""OSM""}]",way,1375152186,,candidate_without_verified_bidet_match,,,2025-04-06T03:40:19Z,
buttler_loc_45849ef4bed2ff991840,Tago Restobar and Cafe,9.3266705,123.3058016,"Hibbard Avenue, Dumaguete City",Unknown,Unknown,unknown,unknown,candidate_unverified,unknown,High,,1,"[{""evidence_role"":""restroom_acquisition"",""source_link_id"":""way/1419931217"",""source_type"":""OSM""}]",way,1419931217,,candidate_without_verified_bidet_match,,,2025-08-04T10:02:50Z,
buttler_loc_56f24fd89a09ed96eb72,7-Eleven,9.311781,123.3047153,,Unknown,Unknown,unknown,unknown,candidate_unverified,unknown,Medium,,1,"[{""evidence_role"":""restroom_acquisition"",""source_link_id"":""way/1463028111"",""source_type"":""OSM""}]",way,1463028111,,candidate_without_verified_bidet_match,,,2026-02-11T15:48:22Z,
buttler_loc_bdd7cf87798c82dad28a,Chowking Drive Thru,9.312313,123.304312,"Ground floor, Robinsons Place Parking Area, Dumaguete City",Yes,Yes,customers,no,field_verified_via_bidet_survey,field_verified,High,,2,"[{""evidence_role"":""restroom_acquisition"",""source_link_id"":""way/1463028112"",""source_type"":""OSM""},{""evidence_role"":""verified_bidet_and_restroom_presence"",""source_link_id"":""bidet_survey_73bf504f98c76a8d43c9"",""source_type"":""field_survey_bidet_workbook""}]",way,1463028112,bidet_survey_73bf504f98c76a8d43c9,auto_matched_high_confidence,high,Specific venue identity and geometry were manually audited (14.0 m); branch/tenant target is unique.,2025-12-31T04:01:22Z,
buttler_loc_781f019679330cf2fc14,Jollibee near Negros Oriental Provincial Hospital,9.32115,123.29944,"North National Highway, Brgy. Daro, Dumaguete City",Yes,Yes,customers,no,field_verified_via_bidet_survey,field_verified,High,,2,"[{""evidence_role"":""restroom_acquisition"",""source_link_id"":""way/1463028113"",""source_type"":""OSM""},{""evidence_role"":""verified_bidet_and_restroom_presence"",""source_link_id"":""bidet_survey_5729c8370fd54c752706"",""source_type"":""field_survey_bidet_workbook""}]",way,1463028113,bidet_survey_5729c8370fd54c752706,auto_matched_high_confidence,high,Venue names have strong containment/identity agreement and coordinates are 31.5 m apart.,2025-12-31T04:01:22Z,
buttler_loc_8e01a61618f31048b088,Habitat Bajumpandan Community Center,9.2750904,123.2812714,,Unknown,Unknown,unknown,unknown,candidate_unverified,unknown,High,,1,"[{""evidence_role"":""restroom_acquisition"",""source_link_id"":""way/1473261919"",""source_type"":""OSM""}]",way,1473261919,,candidate_without_verified_bidet_match,,,2026-02-01T02:41:50Z,
buttler_loc_d6dc717f91420460f307,Negros Oriental Provincial Hospital,9.32244,123.3003018,,Unknown,Unknown,unknown,unknown,candidate_unverified,unknown,High,,1,"[{""evidence_role"":""restroom_acquisition"",""source_link_id"":""relation/3854596"",""source_type"":""OSM""}]",relation,3854596,,candidate_without_verified_bidet_match,,,2014-07-01T02:28:57Z,
buttler_loc_c53a3863362bd6a93017,Unnamed venue,9.3111178,123.3083616,,Unknown,Unknown,unknown,unknown,candidate_unverified,unknown,High,,1,"[{""evidence_role"":""restroom_acquisition"",""source_link_id"":""relation/12451074"",""source_type"":""OSM""}]",relation,12451074,,candidate_without_verified_bidet_match,,,2022-12-20T17:04:30Z,
buttler_loc_8e508d99957bafa117e2,Silliman University,9.3128717,123.3056814,,Unknown,Unknown,unknown,unknown,candidate_unverified,unknown,High,,1,"[{""evidence_role"":""restroom_acquisition"",""source_link_id"":""relation/13548131"",""source_type"":""OSM""}]",relation,13548131,,candidate_without_verified_bidet_match,,,2025-12-31T04:01:22Z,
buttler_loc_27e4a28e02e9fc3458ac,Silliman University,9.3136403,123.3062618,"1 Hibbard Avenue, Dumaguete",Unknown,Unknown,unknown,unknown,candidate_unverified,unknown,High,,1,"[{""evidence_role"":""restroom_acquisition"",""source_link_id"":""relation/15027272"",""source_type"":""OSM""}]",relation,15027272,,candidate_without_verified_bidet_match,,,2025-12-31T04:01:22Z,
buttler_loc_8a4737e476016cbc2087,Foundation University,9.3065402,123.2998049,Dumaguete,Unknown,Unknown,unknown,unknown,candidate_unverified,unknown,High,,1,"[{""evidence_role"":""restroom_acquisition"",""source_link_id"":""relation/15027289"",""source_type"":""OSM""}]",relation,15027289,,candidate_without_verified_bidet_match,,,2025-12-30T15:10:37Z,
buttler_loc_5148e42dd20c68aec756,Hotel Florentina,9.3267905,123.3042524,"E. Rovira, Dumaguete",Unknown,Unknown,unknown,unknown,candidate_unverified,unknown,High,,1,"[{""evidence_role"":""restroom_acquisition"",""source_link_id"":""relation/16160280"",""source_type"":""OSM""}]",relation,16160280,,candidate_without_verified_bidet_match,,,2023-08-04T18:22:49Z,
buttler_loc_5ebd663963c8463e4418,Filinvest Mall Dumaguete,9.3226511,123.3119204,"Flores Avenue Extension, Dumaguete",Unknown,Unknown,unknown,unknown,candidate_unverified,unknown,High,,1,"[{""evidence_role"":""restroom_acquisition"",""source_link_id"":""relation/18336150"",""source_type"":""OSM""}]",relation,18336150,,candidate_without_verified_bidet_match,,,2024-11-26T21:45:56Z,
buttler_loc_48b6962f996a9aea4edb,Governor Mariano F. Perdices Memorial Coliseum,9.3134283,123.3001794,,Unknown,Unknown,unknown,unknown,candidate_unverified,unknown,High,,1,"[{""evidence_role"":""restroom_acquisition"",""source_link_id"":""relation/18722816"",""source_type"":""OSM""}]",relation,18722816,,candidate_without_verified_bidet_match,,,2025-04-04T08:12:43Z,
buttler_loc_324ba9cd5fd66cf2840b,McDonald's Dumaguete Business Park,9.299812,123.306438,"Calindagan Rd, Dumaguete City",Yes,Yes,customers,no,field_verified_via_bidet_survey,field_verified,High,,2,"[{""evidence_role"":""restroom_acquisition"",""source_link_id"":""relation/18728821"",""source_type"":""OSM""},{""evidence_role"":""verified_bidet_and_restroom_presence"",""source_link_id"":""bidet_survey_d8688e25ec4dbef29307"",""source_type"":""field_survey_bidet_workbook""}]",relation,18728821,bidet_survey_d8688e25ec4dbef29307,auto_matched_high_confidence,high,Venue names have strong containment/identity agreement and coordinates are 11.3 m apart.,2026-04-27T11:45:31Z,
buttler_loc_58e26e83390449bfaa30,Shell,9.3189979,123.3004707,Veterans Avenue,Unknown,Unknown,unknown,unknown,candidate_unverified,unknown,High,,1,"[{""evidence_role"":""restroom_acquisition"",""source_link_id"":""relation/18783538"",""source_type"":""OSM""}]",relation,18783538,,candidate_without_verified_bidet_match,,,2025-04-04T07:55:06Z,
buttler_loc_acaf1e9be914c1719ff8,Lighthouse Point Hotel Lobby,9.32623,123.30683,"32 Hibbard Ave, Dumaguete City",Yes,Yes,public,no,field_verified_via_bidet_survey,field_verified,High,,2,"[{""evidence_role"":""restroom_acquisition"",""source_link_id"":""relation/18858861"",""source_type"":""OSM""},{""evidence_role"":""verified_bidet_and_restroom_presence"",""source_link_id"":""bidet_survey_35a57d402171a7a740b1"",""source_type"":""field_survey_bidet_workbook""}]",relation,18858861,bidet_survey_35a57d402171a7a740b1,auto_matched_high_confidence,high,Venue names have strong containment/identity agreement and coordinates are 25.0 m apart.,2026-03-19T04:28:28Z,
buttler_loc_8604ad39c3b321ba2330,Unnamed venue,9.3181091,123.3041685,,Unknown,Unknown,unknown,unknown,candidate_unverified,unknown,High,,1,"[{""evidence_role"":""restroom_acquisition"",""source_link_id"":""relation/20113250"",""source_type"":""OSM""}]",relation,20113250,,candidate_without_verified_bidet_match,,,2026-01-20T01:12:27Z,
buttler_loc_65c3a3714430de02d42f,Dumaguete Royal Suite Inn,9.3262554,123.3003343,"L. Rovira East Road, Bantayan, Dumaguete City",Unknown,Unknown,unknown,unknown,candidate_unverified,unknown,High,,2,"[{""evidence_role"":""restroom_acquisition"",""source_link_id"":""node/12401543870"",""source_type"":""OSM""},{""evidence_role"":""restroom_acquisition"",""source_link_id"":""way/1340696458"",""source_type"":""OSM""}]",node;way,12401543870;1340696458,,candidate_without_verified_bidet_match,,,2024-12-07T07:00:10Z,"Merged provenance: node/12401543870, way/1340696458"
buttler_loc_5ae29e074ee10892a767,Unnamed venue,9.3206258,123.2961949,Dumaguete,Unknown,Unknown,unknown,unknown,candidate_unverified,unknown,Medium,,2,"[{""evidence_role"":""restroom_acquisition"",""source_link_id"":""node/12624734542"",""source_type"":""OSM""},{""evidence_role"":""restroom_acquisition"",""source_link_id"":""way/1363952908"",""source_type"":""OSM""}]",node;way,12624734542;1363952908,,candidate_without_verified_bidet_match,,,2025-03-02T16:12:21Z,"Merged provenance: node/12624734542, way/1363952908"
buttler_loc_8ae982b417d38bb88240,Shell Select,9.2921336,123.2977222,,Unknown,Unknown,unknown,unknown,candidate_unverified,unknown,Medium,,2,"[{""evidence_role"":""restroom_acquisition"",""source_link_id"":""node/12647539048"",""source_type"":""OSM""},{""evidence_role"":""restroom_acquisition"",""source_link_id"":""way/1131829016"",""source_type"":""OSM""}]",node;way,12647539048;1131829016,,candidate_without_verified_bidet_match,,,2025-03-09T13:26:23Z,"Merged provenance: node/12647539048, way/1131829016"
buttler_loc_93f3b69b4fbd631458a3,Antwet Backpacker's Inn & Rooftop Bar,9.313813,123.30012,"Capitol Site, Negros Oriental, Dumaguete City",Yes,Yes,customers,no,field_verified_via_bidet_survey,field_verified,,,3,"[{""evidence_role"":""verified_bidet_and_restroom_presence"",""source_link_id"":""bidet_survey_7109da7346468fd8779d"",""source_type"":""field_survey_bidet_workbook""},{""evidence_role"":""same_brand_coordinate_conflict_context"",""source_link_id"":""context_6c64d0f909e7c51af727"",""source_type"":""OSM""},{""evidence_role"":""same_brand_coordinate_conflict_context"",""source_link_id"":""context_9742ba648bdcd48f306e"",""source_type"":""OSM""}]",,,bidet_survey_7109da7346468fd8779d,source_data_coordinate_issue,adjudicated,"OSM splits the same unusual Antwet brand into hostel and rooftop-bar POIs sharing email/phone, but they are 439.6–467.1 m from the survey coordinate. Current sources support Capitol Area identity while OSM tags Veterans Avenue; preserve the survey entity and coordinates until the source discrepancy is field-checked.",,Verified survey entity retained separately; any OSM parent/context does not replace the surveyed child.
buttler_loc_8f58768f963a3cbabc47,Astra Bella Apartment,9.321312,123.294687,"St. Michael Street, Ma. Asuncion Subdivision, Daro, Dumaguete City",Yes,Yes,customers,no,field_verified_via_bidet_survey,field_verified,,,1,"[{""evidence_role"":""verified_bidet_and_restroom_presence"",""source_link_id"":""bidet_survey_293cdf09980b94df6049"",""source_type"":""field_survey_bidet_workbook""}]",,,bidet_survey_293cdf09980b94df6049,unmatched_verified_bidet,not_applicable,No defensible restroom-side entity match; nearby features lack adequate identity agreement.,,Survey-derived canonical location; no automatic restroom merge applied.
buttler_loc_183bb305a0b4e6fce936,Brain Brew,9.31645,123.30738,"Hibbard Avenue, within Harold's Mansion, Dumaguete City",Yes,Yes,customers,no,field_verified_via_bidet_survey,field_verified,,Harold's Mansion,2,"[{""evidence_role"":""verified_bidet_and_restroom_presence"",""source_link_id"":""bidet_survey_def358baad9ed1bad905"",""source_type"":""field_survey_bidet_workbook""},{""evidence_role"":""parent_venue_context"",""source_link_id"":""context_814711db80b236a15836"",""source_type"":""OSM""}]",,,bidet_survey_def358baad9ed1bad905,retain_as_distinct_restroom_unit_with_parent,human_adjudicated_high,Authoritative human finding: Brain Brew is a distinct entity inside the Harold's Mansion building.,,Verified survey entity retained separately; any OSM parent/context does not replace the surveyed child.
buttler_loc_10ac9a448d809db9dcb2,Brispace Inn,9.303562,123.304063,"Colon St, Dumaguete City",Yes,Yes,public,no,field_verified_via_bidet_survey,field_verified,,,1,"[{""evidence_role"":""verified_bidet_and_restroom_presence"",""source_link_id"":""bidet_survey_54a67154cc382815a57e"",""source_type"":""field_survey_bidet_workbook""}]",,,bidet_survey_54a67154cc382815a57e,unmatched_verified_bidet,not_applicable,No defensible restroom-side entity match; nearby features lack adequate identity agreement.,,Survey-derived canonical location; no automatic restroom merge applied.
buttler_loc_abb4a78aa93b560d8469,Carlo's Place,9.317763,123.305766,"Hibbard Avenue, Tubod Street C25, C24, Dumaguete City",Yes,Yes,customers,no,field_verified_via_bidet_survey,field_verified,,,1,"[{""evidence_role"":""verified_bidet_and_restroom_presence"",""source_link_id"":""bidet_survey_658e24715eb4f41d3d6c"",""source_type"":""field_survey_bidet_workbook""}]",,,bidet_survey_658e24715eb4f41d3d6c,unmatched_verified_bidet,not_applicable,No defensible restroom-side entity match; nearby features lack adequate identity agreement.,,Survey-derived canonical location; no automatic restroom merge applied.
buttler_loc_c70a6736e7bc8d3979ca,Ceres Bus Terminal Restrooms,9.299688,123.305641,"Calindagan, Dumaguete City",Yes,Yes,public,no,field_verified_via_bidet_survey,field_verified,,Dumaguete Transport Terminal,2,"[{""evidence_role"":""verified_bidet_and_restroom_presence"",""source_link_id"":""bidet_survey_9cff0ffca1e9d5c354a1"",""source_type"":""field_survey_bidet_workbook""},{""evidence_role"":""parent_venue_context"",""source_link_id"":""context_b16e753f46b908c66599"",""source_type"":""OSM""}]",,,bidet_survey_9cff0ffca1e9d5c354a1,retain_as_distinct_restroom_unit_with_parent,adjudicated,"The survey identifies a specific terminal restroom unit; OSM identifies the broader bus terminal. Current sources place Ceres Terminal in Calindagan, but the 137.7 m offset does not justify collapsing the child into the terminal centroid.",,Verified survey entity retained separately; any OSM parent/context does not replace the surveyed child.
buttler_loc_08616ae45c9747267f3b,Crete Cafe,9.32565,123.30478,"Mango Avenue, Bantayan, Dumaguete City",Yes,Yes,customers,no,field_verified_via_bidet_survey,field_verified,,,1,"[{""evidence_role"":""verified_bidet_and_restroom_presence"",""source_link_id"":""bidet_survey_34b0a20c6c9b9f8c1e87"",""source_type"":""field_survey_bidet_workbook""}]",,,bidet_survey_34b0a20c6c9b9f8c1e87,unmatched_verified_bidet,not_applicable,No defensible restroom-side entity match; nearby features lack adequate identity agreement.,,Survey-derived canonical location; no automatic restroom merge applied.
buttler_loc_b10c08f1051227187c1d,DCCCO Hotel,9.302812,123.307312,"Upper Luke Wright Street, Dumaguete City",Yes,Yes,public,no,field_verified_via_bidet_survey,field_verified,,,1,"[{""evidence_role"":""verified_bidet_and_restroom_presence"",""source_link_id"":""bidet_survey_1c3f15a6fb27d5633927"",""source_type"":""field_survey_bidet_workbook""}]",,,bidet_survey_1c3f15a6fb27d5633927,unmatched_verified_bidet,not_applicable,No defensible restroom-side entity match; nearby features lack adequate identity agreement.,,Survey-derived canonical location; no automatic restroom merge applied.
buttler_loc_fd8af9e4b87e5f53834b,Derm Corner,9.309188,123.308766,"Derm Corner, Third Building, Corner: Santa Catalina, San Juan St, Poblacion 6, Dumaguete City",Yes,Yes,customers,no,field_verified_via_bidet_survey,field_verified,,,1,"[{""evidence_role"":""verified_bidet_and_restroom_presence"",""source_link_id"":""bidet_survey_3876b03aec33a493273b"",""source_type"":""field_survey_bidet_workbook""}]",,,bidet_survey_3876b03aec33a493273b,unmatched_verified_bidet,not_applicable,No defensible same-entity restroom feature; generic address/category overlap is insufficient.,,Survey-derived canonical location; no automatic restroom merge applied.
buttler_loc_be2211e1d0468e194f49,DGTech Computer,9.30881,123.30768,"325 DGTech Building, Perdices Street, Dumaguete City",Yes,Yes,public,no,field_verified_via_bidet_survey,field_verified,,,1,"[{""evidence_role"":""verified_bidet_and_restroom_presence"",""source_link_id"":""bidet_survey_ae7673ec051b483f0855"",""source_type"":""field_survey_bidet_workbook""}]",,,bidet_survey_ae7673ec051b483f0855,unmatched_verified_bidet,not_applicable,No defensible same-entity restroom feature; generic address/category overlap is insufficient. Investigated false positive: Distinct named institutions; apparent similarity is only the generic category word “Computer” despite 25.0 m proximity.,,Survey-derived canonical location; no automatic restroom merge applied.
buttler_loc_bb655b90bfc7513bc298,Dumaguete Port Restrooms,9.312563,123.310688,"Port Area, Dumaguete City",Yes,Yes,public,no,field_verified_via_bidet_survey,field_verified,,,1,"[{""evidence_role"":""verified_bidet_and_restroom_presence"",""source_link_id"":""bidet_survey_686ecfd1f44535a7deaf"",""source_type"":""field_survey_bidet_workbook""}]",,,bidet_survey_686ecfd1f44535a7deaf,unmatched_verified_bidet,not_applicable,No defensible restroom-side entity match; nearby features lack adequate identity agreement.,,Survey-derived canonical location; no automatic restroom merge applied.
buttler_loc_76a362601ed36b666f73,GSIS Dumaguete,9.323062,123.298937,"North National Highway, Daro, Dumaguete City",Yes,Yes,public,no,field_verified_via_bidet_survey,field_verified,,,1,"[{""evidence_role"":""verified_bidet_and_restroom_presence"",""source_link_id"":""bidet_survey_8081f9f98fda75b52923"",""source_type"":""field_survey_bidet_workbook""}]",,,bidet_survey_8081f9f98fda75b52923,unmatched_verified_bidet,not_applicable,No defensible restroom-side entity match; nearby features lack adequate identity agreement.,,Survey-derived canonical location; no automatic restroom merge applied.
buttler_loc_5275cfcb8d68f9954799,Grace Pharmacy,9.306088,123.305516,"Governor Mariano F. Perdices Street, Dumaguete City",Yes,Yes,customers,no,field_verified_via_bidet_survey,field_verified,,,1,"[{""evidence_role"":""verified_bidet_and_restroom_presence"",""source_link_id"":""bidet_survey_2b9a1a379eb7c5e4ea06"",""source_type"":""field_survey_bidet_workbook""}]",,,bidet_survey_2b9a1a379eb7c5e4ea06,unmatched_verified_bidet,not_applicable,No defensible restroom-side entity match; nearby features lack adequate identity agreement.,,Survey-derived canonical location; no automatic restroom merge applied.
buttler_loc_bd46da715d0546b6c6e1,Habibi Chicken and Habibi Ice Cream,9.299563,123.305063,"Calindagan Rd, Calindagan, Dumaguete City",Yes,Yes,customers,no,field_verified_via_bidet_survey,field_verified,,,1,"[{""evidence_role"":""verified_bidet_and_restroom_presence"",""source_link_id"":""bidet_survey_c1c7b1a96a0cc4cc9c1e"",""source_type"":""field_survey_bidet_workbook""}]",,,bidet_survey_c1c7b1a96a0cc4cc9c1e,unmatched_verified_bidet,not_applicable,No defensible restroom-side entity match; nearby features lack adequate identity agreement.,,Survey-derived canonical location; no automatic restroom merge applied.
buttler_loc_79f166ed599957081c37,Harold's Dive Center,9.316313,123.307312,"205 Hibbard Avenue, Dumaguete City",Yes,Yes,customers,no,field_verified_via_bidet_survey,field_verified,,Harold's Mansion,2,"[{""evidence_role"":""verified_bidet_and_restroom_presence"",""source_link_id"":""bidet_survey_821a5f0696d46752b2a3"",""source_type"":""field_survey_bidet_workbook""},{""evidence_role"":""parent_venue_context"",""source_link_id"":""context_2e2c02f783eb5d34d004"",""source_type"":""OSM""}]",,,bidet_survey_821a5f0696d46752b2a3,retain_as_distinct_restroom_unit_with_parent,human_adjudicated_high,Authoritative human finding: the dive center is a distinct entity inside the Harold's Mansion building.,,Verified survey entity retained separately; any OSM parent/context does not replace the surveyed child.
buttler_loc_0598318ce1ee64cef811,Heart Hotel,9.302688,123.307938,"Perdices St. corner Luke Wright St., Dumaguete City",Yes,Yes,public,no,field_verified_via_bidet_survey,field_verified,,,1,"[{""evidence_role"":""verified_bidet_and_restroom_presence"",""source_link_id"":""bidet_survey_53a61980f550a6ffd59e"",""source_type"":""field_survey_bidet_workbook""}]",,,bidet_survey_53a61980f550a6ffd59e,unmatched_verified_bidet,not_applicable,No defensible restroom-side entity match; nearby features lack adequate identity agreement.,,Survey-derived canonical location; no automatic restroom merge applied.
buttler_loc_5e3d14611172a387da4e,Hotel Dumaguete,9.3213901,123.3104219,"EJ Blanco Drive, Piapi, Dumaguete City",Yes,Yes,public,no,field_verified_via_bidet_survey,field_verified,,,1,"[{""evidence_role"":""verified_bidet_and_restroom_presence"",""source_link_id"":""bidet_survey_18ecccd2d5cfc6138022"",""source_type"":""field_survey_bidet_workbook""}]",,,bidet_survey_18ecccd2d5cfc6138022,unmatched_verified_bidet,not_applicable,No defensible restroom-side entity match; nearby features lack adequate identity agreement.,,Survey-derived canonical location; no automatic restroom merge applied.
buttler_loc_16e1b83fe4bb26432f19,Izakaya Himawari Japanese Restaurant,9.32543,123.30702,"58 Hibbard Ave, Dumaguete City",Yes,Yes,customers,no,field_verified_via_bidet_survey,field_verified,,,1,"[{""evidence_role"":""verified_bidet_and_restroom_presence"",""source_link_id"":""bidet_survey_124a90aa363e436a3304"",""source_type"":""field_survey_bidet_workbook""}]",,,bidet_survey_124a90aa363e436a3304,unmatched_verified_bidet,not_applicable,No defensible restroom-side entity match; nearby features lack adequate identity agreement.,,Survey-derived canonical location; no automatic restroom merge applied.
buttler_loc_d78b150632eac4b883d7,Koze Suites,9.326812,123.302688,"L. Rovira East Road, Dumaguete City",Yes,Yes,public,no,field_verified_via_bidet_survey,field_verified,,,1,"[{""evidence_role"":""verified_bidet_and_restroom_presence"",""source_link_id"":""bidet_survey_195ee2fef57b421c4eec"",""source_type"":""field_survey_bidet_workbook""}]",,,bidet_survey_195ee2fef57b421c4eec,unmatched_verified_bidet,not_applicable,No defensible restroom-side entity match; nearby features lack adequate identity agreement.,,Survey-derived canonical location; no automatic restroom merge applied.
buttler_loc_d1aab60749b263ce0b6f,La Mensa Bar Lounge,9.3203894,123.3100319,"EJ Blanco Drive, Piapi, Dumaguete City",Yes,Yes,customers,no,field_verified_via_bidet_survey,field_verified,,,1,"[{""evidence_role"":""verified_bidet_and_restroom_presence"",""source_link_id"":""bidet_survey_bc9693cc116164c987f3"",""source_type"":""field_survey_bidet_workbook""}]",,,bidet_survey_bc9693cc116164c987f3,retain_as_distinct_restroom_unit_with_parent,human_adjudicated_high,Authoritative human finding: La Mensa Bar Lounge and OSM La Mensa Bar are separate nearby entities; proximity and name overlap do not establish identity.,,Verified survey entity retained separately; any OSM parent/context does not replace the surveyed child.
buttler_loc_3953216ede20b2092e9c,Mad Monkey Dumaguete,9.31948,123.31085,"Amigo St., Amigo Subdivision, Piapi, Dumaguete City",Yes,Yes,customers,no,field_verified_via_bidet_survey,field_verified,,,1,"[{""evidence_role"":""verified_bidet_and_restroom_presence"",""source_link_id"":""bidet_survey_7bbce213ba36786391f1"",""source_type"":""field_survey_bidet_workbook""}]",,,bidet_survey_7bbce213ba36786391f1,unmatched_verified_bidet,not_applicable,No defensible restroom-side entity match; nearby features lack adequate identity agreement.,,Survey-derived canonical location; no automatic restroom merge applied.
buttler_loc_5298f774bb19ebf4d3ee,Mala King,9.30871,123.30808,"Noblefranca St., Dumaguete City",Yes,Yes,customers,no,field_verified_via_bidet_survey,field_verified,,,1,"[{""evidence_role"":""verified_bidet_and_restroom_presence"",""source_link_id"":""bidet_survey_2d05f8fac750fbff14e6"",""source_type"":""field_survey_bidet_workbook""}]",,,bidet_survey_2d05f8fac750fbff14e6,unmatched_verified_bidet,not_applicable,No defensible restroom-side entity match; nearby features lack adequate identity agreement.,,Survey-derived canonical location; no automatic restroom merge applied.
buttler_loc_97656d999048b0d6a972,Manila Teacher's Mutual Aid System Incorporation,9.306687,123.300562,"Dr V. Locsin St, Dumaguete City",Yes,Yes,customers,no,field_verified_via_bidet_survey,field_verified,,,1,"[{""evidence_role"":""verified_bidet_and_restroom_presence"",""source_link_id"":""bidet_survey_3f28d486c26a2639f5c8"",""source_type"":""field_survey_bidet_workbook""}]",,,bidet_survey_3f28d486c26a2639f5c8,unmatched_verified_bidet,not_applicable,No defensible restroom-side entity match; nearby features lack adequate identity agreement.,,Survey-derived canonical location; no automatic restroom merge applied.
buttler_loc_6fe425032c44ce5f22e6,Marina Spatial,9.32168,123.31154,"EJ Blanco Ave, Brgy. Piapi, Dumaguete City",Yes,Yes,customers,no,field_verified_via_bidet_survey,field_verified,,,1,"[{""evidence_role"":""verified_bidet_and_restroom_presence"",""source_link_id"":""bidet_survey_c824d7481f9556e63602"",""source_type"":""field_survey_bidet_workbook""}]",,,bidet_survey_c824d7481f9556e63602,unmatched_verified_bidet,not_applicable,No defensible restroom-side entity match; nearby features lack adequate identity agreement.,,Survey-derived canonical location; no automatic restroom merge applied.
buttler_loc_0c293896352a16f3f264,Piapi Deli,9.321263,123.3103508,"EJ Blanco Drive, Piapi (Inside Hotel Dumaguete), Dumaguete City",Yes,Yes,customers,no,field_verified_via_bidet_survey,field_verified,,,1,"[{""evidence_role"":""verified_bidet_and_restroom_presence"",""source_link_id"":""bidet_survey_21b7eb7b4b3ec0e01f9c"",""source_type"":""field_survey_bidet_workbook""}]",,,bidet_survey_21b7eb7b4b3ec0e01f9c,unmatched_verified_bidet,not_applicable,No defensible same-entity restroom feature; generic address/category overlap is insufficient.,,Survey-derived canonical location; no automatic restroom merge applied.
buttler_loc_a962aa157dff936ae36a,Pulantubig Barangay Hall,9.32435,123.29254,"Purok Tikling, Pulantubig, Dumaguete City",Yes,Yes,public,no,field_verified_via_bidet_survey,field_verified,,,1,"[{""evidence_role"":""verified_bidet_and_restroom_presence"",""source_link_id"":""bidet_survey_2fb2f828db6b507991d2"",""source_type"":""field_survey_bidet_workbook""}]",,,bidet_survey_2fb2f828db6b507991d2,unmatched_verified_bidet,not_applicable,No defensible restroom-side entity match; nearby features lack adequate identity agreement.,,Survey-derived canonical location; no automatic restroom merge applied.
buttler_loc_29cf723eb590bc249df4,Powerswing Motor Vehicle Inspection Center,9.320313,123.296437,"EJ Blanco Drive, Dumaguete City",Yes,Yes,public,no,field_verified_via_bidet_survey,field_verified,,,1,"[{""evidence_role"":""verified_bidet_and_restroom_presence"",""source_link_id"":""bidet_survey_10aa3f81114d0ee2c45c"",""source_type"":""field_survey_bidet_workbook""}]",,,bidet_survey_10aa3f81114d0ee2c45c,unmatched_verified_bidet,not_applicable,No defensible restroom-side entity match; nearby features lack adequate identity agreement.,,Survey-derived canonical location; no automatic restroom merge applied.
buttler_loc_023f2f83bba03e49dbde,Quarto Dgte,9.3249,123.30809,"Fatima Village, Piapi, Dumaguete City",Yes,Yes,customers,no,field_verified_via_bidet_survey,field_verified,,,1,"[{""evidence_role"":""verified_bidet_and_restroom_presence"",""source_link_id"":""bidet_survey_e9c34c2789b7e96c3ad0"",""source_type"":""field_survey_bidet_workbook""}]",,,bidet_survey_e9c34c2789b7e96c3ad0,unmatched_verified_bidet,not_applicable,No defensible restroom-side entity match; nearby features lack adequate identity agreement.,,Survey-derived canonical location; no automatic restroom merge applied.
buttler_loc_454888a0022bdc39c775,Sans Rival Marina Town (Filinvest Mall),9.32271,123.31208,"Filinvest Malls Dumaguete, Marina Town, Dumaguete City",Yes,Yes,customers,no,field_verified_via_bidet_survey,field_verified,,Filinvest Mall Dumaguete,2,"[{""evidence_role"":""verified_bidet_and_restroom_presence"",""source_link_id"":""bidet_survey_2d16f1cb0449feea8189"",""source_type"":""field_survey_bidet_workbook""},{""evidence_role"":""parent_venue_context"",""source_link_id"":""context_acd508f64b5140a6b7fb"",""source_type"":""OSM""}]",,,bidet_survey_2d16f1cb0449feea8189,retain_as_distinct_restroom_unit_with_parent,human_adjudicated_high,"Authoritative human finding: the survey identifies the Sans Rival tenant inside Filinvest Mall, not the mall itself.",,Verified survey entity retained separately; any OSM parent/context does not replace the surveyed child.
buttler_loc_b887f9459d0e10c51a43,Silliman University Cafeteria,9.31145,123.30765,"Hibbard Ave., Silliman University, Dumaguete City",Yes,Yes,customers,no,field_verified_via_bidet_survey,field_verified,,Silliman University,2,"[{""evidence_role"":""verified_bidet_and_restroom_presence"",""source_link_id"":""bidet_survey_5d195ab19514c0c24f56"",""source_type"":""field_survey_bidet_workbook""},{""evidence_role"":""parent_venue_context"",""source_link_id"":""context_a274d0ca2b556933b925"",""source_type"":""OSM""}]",,,bidet_survey_5d195ab19514c0c24f56,retain_as_distinct_restroom_unit_with_parent,human_adjudicated_high,Authoritative human finding: this is a distinct surveyed restroom-access unit within the Silliman campus.,,Verified survey entity retained separately; any OSM parent/context does not replace the surveyed child.
buttler_loc_1fbd3579b0769e0666cc,Silliman University College of Arts and Sciences,9.31207,123.30677,"Hibbard Ave., Silliman University, Dumaguete City",Yes,Yes,customers,no,field_verified_via_bidet_survey,field_verified,,Silliman University,2,"[{""evidence_role"":""verified_bidet_and_restroom_presence"",""source_link_id"":""bidet_survey_d692851e63a7f51d21ca"",""source_type"":""field_survey_bidet_workbook""},{""evidence_role"":""parent_venue_context"",""source_link_id"":""context_1a67bbb59c0d298335a1"",""source_type"":""OSM""}]",,,bidet_survey_d692851e63a7f51d21ca,retain_as_distinct_restroom_unit_with_parent,human_adjudicated_high,Authoritative human finding: this is a distinct surveyed restroom-access unit within the Silliman campus.,,Verified survey entity retained separately; any OSM parent/context does not replace the surveyed child.
buttler_loc_2e296a1c3007192589e0,Silliman University College of Business Administration (PWD Stalls),9.31268,123.30724,"Hibbard Ave., Silliman University, Dumaguete City",Yes,Yes,customers,no,field_verified_via_bidet_survey,field_verified,,Silliman University,2,"[{""evidence_role"":""verified_bidet_and_restroom_presence"",""source_link_id"":""bidet_survey_8335e3b14d870cabe9a6"",""source_type"":""field_survey_bidet_workbook""},{""evidence_role"":""parent_venue_context"",""source_link_id"":""context_2f048798ca3c331b154f"",""source_type"":""OSM""}]",,,bidet_survey_8335e3b14d870cabe9a6,retain_as_distinct_restroom_unit_with_parent,human_adjudicated_high,Authoritative human finding: the CBA PWD stalls are a distinct surveyed restroom-access unit within the Silliman campus.,,Verified survey entity retained separately; any OSM parent/context does not replace the surveyed child.
buttler_loc_d2c3273f9988af2fc041,Silliman University Library,9.31363,123.30634,"Hibbard Ave., Silliman University, Dumaguete City",Yes,Yes,public,no,field_verified_via_bidet_survey,field_verified,,Silliman University,2,"[{""evidence_role"":""verified_bidet_and_restroom_presence"",""source_link_id"":""bidet_survey_f280ca8e8b602f8ca969"",""source_type"":""field_survey_bidet_workbook""},{""evidence_role"":""parent_venue_context"",""source_link_id"":""context_be801ae445e891ece033"",""source_type"":""OSM""}]",,,bidet_survey_f280ca8e8b602f8ca969,retain_as_distinct_restroom_unit_with_parent,human_adjudicated_high,Authoritative human finding: the library is a distinct surveyed restroom-access unit within the Silliman campus.,,Verified survey entity retained separately; any OSM parent/context does not replace the surveyed child.
buttler_loc_6970ca1ddc199b0d965e,Silliman University Senior High School Building,9.3143,123.30535,"Hibbard Ave., Silliman University, Dumaguete City",Yes,Yes,customers,no,field_verified_via_bidet_survey,field_verified,,Silliman University,2,"[{""evidence_role"":""verified_bidet_and_restroom_presence"",""source_link_id"":""bidet_survey_de3f2d1d76f0403fed25"",""source_type"":""field_survey_bidet_workbook""},{""evidence_role"":""parent_venue_context"",""source_link_id"":""context_5f97295344df41edd604"",""source_type"":""OSM""}]",,,bidet_survey_de3f2d1d76f0403fed25,retain_as_distinct_restroom_unit_with_parent,human_adjudicated_high,Authoritative human finding: the Senior High School building is a distinct surveyed restroom-access unit within the Silliman campus.,,Verified survey entity retained separately; any OSM parent/context does not replace the surveyed child.
buttler_loc_f0797585bf5377521490,Silliman University Zoo,9.319187,123.303687,"Ipil, Dumaguete City",Yes,Yes,customers,no,field_verified_via_bidet_survey,field_verified,,,1,"[{""evidence_role"":""verified_bidet_and_restroom_presence"",""source_link_id"":""bidet_survey_df1e650e9875e2497c68"",""source_type"":""field_survey_bidet_workbook""}]",,,bidet_survey_df1e650e9875e2497c68,unmatched_verified_bidet,not_applicable,No defensible restroom-side entity match; nearby features lack adequate identity agreement.,,Survey-derived canonical location; no automatic restroom merge applied.
buttler_loc_fdc9b78eee16c50646c0,Sol de Luna Cafe Restaurant Bar & Lounge,9.328437,123.308813,"24 East Rovira Road, Bantayan, Dumaguete City",Yes,Yes,customers,no,field_verified_via_bidet_survey,field_verified,,,1,"[{""evidence_role"":""verified_bidet_and_restroom_presence"",""source_link_id"":""bidet_survey_96171721609d8f448d78"",""source_type"":""field_survey_bidet_workbook""}]",,,bidet_survey_96171721609d8f448d78,unmatched_verified_bidet,not_applicable,No defensible restroom-side entity match; nearby features lack adequate identity agreement.,,Survey-derived canonical location; no automatic restroom merge applied.
buttler_loc_ea03922cdb9af9b27bc3,Tanzy Tristan Salon,9.317813,123.307063,"Infante Bartch Subdivision, Bagacay, Dumaguete City",Yes,Yes,customers,no,field_verified_via_bidet_survey,field_verified,,,1,"[{""evidence_role"":""verified_bidet_and_restroom_presence"",""source_link_id"":""bidet_survey_16ef178b9394b22f76ea"",""source_type"":""field_survey_bidet_workbook""}]",,,bidet_survey_16ef178b9394b22f76ea,unmatched_verified_bidet,not_applicable,No defensible restroom-side entity match; nearby features lack adequate identity agreement.,,Survey-derived canonical location; no automatic restroom merge applied.
buttler_loc_7c97a9d8ec205d876b53,The Henry Resort,9.32738,123.31028,"Flores Avenue, Bantayan, Dumaguete City",Yes,Yes,customers,no,field_verified_via_bidet_survey,field_verified,,,1,"[{""evidence_role"":""verified_bidet_and_restroom_presence"",""source_link_id"":""bidet_survey_f110dc301ac4113242b9"",""source_type"":""field_survey_bidet_workbook""}]",,,bidet_survey_f110dc301ac4113242b9,unmatched_verified_bidet,not_applicable,No defensible restroom-side entity match; nearby features lack adequate identity agreement.,,Survey-derived canonical location; no automatic restroom merge applied.
buttler_loc_f7cecc218d8486f21625,The Pawnshop Bar,9.321312,123.310438,"EJ Blanco Drive, Piapi (Inside Hotel Dumaguete), Dumaguete City",Yes,Yes,public,no,field_verified_via_bidet_survey,field_verified,,,1,"[{""evidence_role"":""verified_bidet_and_restroom_presence"",""source_link_id"":""bidet_survey_07060c982de69b1724da"",""source_type"":""field_survey_bidet_workbook""}]",,,bidet_survey_07060c982de69b1724da,unmatched_verified_bidet,not_applicable,No defensible same-entity restroom feature; generic address/category overlap is insufficient.,,Survey-derived canonical location; no automatic restroom merge applied.
buttler_loc_61b1f357aac99d3e39ec,Traffic Management Office - City Government of Dumaguete,9.305687,123.308562,"City Hall, Colon St, Dumaguete City",Yes,Yes,public,yes,field_verified_via_bidet_survey,field_verified,,Dumaguete City Hall,2,"[{""evidence_role"":""verified_bidet_and_restroom_presence"",""source_link_id"":""bidet_survey_93ac60c2d197e9fa0f6f"",""source_type"":""field_survey_bidet_workbook""},{""evidence_role"":""parent_venue_context"",""source_link_id"":""context_1b2ca31a9e4111dafe13"",""source_type"":""OSM""}]",,,bidet_survey_93ac60c2d197e9fa0f6f,retain_as_distinct_restroom_unit_with_parent,adjudicated,The survey identifies the specific Traffic Management Office at the City Hall address; OSM identifies the broader City Hall building. The office must remain a distinct child rather than being absorbed into the town hall centroid.,,Verified survey entity retained separately; any OSM parent/context does not replace the surveyed child.
buttler_loc_8283db1ce4be947af46f,WrkPod Downtown,9.308441,123.3080518,"Maneda Building, Noblefranca Street, Dumaguete City",Yes,Yes,customers,no,field_verified_via_bidet_survey,field_verified,,,1,"[{""evidence_role"":""verified_bidet_and_restroom_presence"",""source_link_id"":""bidet_survey_d957904bcc0287692445"",""source_type"":""field_survey_bidet_workbook""}]",,,bidet_survey_d957904bcc0287692445,unmatched_verified_bidet,not_applicable,No defensible restroom-side entity match; nearby features lack adequate identity agreement.,,Survey-derived canonical location; no automatic restroom merge applied.
buttler_loc_4d17ef99dad3c1a25de0,Wrkpod HQ,9.31125,123.29875,"Buñao Road, National Highway, beside Royhle Aviation, Dumaguete City",Yes,Yes,customers,no,field_verified_via_bidet_survey,field_verified,,,1,"[{""evidence_role"":""verified_bidet_and_restroom_presence"",""source_link_id"":""bidet_survey_20874ce56946e5e55493"",""source_type"":""field_survey_bidet_workbook""}]",,,bidet_survey_20874ce56946e5e55493,unmatched_verified_bidet,not_applicable,No defensible restroom-side entity match; nearby features lack adequate identity agreement.,,Survey-derived canonical location; no automatic restroom merge applied.
buttler_loc_7cecbc599a6bf25bb11f,Wrkpod Northside,9.328563,123.296063,"Western Nautical Hwy, Buñao Rd, Dumaguete City",Yes,Yes,customers,no,field_verified_via_bidet_survey,field_verified,,,1,"[{""evidence_role"":""verified_bidet_and_restroom_presence"",""source_link_id"":""bidet_survey_5bc03330085f45bb63ad"",""source_type"":""field_survey_bidet_workbook""}]",,,bidet_survey_5bc03330085f45bb63ad,unmatched_verified_bidet,not_applicable,No defensible restroom-side entity match; nearby features lack adequate identity agreement.,,Survey-derived canonical location; no automatic restroom merge applied.
buttler_loc_611d12adc4f98a41d312,Yvan Cafe,9.31933,123.30686,"Hibbard Avenue, Brgy. Piapi, Dumaguete City",Yes,Yes,customers,no,field_verified_via_bidet_survey,field_verified,,,1,"[{""evidence_role"":""verified_bidet_and_restroom_presence"",""source_link_id"":""bidet_survey_3aa2bbee7583c453b4c8"",""source_type"":""field_survey_bidet_workbook""}]",,,bidet_survey_3aa2bbee7583c453b4c8,unmatched_verified_bidet,not_applicable,No defensible restroom-side entity match; nearby features lack adequate identity agreement.,,Survey-derived canonical location; no automatic restroom merge applied.
