Canonical_Location_ID,Source_Link_ID,Source_Type,Source_Record_ID,Evidence_Role,Original_Name,Original_Latitude,Original_Longitude,Original_Address,Original_Access,Original_Fee,Original_Restroom_Presence,Original_Bidet_Presence,Verification,Source_Data_JSON
buttler_loc_b2a4f21fbc6a500ff101,node/322750919,OSM,node/322750919,restroom_acquisition,Casablanca,9.3084586,123.3094821,Rizal Boulevard,unknown,unknown,Unknown,Unknown,candidate_unverified,"{""Access"":""unknown"",""Acquisition_Date"":""2026-09-01"",""Address"":""Rizal Boulevard"",""Bidet_Presence"":""Unknown"",""Candidate_Priority"":""High"",""Candidate_Reason"":""Restaurant or fast-food venue (amenity=restaurant)"",""Fee"":""unknown"",""Last_Source_Update"":""2026-03-09T05:43:57Z"",""Latitude"":9.3084586,""Longitude"":123.3094821,""Match_Confidence"":"""",""Match_Reason"":"""",""Name"":""Casablanca"",""Notes"":"""",""OSM_ID"":""322750919"",""OSM_Type"":""node"",""Parent_Venue"":"""",""Restroom_Presence"":""Unknown"",""Restroom_Verification"":""candidate_unverified"",""Source"":""OSM"",""Source_ID"":""node/322750919"",""Temporary_Record_ID"":""osm_node_322750919"",""Venue_Category"":""food_major""}"
buttler_loc_956b9fbdf276c7542366,node/582448189,OSM,node/582448189,restroom_acquisition,Dumaguete,9.3131543,123.3114084,,unknown,unknown,Unknown,Unknown,candidate_unverified,"{""Access"":""unknown"",""Acquisition_Date"":""2026-09-01"",""Address"":"""",""Bidet_Presence"":""Unknown"",""Candidate_Priority"":""High"",""Candidate_Reason"":""Passenger terminal (amenity=ferry_terminal)"",""Fee"":""unknown"",""Last_Source_Update"":""2024-11-23T09:35:54Z"",""Latitude"":9.3131543,""Longitude"":123.3114084,""Match_Confidence"":"""",""Match_Reason"":"""",""Name"":""Dumaguete"",""Notes"":"""",""OSM_ID"":""582448189"",""OSM_Type"":""node"",""Parent_Venue"":"""",""Restroom_Presence"":""Unknown"",""Restroom_Verification"":""candidate_unverified"",""Source"":""OSM"",""Source_ID"":""node/582448189"",""Temporary_Record_ID"":""osm_node_582448189"",""Venue_Category"":""transport_terminal""}"
buttler_loc_d46fb5db0511e3eebd76,node/684358766,OSM,node/684358766,restroom_acquisition,Check Inn Dumaguete,9.3070116,123.3072521,,unknown,unknown,Unknown,Unknown,candidate_unverified,"{""Access"":""unknown"",""Acquisition_Date"":""2026-09-01"",""Address"":"""",""Bidet_Presence"":""Unknown"",""Candidate_Priority"":""High"",""Candidate_Reason"":""Substantial accommodation (tourism=hotel)"",""Fee"":""unknown"",""Last_Source_Update"":""2025-11-12T01:28:49Z"",""Latitude"":9.3070116,""Longitude"":123.3072521,""Match_Confidence"":"""",""Match_Reason"":"""",""Name"":""Check Inn Dumaguete"",""Notes"":"""",""OSM_ID"":""684358766"",""OSM_Type"":""node"",""Parent_Venue"":"""",""Restroom_Presence"":""Unknown"",""Restroom_Verification"":""candidate_unverified"",""Source"":""OSM"",""Source_ID"":""node/684358766"",""Temporary_Record_ID"":""osm_node_684358766"",""Venue_Category"":""accommodation""}"
buttler_loc_60b5c1388449eab79856,node/1105804601,OSM,node/1105804601,restroom_acquisition,Le Chalet,9.307413,123.3097513,Rizal Boulevard,unknown,unknown,Unknown,Unknown,candidate_unverified,"{""Access"":""unknown"",""Acquisition_Date"":""2026-09-01"",""Address"":""Rizal Boulevard"",""Bidet_Presence"":""Unknown"",""Candidate_Priority"":""High"",""Candidate_Reason"":""Restaurant or fast-food venue (amenity=restaurant)"",""Fee"":""unknown"",""Last_Source_Update"":""2025-02-19T04:44:32Z"",""Latitude"":9.307413,""Longitude"":123.3097513,""Match_Confidence"":"""",""Match_Reason"":"""",""Name"":""Le Chalet"",""Notes"":"""",""OSM_ID"":""1105804601"",""OSM_Type"":""node"",""Parent_Venue"":""Why Not?"",""Restroom_Presence"":""Unknown"",""Restroom_Verification"":""candidate_unverified"",""Source"":""OSM"",""Source_ID"":""node/1105804601"",""Temporary_Record_ID"":""osm_node_1105804601"",""Venue_Category"":""food_major""}"
buttler_loc_c394b6047a6a6ba7e76e,node/1140669692,OSM,node/1140669692,restroom_acquisition,Hotel Palwa,9.3071508,123.3059057,Doctor Vicente Locsin Street,unknown,unknown,Unknown,Unknown,candidate_unverified,"{""Access"":""unknown"",""Acquisition_Date"":""2026-09-01"",""Address"":""Doctor Vicente Locsin Street"",""Bidet_Presence"":""Unknown"",""Candidate_Priority"":""High"",""Candidate_Reason"":""Substantial accommodation (tourism=hotel)"",""Fee"":""unknown"",""Last_Source_Update"":""2025-04-06T04:03:46Z"",""Latitude"":9.3071508,""Longitude"":123.3059057,""Match_Confidence"":"""",""Match_Reason"":"""",""Name"":""Hotel Palwa"",""Notes"":"""",""OSM_ID"":""1140669692"",""OSM_Type"":""node"",""Parent_Venue"":"""",""Restroom_Presence"":""Unknown"",""Restroom_Verification"":""candidate_unverified"",""Source"":""OSM"",""Source_ID"":""node/1140669692"",""Temporary_Record_ID"":""osm_node_1140669692"",""Venue_Category"":""accommodation""}"
buttler_loc_b9a4f3e52cbe15f4f4bb,node/1144972520,OSM,node/1144972520,restroom_acquisition,Edelweiss Austrian Restaurant,9.3006829,123.2971643,,unknown,unknown,Unknown,Unknown,candidate_unverified,"{""Access"":""unknown"",""Acquisition_Date"":""2026-09-01"",""Address"":"""",""Bidet_Presence"":""Unknown"",""Candidate_Priority"":""High"",""Candidate_Reason"":""Restaurant or fast-food venue (amenity=restaurant)"",""Fee"":""unknown"",""Last_Source_Update"":""2011-02-10T02:27:45Z"",""Latitude"":9.3006829,""Longitude"":123.2971643,""Match_Confidence"":"""",""Match_Reason"":"""",""Name"":""Edelweiss Austrian Restaurant"",""Notes"":"""",""OSM_ID"":""1144972520"",""OSM_Type"":""node"",""Parent_Venue"":"""",""Restroom_Presence"":""Unknown"",""Restroom_Verification"":""candidate_unverified"",""Source"":""OSM"",""Source_ID"":""node/1144972520"",""Temporary_Record_ID"":""osm_node_1144972520"",""Venue_Category"":""food_major""}"
buttler_loc_6a27934f5e9853f162c1,node/1144972522,OSM,node/1144972522,restroom_acquisition,Fuh Garen Chinese Restaurant,9.3010526,123.2974766,,unknown,unknown,Unknown,Unknown,candidate_unverified,"{""Access"":""unknown"",""Acquisition_Date"":""2026-09-01"",""Address"":"""",""Bidet_Presence"":""Unknown"",""Candidate_Priority"":""High"",""Candidate_Reason"":""Restaurant or fast-food venue (amenity=restaurant)"",""Fee"":""unknown"",""Last_Source_Update"":""2015-08-23T22:18:07Z"",""Latitude"":9.3010526,""Longitude"":123.2974766,""Match_Confidence"":"""",""Match_Reason"":"""",""Name"":""Fuh Garen Chinese Restaurant"",""Notes"":"""",""OSM_ID"":""1144972522"",""OSM_Type"":""node"",""Parent_Venue"":"""",""Restroom_Presence"":""Unknown"",""Restroom_Verification"":""candidate_unverified"",""Source"":""OSM"",""Source_ID"":""node/1144972522"",""Temporary_Record_ID"":""osm_node_1144972522"",""Venue_Category"":""food_major""}"
buttler_loc_68d34940108923e41046,node/1208361704,OSM,node/1208361704,restroom_acquisition,Chin Loong,9.308209,123.3095718,Rizal Boulevard,unknown,unknown,Unknown,Unknown,candidate_unverified,"{""Access"":""unknown"",""Acquisition_Date"":""2026-09-01"",""Address"":""Rizal Boulevard"",""Bidet_Presence"":""Unknown"",""Candidate_Priority"":""High"",""Candidate_Reason"":""Restaurant or fast-food venue (amenity=restaurant)"",""Fee"":""unknown"",""Last_Source_Update"":""2025-02-26T06:29:46Z"",""Latitude"":9.308209,""Longitude"":123.3095718,""Match_Confidence"":"""",""Match_Reason"":"""",""Name"":""Chin Loong"",""Notes"":"""",""OSM_ID"":""1208361704"",""OSM_Type"":""node"",""Parent_Venue"":"""",""Restroom_Presence"":""Unknown"",""Restroom_Verification"":""candidate_unverified"",""Source"":""OSM"",""Source_ID"":""node/1208361704"",""Temporary_Record_ID"":""osm_node_1208361704"",""Venue_Category"":""food_major""}"
buttler_loc_f25e62856075af9cf666,node/1214420423,OSM,node/1214420423,restroom_acquisition,Lab-as,9.320876,123.3123692,,unknown,unknown,Unknown,Unknown,candidate_unverified,"{""Access"":""unknown"",""Acquisition_Date"":""2026-09-01"",""Address"":"""",""Bidet_Presence"":""Unknown"",""Candidate_Priority"":""High"",""Candidate_Reason"":""Restaurant or fast-food venue (amenity=restaurant)"",""Fee"":""unknown"",""Last_Source_Update"":""2025-03-16T11:47:23Z"",""Latitude"":9.320876,""Longitude"":123.3123692,""Match_Confidence"":"""",""Match_Reason"":"""",""Name"":""Lab-as"",""Notes"":"""",""OSM_ID"":""1214420423"",""OSM_Type"":""node"",""Parent_Venue"":"""",""Restroom_Presence"":""Unknown"",""Restroom_Verification"":""candidate_unverified"",""Source"":""OSM"",""Source_ID"":""node/1214420423"",""Temporary_Record_ID"":""osm_node_1214420423"",""Venue_Category"":""food_major""}"
buttler_loc_f56471920570aaabfc28,node/1214420425,OSM,node/1214420425,restroom_acquisition,Unnamed venue,9.3099748,123.3091868,,unknown,unknown,Unknown,Unknown,candidate_unverified,"{""Access"":""unknown"",""Acquisition_Date"":""2026-09-01"",""Address"":"""",""Bidet_Presence"":""Unknown"",""Candidate_Priority"":""Medium"",""Candidate_Reason"":""Food/drink venue; restroom uncertain (amenity=cafe)"",""Fee"":""unknown"",""Last_Source_Update"":""2025-02-26T06:28:13Z"",""Latitude"":9.3099748,""Longitude"":123.3091868,""Match_Confidence"":"""",""Match_Reason"":"""",""Name"":""Unnamed venue"",""Notes"":"""",""OSM_ID"":""1214420425"",""OSM_Type"":""node"",""Parent_Venue"":"""",""Restroom_Presence"":""Unknown"",""Restroom_Verification"":""candidate_unverified"",""Source"":""OSM"",""Source_ID"":""node/1214420425"",""Temporary_Record_ID"":""osm_node_1214420425"",""Venue_Category"":""food_drink""}"
buttler_loc_a7f10875519a6ac8bc5d,node/1214420440,OSM,node/1214420440,restroom_acquisition,Mr. Sizzlers,9.3103686,123.3087443,,unknown,unknown,Unknown,Unknown,candidate_unverified,"{""Access"":""unknown"",""Acquisition_Date"":""2026-09-01"",""Address"":"""",""Bidet_Presence"":""Unknown"",""Candidate_Priority"":""High"",""Candidate_Reason"":""Restaurant or fast-food venue (amenity=restaurant)"",""Fee"":""unknown"",""Last_Source_Update"":""2025-12-31T04:01:22Z"",""Latitude"":9.3103686,""Longitude"":123.3087443,""Match_Confidence"":"""",""Match_Reason"":"""",""Name"":""Mr. Sizzlers"",""Notes"":"""",""OSM_ID"":""1214420440"",""OSM_Type"":""node"",""Parent_Venue"":"""",""Restroom_Presence"":""Unknown"",""Restroom_Verification"":""candidate_unverified"",""Source"":""OSM"",""Source_ID"":""node/1214420440"",""Temporary_Record_ID"":""osm_node_1214420440"",""Venue_Category"":""food_major""}"
buttler_loc_6471b6bf7b2b852ecf77,node/1249813594,OSM,node/1249813594,restroom_acquisition,Hitop,9.3119476,123.3075406,Hibbard Avenue,unknown,unknown,Unknown,Unknown,candidate_unverified,"{""Access"":""unknown"",""Acquisition_Date"":""2026-09-01"",""Address"":""Hibbard Avenue"",""Bidet_Presence"":""Unknown"",""Candidate_Priority"":""Medium"",""Candidate_Reason"":""Convenience store; restroom uncertain (shop=convenience)"",""Fee"":""unknown"",""Last_Source_Update"":""2025-04-09T01:26:09Z"",""Latitude"":9.3119476,""Longitude"":123.3075406,""Match_Confidence"":"""",""Match_Reason"":"""",""Name"":""Hitop"",""Notes"":"""",""OSM_ID"":""1249813594"",""OSM_Type"":""node"",""Parent_Venue"":"""",""Restroom_Presence"":""Unknown"",""Restroom_Verification"":""candidate_unverified"",""Source"":""OSM"",""Source_ID"":""node/1249813594"",""Temporary_Record_ID"":""osm_node_1249813594"",""Venue_Category"":""convenience""}"
buttler_loc_2e0131d0c93dc62ca6b9,node/1249813608,OSM,node/1249813608,restroom_acquisition,Jollibee,9.3060863,123.3076578,"Governor Perdices Street, Dumaguete",unknown,unknown,Unknown,Unknown,candidate_unverified,"{""Access"":""unknown"",""Acquisition_Date"":""2026-09-01"",""Address"":""Governor Perdices Street, Dumaguete"",""Bidet_Presence"":""Unknown"",""Candidate_Priority"":""High"",""Candidate_Reason"":""Restaurant or fast-food venue (amenity=fast_food)"",""Fee"":""unknown"",""Last_Source_Update"":""2025-02-19T03:38:41Z"",""Latitude"":9.3060863,""Longitude"":123.3076578,""Match_Confidence"":"""",""Match_Reason"":"""",""Name"":""Jollibee"",""Notes"":"""",""OSM_ID"":""1249813608"",""OSM_Type"":""node"",""Parent_Venue"":"""",""Restroom_Presence"":""Unknown"",""Restroom_Verification"":""candidate_unverified"",""Source"":""OSM"",""Source_ID"":""node/1249813608"",""Temporary_Record_ID"":""osm_node_1249813608"",""Venue_Category"":""food_major""}"
buttler_loc_029d1630d2b991fe8eb4,node/1249813631,OSM,node/1249813631,restroom_acquisition,Worldview Inn,9.3097117,123.3075024,,unknown,unknown,Unknown,Unknown,candidate_unverified,"{""Access"":""unknown"",""Acquisition_Date"":""2026-09-01"",""Address"":"""",""Bidet_Presence"":""Unknown"",""Candidate_Priority"":""High"",""Candidate_Reason"":""Substantial accommodation (tourism=hotel)"",""Fee"":""unknown"",""Last_Source_Update"":""2025-02-15T02:19:47Z"",""Latitude"":9.3097117,""Longitude"":123.3075024,""Match_Confidence"":"""",""Match_Reason"":"""",""Name"":""Worldview Inn"",""Notes"":"""",""OSM_ID"":""1249813631"",""OSM_Type"":""node"",""Parent_Venue"":"""",""Restroom_Presence"":""Unknown"",""Restroom_Verification"":""candidate_unverified"",""Source"":""OSM"",""Source_ID"":""node/1249813631"",""Temporary_Record_ID"":""osm_node_1249813631"",""Venue_Category"":""accommodation""}"
buttler_loc_65833e659d4f2a7a19ed,node/1249813638,OSM,node/1249813638,restroom_acquisition,Jollibee,9.3082094,123.3075325,,unknown,unknown,Unknown,Unknown,candidate_unverified,"{""Access"":""unknown"",""Acquisition_Date"":""2026-09-01"",""Address"":"""",""Bidet_Presence"":""Unknown"",""Candidate_Priority"":""High"",""Candidate_Reason"":""Restaurant or fast-food venue (amenity=fast_food)"",""Fee"":""unknown"",""Last_Source_Update"":""2025-03-18T07:58:02Z"",""Latitude"":9.3082094,""Longitude"":123.3075325,""Match_Confidence"":"""",""Match_Reason"":"""",""Name"":""Jollibee"",""Notes"":"""",""OSM_ID"":""1249813638"",""OSM_Type"":""node"",""Parent_Venue"":"""",""Restroom_Presence"":""Unknown"",""Restroom_Verification"":""candidate_unverified"",""Source"":""OSM"",""Source_ID"":""node/1249813638"",""Temporary_Record_ID"":""osm_node_1249813638"",""Venue_Category"":""food_major""}"
buttler_loc_934e4e2538074d147609,node/1417715738,OSM,node/1417715738,restroom_acquisition,Robinsons Supermarket,9.2987738,123.3034996,Dumaguete,unknown,unknown,Unknown,Unknown,candidate_unverified,"{""Access"":""unknown"",""Acquisition_Date"":""2026-09-01"",""Address"":""Dumaguete"",""Bidet_Presence"":""Unknown"",""Candidate_Priority"":""High"",""Candidate_Reason"":""High-traffic major retail venue (shop=supermarket)"",""Fee"":""unknown"",""Last_Source_Update"":""2025-03-09T12:21:47Z"",""Latitude"":9.2987738,""Longitude"":123.3034996,""Match_Confidence"":"""",""Match_Reason"":"""",""Name"":""Robinsons Supermarket"",""Notes"":"""",""OSM_ID"":""1417715738"",""OSM_Type"":""node"",""Parent_Venue"":""Robinsons Dumaguete"",""Restroom_Presence"":""Unknown"",""Restroom_Verification"":""candidate_unverified"",""Source"":""OSM"",""Source_ID"":""node/1417715738"",""Temporary_Record_ID"":""osm_node_1417715738"",""Venue_Category"":""retail_major""}"
buttler_loc_a28a4a2c716623dfaaaa,node/1505257027,OSM,node/1505257027,restroom_acquisition,Dunkin',9.3078514,123.3077605,Governor M. F. Perdices Street,unknown,unknown,Unknown,Unknown,candidate_unverified,"{""Access"":""unknown"",""Acquisition_Date"":""2026-09-01"",""Address"":""Governor M. F. Perdices Street"",""Bidet_Presence"":""Unknown"",""Candidate_Priority"":""High"",""Candidate_Reason"":""Restaurant or fast-food venue (amenity=fast_food)"",""Fee"":""unknown"",""Last_Source_Update"":""2025-02-26T11:29:58Z"",""Latitude"":9.3078514,""Longitude"":123.3077605,""Match_Confidence"":"""",""Match_Reason"":"""",""Name"":""Dunkin'"",""Notes"":"""",""OSM_ID"":""1505257027"",""OSM_Type"":""node"",""Parent_Venue"":"""",""Restroom_Presence"":""Unknown"",""Restroom_Verification"":""candidate_unverified"",""Source"":""OSM"",""Source_ID"":""node/1505257027"",""Temporary_Record_ID"":""osm_node_1505257027"",""Venue_Category"":""food_major""}"
buttler_loc_7a58b1b5198a01ad2251,node/1505258272,OSM,node/1505258272,restroom_acquisition,Howyang,9.3077967,123.3077659,"Governor M. F. Perdices Street, Dumaguete",unknown,unknown,Unknown,Unknown,candidate_unverified,"{""Access"":""unknown"",""Acquisition_Date"":""2026-09-01"",""Address"":""Governor M. F. Perdices Street, Dumaguete"",""Bidet_Presence"":""Unknown"",""Candidate_Priority"":""High"",""Candidate_Reason"":""Restaurant or fast-food venue (amenity=fast_food)"",""Fee"":""unknown"",""Last_Source_Update"":""2025-04-08T09:05:06Z"",""Latitude"":9.3077967,""Longitude"":123.3077659,""Match_Confidence"":"""",""Match_Reason"":"""",""Name"":""Howyang"",""Notes"":"""",""OSM_ID"":""1505258272"",""OSM_Type"":""node"",""Parent_Venue"":"""",""Restroom_Presence"":""Unknown"",""Restroom_Verification"":""candidate_unverified"",""Source"":""OSM"",""Source_ID"":""node/1505258272"",""Temporary_Record_ID"":""osm_node_1505258272"",""Venue_Category"":""food_major""}"
buttler_loc_d0fd793a59174da76d89,node/1507144747,OSM,node/1507144747,restroom_acquisition,Sans Rival Bistro,9.3079415,123.3095703,Rizal Boulevard,unknown,unknown,Unknown,Unknown,candidate_unverified,"{""Access"":""unknown"",""Acquisition_Date"":""2026-09-01"",""Address"":""Rizal Boulevard"",""Bidet_Presence"":""Unknown"",""Candidate_Priority"":""High"",""Candidate_Reason"":""Restaurant or fast-food venue (amenity=restaurant)"",""Fee"":""unknown"",""Last_Source_Update"":""2025-02-26T06:29:59Z"",""Latitude"":9.3079415,""Longitude"":123.3095703,""Match_Confidence"":"""",""Match_Reason"":"""",""Name"":""Sans Rival Bistro"",""Notes"":"""",""OSM_ID"":""1507144747"",""OSM_Type"":""node"",""Parent_Venue"":"""",""Restroom_Presence"":""Unknown"",""Restroom_Verification"":""candidate_unverified"",""Source"":""OSM"",""Source_ID"":""node/1507144747"",""Temporary_Record_ID"":""osm_node_1507144747"",""Venue_Category"":""food_major""}"
buttler_loc_04ae17aa5bea7478b372,node/1507183634,OSM,node/1507183634,restroom_acquisition,Jo's Chicken Inato,9.3102365,123.3079629,,unknown,unknown,Unknown,Unknown,candidate_unverified,"{""Access"":""unknown"",""Acquisition_Date"":""2026-09-01"",""Address"":"""",""Bidet_Presence"":""Unknown"",""Candidate_Priority"":""High"",""Candidate_Reason"":""Restaurant or fast-food venue (amenity=restaurant)"",""Fee"":""unknown"",""Last_Source_Update"":""2025-02-16T02:41:17Z"",""Latitude"":9.3102365,""Longitude"":123.3079629,""Match_Confidence"":"""",""Match_Reason"":"""",""Name"":""Jo's Chicken Inato"",""Notes"":"""",""OSM_ID"":""1507183634"",""OSM_Type"":""node"",""Parent_Venue"":"""",""Restroom_Presence"":""Unknown"",""Restroom_Verification"":""candidate_unverified"",""Source"":""OSM"",""Source_ID"":""node/1507183634"",""Temporary_Record_ID"":""osm_node_1507183634"",""Venue_Category"":""food_major""}"
buttler_loc_0032fe6b84ae05ac2378,node/1507184193,OSM,node/1507184193,restroom_acquisition,Don Roberto's Bar & Restaurant,9.3101195,123.3076516,,unknown,unknown,Unknown,Unknown,candidate_unverified,"{""Access"":""unknown"",""Acquisition_Date"":""2026-09-01"",""Address"":"""",""Bidet_Presence"":""Unknown"",""Candidate_Priority"":""High"",""Candidate_Reason"":""Restaurant or fast-food venue (amenity=restaurant)"",""Fee"":""unknown"",""Last_Source_Update"":""2025-06-03T13:50:14Z"",""Latitude"":9.3101195,""Longitude"":123.3076516,""Match_Confidence"":"""",""Match_Reason"":"""",""Name"":""Don Roberto's Bar & Restaurant"",""Notes"":"""",""OSM_ID"":""1507184193"",""OSM_Type"":""node"",""Parent_Venue"":"""",""Restroom_Presence"":""Unknown"",""Restroom_Verification"":""candidate_unverified"",""Source"":""OSM"",""Source_ID"":""node/1507184193"",""Temporary_Record_ID"":""osm_node_1507184193"",""Venue_Category"":""food_major""}"
buttler_loc_f8363a3e5ead81b0f962,node/1507409092,OSM,node/1507409092,restroom_acquisition,Unnamed venue,9.3085468,123.3091299,,unknown,unknown,Unknown,Unknown,candidate_unverified,"{""Access"":""unknown"",""Acquisition_Date"":""2026-09-01"",""Address"":"""",""Bidet_Presence"":""Unknown"",""Candidate_Priority"":""High"",""Candidate_Reason"":""Restaurant or fast-food venue (amenity=restaurant)"",""Fee"":""unknown"",""Last_Source_Update"":""2025-03-08T01:48:25Z"",""Latitude"":9.3085468,""Longitude"":123.3091299,""Match_Confidence"":"""",""Match_Reason"":"""",""Name"":""Unnamed venue"",""Notes"":"""",""OSM_ID"":""1507409092"",""OSM_Type"":""node"",""Parent_Venue"":"""",""Restroom_Presence"":""Unknown"",""Restroom_Verification"":""candidate_unverified"",""Source"":""OSM"",""Source_ID"":""node/1507409092"",""Temporary_Record_ID"":""osm_node_1507409092"",""Venue_Category"":""food_major""}"
buttler_loc_b4f4ac7ae48d966c7c2d,node/1507413173,OSM,node/1507413173,restroom_acquisition,Scooby's,9.3081939,123.3078779,,unknown,unknown,Unknown,Unknown,candidate_unverified,"{""Access"":""unknown"",""Acquisition_Date"":""2026-09-01"",""Address"":"""",""Bidet_Presence"":""Unknown"",""Candidate_Priority"":""High"",""Candidate_Reason"":""Restaurant or fast-food venue (amenity=fast_food)"",""Fee"":""unknown"",""Last_Source_Update"":""2025-02-26T11:29:32Z"",""Latitude"":9.3081939,""Longitude"":123.3078779,""Match_Confidence"":"""",""Match_Reason"":"""",""Name"":""Scooby's"",""Notes"":"""",""OSM_ID"":""1507413173"",""OSM_Type"":""node"",""Parent_Venue"":"""",""Restroom_Presence"":""Unknown"",""Restroom_Verification"":""candidate_unverified"",""Source"":""OSM"",""Source_ID"":""node/1507413173"",""Temporary_Record_ID"":""osm_node_1507413173"",""Venue_Category"":""food_major""}"
buttler_loc_902f50a5a66a8091b024,node/1507434522,OSM,node/1507434522,restroom_acquisition,Aldea Lodging House,9.3093924,123.3077459,Governor M. F. Perdices Street,unknown,unknown,Unknown,Unknown,candidate_unverified,"{""Access"":""unknown"",""Acquisition_Date"":""2026-09-01"",""Address"":""Governor M. F. Perdices Street"",""Bidet_Presence"":""Unknown"",""Candidate_Priority"":""High"",""Candidate_Reason"":""Substantial accommodation (tourism=hotel)"",""Fee"":""unknown"",""Last_Source_Update"":""2025-02-24T01:04:48Z"",""Latitude"":9.3093924,""Longitude"":123.3077459,""Match_Confidence"":"""",""Match_Reason"":"""",""Name"":""Aldea Lodging House"",""Notes"":"""",""OSM_ID"":""1507434522"",""OSM_Type"":""node"",""Parent_Venue"":"""",""Restroom_Presence"":""Unknown"",""Restroom_Verification"":""candidate_unverified"",""Source"":""OSM"",""Source_ID"":""node/1507434522"",""Temporary_Record_ID"":""osm_node_1507434522"",""Venue_Category"":""accommodation""}"
buttler_loc_05745cf0a58d2eca02e1,node/1508400121,OSM,node/1508400121,restroom_acquisition,C & L Suites Inn,9.3043989,123.3078606,,unknown,unknown,Unknown,Unknown,candidate_unverified,"{""Access"":""unknown"",""Acquisition_Date"":""2026-09-01"",""Address"":"""",""Bidet_Presence"":""Unknown"",""Candidate_Priority"":""High"",""Candidate_Reason"":""Substantial accommodation (tourism=hotel)"",""Fee"":""unknown"",""Last_Source_Update"":""2025-02-26T11:31:21Z"",""Latitude"":9.3043989,""Longitude"":123.3078606,""Match_Confidence"":"""",""Match_Reason"":"""",""Name"":""C & L Suites Inn"",""Notes"":"""",""OSM_ID"":""1508400121"",""OSM_Type"":""node"",""Parent_Venue"":"""",""Restroom_Presence"":""Unknown"",""Restroom_Verification"":""candidate_unverified"",""Source"":""OSM"",""Source_ID"":""node/1508400121"",""Temporary_Record_ID"":""osm_node_1508400121"",""Venue_Category"":""accommodation""}"
buttler_loc_c956ea66d9078711c427,node/1511553500,OSM,node/1511553500,restroom_acquisition,Scooby's,9.3104197,123.30713,"Silliman Avenue, Dumaguete",unknown,unknown,Unknown,Unknown,candidate_unverified,"{""Access"":""unknown"",""Acquisition_Date"":""2026-09-01"",""Address"":""Silliman Avenue, Dumaguete"",""Bidet_Presence"":""Unknown"",""Candidate_Priority"":""High"",""Candidate_Reason"":""Restaurant or fast-food venue (amenity=fast_food)"",""Fee"":""unknown"",""Last_Source_Update"":""2025-04-09T01:17:58Z"",""Latitude"":9.3104197,""Longitude"":123.30713,""Match_Confidence"":"""",""Match_Reason"":"""",""Name"":""Scooby's"",""Notes"":"""",""OSM_ID"":""1511553500"",""OSM_Type"":""node"",""Parent_Venue"":""Silliman Portal West"",""Restroom_Presence"":""Unknown"",""Restroom_Verification"":""candidate_unverified"",""Source"":""OSM"",""Source_ID"":""node/1511553500"",""Temporary_Record_ID"":""osm_node_1511553500"",""Venue_Category"":""food_major""}"
buttler_loc_14a60e87d16ca8ee5e5b,node/1511566315,OSM,node/1511566315,restroom_acquisition,Golden Roys Chicken House,9.3040649,123.3082158,,unknown,unknown,Unknown,Unknown,candidate_unverified,"{""Access"":""unknown"",""Acquisition_Date"":""2026-09-01"",""Address"":"""",""Bidet_Presence"":""Unknown"",""Candidate_Priority"":""High"",""Candidate_Reason"":""Restaurant or fast-food venue (amenity=restaurant)"",""Fee"":""unknown"",""Last_Source_Update"":""2014-05-30T06:23:06Z"",""Latitude"":9.3040649,""Longitude"":123.3082158,""Match_Confidence"":"""",""Match_Reason"":"""",""Name"":""Golden Roys Chicken House"",""Notes"":"""",""OSM_ID"":""1511566315"",""OSM_Type"":""node"",""Parent_Venue"":"""",""Restroom_Presence"":""Unknown"",""Restroom_Verification"":""candidate_unverified"",""Source"":""OSM"",""Source_ID"":""node/1511566315"",""Temporary_Record_ID"":""osm_node_1511566315"",""Venue_Category"":""food_major""}"
buttler_loc_f7ae9ccfd36b67511900,node/1511579240,OSM,node/1511579240,restroom_acquisition,Vintage Inn,9.3065874,123.3059259,Bishop Epifanio B. Surban Street,unknown,unknown,Unknown,Unknown,candidate_unverified,"{""Access"":""unknown"",""Acquisition_Date"":""2026-09-01"",""Address"":""Bishop Epifanio B. Surban Street"",""Bidet_Presence"":""Unknown"",""Candidate_Priority"":""High"",""Candidate_Reason"":""Substantial accommodation (tourism=hotel)"",""Fee"":""unknown"",""Last_Source_Update"":""2025-02-13T06:44:43Z"",""Latitude"":9.3065874,""Longitude"":123.3059259,""Match_Confidence"":"""",""Match_Reason"":"""",""Name"":""Vintage Inn"",""Notes"":"""",""OSM_ID"":""1511579240"",""OSM_Type"":""node"",""Parent_Venue"":"""",""Restroom_Presence"":""Unknown"",""Restroom_Verification"":""candidate_unverified"",""Source"":""OSM"",""Source_ID"":""node/1511579240"",""Temporary_Record_ID"":""osm_node_1511579240"",""Venue_Category"":""accommodation""}"
buttler_loc_e657b4ffaed50dc20ed6,node/1511599364,OSM,node/1511599364,restroom_acquisition,Alberto's Pizza,9.3086546,123.3048899,,unknown,unknown,Unknown,Unknown,candidate_unverified,"{""Access"":""unknown"",""Acquisition_Date"":""2026-09-01"",""Address"":"""",""Bidet_Presence"":""Unknown"",""Candidate_Priority"":""High"",""Candidate_Reason"":""Restaurant or fast-food venue (amenity=fast_food)"",""Fee"":""unknown"",""Last_Source_Update"":""2025-03-17T09:14:17Z"",""Latitude"":9.3086546,""Longitude"":123.3048899,""Match_Confidence"":"""",""Match_Reason"":"""",""Name"":""Alberto's Pizza"",""Notes"":"""",""OSM_ID"":""1511599364"",""OSM_Type"":""node"",""Parent_Venue"":"""",""Restroom_Presence"":""Unknown"",""Restroom_Verification"":""candidate_unverified"",""Source"":""OSM"",""Source_ID"":""node/1511599364"",""Temporary_Record_ID"":""osm_node_1511599364"",""Venue_Category"":""food_major""}"
buttler_loc_abf54f56b53359f2cbf0,node/1511601431,OSM,node/1511601431,restroom_acquisition,Scoobys,9.3094819,123.3054321,Mayor Ramon T. Pastor Sr. Street,unknown,unknown,Unknown,Unknown,candidate_unverified,"{""Access"":""unknown"",""Acquisition_Date"":""2026-09-01"",""Address"":""Mayor Ramon T. Pastor Sr. Street"",""Bidet_Presence"":""Unknown"",""Candidate_Priority"":""High"",""Candidate_Reason"":""Restaurant or fast-food venue (amenity=fast_food)"",""Fee"":""unknown"",""Last_Source_Update"":""2025-04-06T03:24:48Z"",""Latitude"":9.3094819,""Longitude"":123.3054321,""Match_Confidence"":"""",""Match_Reason"":"""",""Name"":""Scoobys"",""Notes"":"""",""OSM_ID"":""1511601431"",""OSM_Type"":""node"",""Parent_Venue"":"""",""Restroom_Presence"":""Unknown"",""Restroom_Verification"":""candidate_unverified"",""Source"":""OSM"",""Source_ID"":""node/1511601431"",""Temporary_Record_ID"":""osm_node_1511601431"",""Venue_Category"":""food_major""}"
buttler_loc_606664e87c76765aa379,node/1511601432,OSM,node/1511601432,restroom_acquisition,Hotel Camila,9.3097122,123.305388,Mayor Ramon T. Pastor Sr. Street,unknown,unknown,Unknown,Unknown,candidate_unverified,"{""Access"":""unknown"",""Acquisition_Date"":""2026-09-01"",""Address"":""Mayor Ramon T. Pastor Sr. Street"",""Bidet_Presence"":""Unknown"",""Candidate_Priority"":""High"",""Candidate_Reason"":""Substantial accommodation (tourism=hotel)"",""Fee"":""unknown"",""Last_Source_Update"":""2025-04-06T03:24:48Z"",""Latitude"":9.3097122,""Longitude"":123.305388,""Match_Confidence"":"""",""Match_Reason"":"""",""Name"":""Hotel Camila"",""Notes"":"""",""OSM_ID"":""1511601432"",""OSM_Type"":""node"",""Parent_Venue"":"""",""Restroom_Presence"":""Unknown"",""Restroom_Verification"":""candidate_unverified"",""Source"":""OSM"",""Source_ID"":""node/1511601432"",""Temporary_Record_ID"":""osm_node_1511601432"",""Venue_Category"":""accommodation""}"
buttler_loc_9c37029ef79a58b2cb79,node/1511727396,OSM,node/1511727396,restroom_acquisition,Cang's Supermarket,9.3157326,123.3022001,,unknown,unknown,Unknown,Unknown,candidate_unverified,"{""Access"":""unknown"",""Acquisition_Date"":""2026-09-01"",""Address"":"""",""Bidet_Presence"":""Unknown"",""Candidate_Priority"":""High"",""Candidate_Reason"":""High-traffic major retail venue (shop=supermarket)"",""Fee"":""unknown"",""Last_Source_Update"":""2025-02-15T03:58:11Z"",""Latitude"":9.3157326,""Longitude"":123.3022001,""Match_Confidence"":"""",""Match_Reason"":"""",""Name"":""Cang's Supermarket"",""Notes"":"""",""OSM_ID"":""1511727396"",""OSM_Type"":""node"",""Parent_Venue"":""Cang's Inc. Shopping Complex"",""Restroom_Presence"":""Unknown"",""Restroom_Verification"":""candidate_unverified"",""Source"":""OSM"",""Source_ID"":""node/1511727396"",""Temporary_Record_ID"":""osm_node_1511727396"",""Venue_Category"":""retail_major""}"
buttler_loc_cbeb99c89d24dd17d396,node/1519337020,OSM,node/1519337020,restroom_acquisition,SunDown RestoBar,9.2995818,123.3032063,,unknown,unknown,Unknown,Unknown,candidate_unverified,"{""Access"":""unknown"",""Acquisition_Date"":""2026-09-01"",""Address"":"""",""Bidet_Presence"":""Unknown"",""Candidate_Priority"":""Medium"",""Candidate_Reason"":""Food/drink venue; restroom uncertain (amenity=bar)"",""Fee"":""unknown"",""Last_Source_Update"":""2018-06-30T11:08:02Z"",""Latitude"":9.2995818,""Longitude"":123.3032063,""Match_Confidence"":"""",""Match_Reason"":"""",""Name"":""SunDown RestoBar"",""Notes"":"""",""OSM_ID"":""1519337020"",""OSM_Type"":""node"",""Parent_Venue"":"""",""Restroom_Presence"":""Unknown"",""Restroom_Verification"":""candidate_unverified"",""Source"":""OSM"",""Source_ID"":""node/1519337020"",""Temporary_Record_ID"":""osm_node_1519337020"",""Venue_Category"":""food_drink""}"
buttler_loc_44bb06f5a21b983a4d61,node/1519385094,OSM,node/1519385094,restroom_acquisition,Flamin Grill,9.3179175,123.3071171,,unknown,unknown,Unknown,Unknown,candidate_unverified,"{""Access"":""unknown"",""Acquisition_Date"":""2026-09-01"",""Address"":"""",""Bidet_Presence"":""Unknown"",""Candidate_Priority"":""High"",""Candidate_Reason"":""Restaurant or fast-food venue (amenity=restaurant)"",""Fee"":""unknown"",""Last_Source_Update"":""2025-02-15T01:19:32Z"",""Latitude"":9.3179175,""Longitude"":123.3071171,""Match_Confidence"":"""",""Match_Reason"":"""",""Name"":""Flamin Grill"",""Notes"":"""",""OSM_ID"":""1519385094"",""OSM_Type"":""node"",""Parent_Venue"":"""",""Restroom_Presence"":""Unknown"",""Restroom_Verification"":""candidate_unverified"",""Source"":""OSM"",""Source_ID"":""node/1519385094"",""Temporary_Record_ID"":""osm_node_1519385094"",""Venue_Category"":""food_major""}"
buttler_loc_4ed022aa409108778330,node/1519435438,OSM,node/1519435438,restroom_acquisition,Alberto's Pizza,9.3202835,123.3003821,,unknown,unknown,Unknown,Unknown,candidate_unverified,"{""Access"":""unknown"",""Acquisition_Date"":""2026-09-01"",""Address"":"""",""Bidet_Presence"":""Unknown"",""Candidate_Priority"":""High"",""Candidate_Reason"":""Restaurant or fast-food venue (amenity=fast_food)"",""Fee"":""unknown"",""Last_Source_Update"":""2025-03-14T03:27:28Z"",""Latitude"":9.3202835,""Longitude"":123.3003821,""Match_Confidence"":"""",""Match_Reason"":"""",""Name"":""Alberto's Pizza"",""Notes"":"""",""OSM_ID"":""1519435438"",""OSM_Type"":""node"",""Parent_Venue"":"""",""Restroom_Presence"":""Unknown"",""Restroom_Verification"":""candidate_unverified"",""Source"":""OSM"",""Source_ID"":""node/1519435438"",""Temporary_Record_ID"":""osm_node_1519435438"",""Venue_Category"":""food_major""}"
buttler_loc_ae27113c23380dfc7e16,node/1519437605,OSM,node/1519437605,restroom_acquisition,Biaño's Pizza,9.3203758,123.3002764,,unknown,unknown,Unknown,Unknown,candidate_unverified,"{""Access"":""unknown"",""Acquisition_Date"":""2026-09-01"",""Address"":"""",""Bidet_Presence"":""Unknown"",""Candidate_Priority"":""High"",""Candidate_Reason"":""Restaurant or fast-food venue (amenity=restaurant)"",""Fee"":""unknown"",""Last_Source_Update"":""2025-03-21T15:35:29Z"",""Latitude"":9.3203758,""Longitude"":123.3002764,""Match_Confidence"":"""",""Match_Reason"":"""",""Name"":""Biaño's Pizza"",""Notes"":"""",""OSM_ID"":""1519437605"",""OSM_Type"":""node"",""Parent_Venue"":"""",""Restroom_Presence"":""Unknown"",""Restroom_Verification"":""candidate_unverified"",""Source"":""OSM"",""Source_ID"":""node/1519437605"",""Temporary_Record_ID"":""osm_node_1519437605"",""Venue_Category"":""food_major""}"
buttler_loc_e847bd7fdb681384ea8c,node/1519474187,OSM,node/1519474187,restroom_acquisition,St. Francis Pension House,9.3170547,123.3034762,,unknown,unknown,Unknown,Unknown,candidate_unverified,"{""Access"":""unknown"",""Acquisition_Date"":""2026-09-01"",""Address"":"""",""Bidet_Presence"":""Unknown"",""Candidate_Priority"":""High"",""Candidate_Reason"":""Substantial accommodation (tourism=hotel)"",""Fee"":""unknown"",""Last_Source_Update"":""2025-03-24T10:50:17Z"",""Latitude"":9.3170547,""Longitude"":123.3034762,""Match_Confidence"":"""",""Match_Reason"":"""",""Name"":""St. Francis Pension House"",""Notes"":"""",""OSM_ID"":""1519474187"",""OSM_Type"":""node"",""Parent_Venue"":"""",""Restroom_Presence"":""Unknown"",""Restroom_Verification"":""candidate_unverified"",""Source"":""OSM"",""Source_ID"":""node/1519474187"",""Temporary_Record_ID"":""osm_node_1519474187"",""Venue_Category"":""accommodation""}"
buttler_loc_cf39d195184ef12dfb58,node/1853952104,OSM,node/1853952104,restroom_acquisition,Hukad,9.2987043,123.3031713,Dumaguete,unknown,unknown,Unknown,Unknown,candidate_unverified,"{""Access"":""unknown"",""Acquisition_Date"":""2026-09-01"",""Address"":""Dumaguete"",""Bidet_Presence"":""Unknown"",""Candidate_Priority"":""High"",""Candidate_Reason"":""Restaurant or fast-food venue (amenity=restaurant)"",""Fee"":""unknown"",""Last_Source_Update"":""2025-03-09T12:21:32Z"",""Latitude"":9.2987043,""Longitude"":123.3031713,""Match_Confidence"":"""",""Match_Reason"":"""",""Name"":""Hukad"",""Notes"":"""",""OSM_ID"":""1853952104"",""OSM_Type"":""node"",""Parent_Venue"":""Robinsons Dumaguete"",""Restroom_Presence"":""Unknown"",""Restroom_Verification"":""candidate_unverified"",""Source"":""OSM"",""Source_ID"":""node/1853952104"",""Temporary_Record_ID"":""osm_node_1853952104"",""Venue_Category"":""food_major""}"
buttler_loc_329b52e23597e7b22199,node/1853957334,OSM,node/1853957334,restroom_acquisition,Shakey's,9.2988287,123.3031646,,unknown,unknown,Unknown,Unknown,candidate_unverified,"{""Access"":""unknown"",""Acquisition_Date"":""2026-09-01"",""Address"":"""",""Bidet_Presence"":""Unknown"",""Candidate_Priority"":""High"",""Candidate_Reason"":""Restaurant or fast-food venue (amenity=restaurant)"",""Fee"":""unknown"",""Last_Source_Update"":""2025-03-09T12:20:51Z"",""Latitude"":9.2988287,""Longitude"":123.3031646,""Match_Confidence"":"""",""Match_Reason"":"""",""Name"":""Shakey's"",""Notes"":"""",""OSM_ID"":""1853957334"",""OSM_Type"":""node"",""Parent_Venue"":"""",""Restroom_Presence"":""Unknown"",""Restroom_Verification"":""candidate_unverified"",""Source"":""OSM"",""Source_ID"":""node/1853957334"",""Temporary_Record_ID"":""osm_node_1853957334"",""Venue_Category"":""food_major""}"
buttler_loc_2838e9b9801917fdd401,node/1853958143,OSM,node/1853958143,restroom_acquisition,Mang Inasal,9.2985615,123.3031205,,unknown,unknown,Unknown,Unknown,candidate_unverified,"{""Access"":""unknown"",""Acquisition_Date"":""2026-09-01"",""Address"":"""",""Bidet_Presence"":""Unknown"",""Candidate_Priority"":""High"",""Candidate_Reason"":""Restaurant or fast-food venue (amenity=fast_food)"",""Fee"":""unknown"",""Last_Source_Update"":""2025-03-09T12:21:04Z"",""Latitude"":9.2985615,""Longitude"":123.3031205,""Match_Confidence"":"""",""Match_Reason"":"""",""Name"":""Mang Inasal"",""Notes"":"""",""OSM_ID"":""1853958143"",""OSM_Type"":""node"",""Parent_Venue"":"""",""Restroom_Presence"":""Unknown"",""Restroom_Verification"":""candidate_unverified"",""Source"":""OSM"",""Source_ID"":""node/1853958143"",""Temporary_Record_ID"":""osm_node_1853958143"",""Venue_Category"":""food_major""}"
buttler_loc_9006778c926ae75ccd35,node/1853960122,OSM,node/1853960122,restroom_acquisition,Dunkin',9.298835,123.3032998,,unknown,unknown,Unknown,Unknown,candidate_unverified,"{""Access"":""unknown"",""Acquisition_Date"":""2026-09-01"",""Address"":"""",""Bidet_Presence"":""Unknown"",""Candidate_Priority"":""High"",""Candidate_Reason"":""Restaurant or fast-food venue (amenity=fast_food)"",""Fee"":""unknown"",""Last_Source_Update"":""2025-05-16T09:33:46Z"",""Latitude"":9.298835,""Longitude"":123.3032998,""Match_Confidence"":"""",""Match_Reason"":"""",""Name"":""Dunkin'"",""Notes"":"""",""OSM_ID"":""1853960122"",""OSM_Type"":""node"",""Parent_Venue"":"""",""Restroom_Presence"":""Unknown"",""Restroom_Verification"":""candidate_unverified"",""Source"":""OSM"",""Source_ID"":""node/1853960122"",""Temporary_Record_ID"":""osm_node_1853960122"",""Venue_Category"":""food_major""}"
buttler_loc_27c578a1316be0d03b08,node/1853960657,OSM,node/1853960657,restroom_acquisition,KFC,9.2979569,123.3036441,Dumaguete,unknown,unknown,Unknown,Unknown,candidate_unverified,"{""Access"":""unknown"",""Acquisition_Date"":""2026-09-01"",""Address"":""Dumaguete"",""Bidet_Presence"":""Unknown"",""Candidate_Priority"":""High"",""Candidate_Reason"":""Restaurant or fast-food venue (amenity=fast_food)"",""Fee"":""unknown"",""Last_Source_Update"":""2025-05-16T09:35:40Z"",""Latitude"":9.2979569,""Longitude"":123.3036441,""Match_Confidence"":"""",""Match_Reason"":"""",""Name"":""KFC"",""Notes"":"""",""OSM_ID"":""1853960657"",""OSM_Type"":""node"",""Parent_Venue"":""Robinsons Dumaguete"",""Restroom_Presence"":""Unknown"",""Restroom_Verification"":""candidate_unverified"",""Source"":""OSM"",""Source_ID"":""node/1853960657"",""Temporary_Record_ID"":""osm_node_1853960657"",""Venue_Category"":""food_major""}"
buttler_loc_5767f35ebf7948b777d6,node/1853961584,OSM,node/1853961584,restroom_acquisition,Jollibee,9.2981005,123.3032726,Dumaguete,unknown,unknown,Unknown,Unknown,candidate_unverified,"{""Access"":""unknown"",""Acquisition_Date"":""2026-09-01"",""Address"":""Dumaguete"",""Bidet_Presence"":""Unknown"",""Candidate_Priority"":""High"",""Candidate_Reason"":""Restaurant or fast-food venue (amenity=fast_food)"",""Fee"":""unknown"",""Last_Source_Update"":""2025-03-09T12:21:17Z"",""Latitude"":9.2981005,""Longitude"":123.3032726,""Match_Confidence"":"""",""Match_Reason"":"""",""Name"":""Jollibee"",""Notes"":"""",""OSM_ID"":""1853961584"",""OSM_Type"":""node"",""Parent_Venue"":""Robinsons Dumaguete"",""Restroom_Presence"":""Unknown"",""Restroom_Verification"":""candidate_unverified"",""Source"":""OSM"",""Source_ID"":""node/1853961584"",""Temporary_Record_ID"":""osm_node_1853961584"",""Venue_Category"":""food_major""}"
buttler_loc_cd091d56c53f5b9e1fc0,node/1853962133,OSM,node/1853962133,restroom_acquisition,Chowking,9.2979169,123.3037511,Dumaguete,unknown,unknown,Unknown,Unknown,candidate_unverified,"{""Access"":""unknown"",""Acquisition_Date"":""2026-09-01"",""Address"":""Dumaguete"",""Bidet_Presence"":""Unknown"",""Candidate_Priority"":""High"",""Candidate_Reason"":""Restaurant or fast-food venue (amenity=fast_food)"",""Fee"":""unknown"",""Last_Source_Update"":""2025-03-09T12:22:34Z"",""Latitude"":9.2979169,""Longitude"":123.3037511,""Match_Confidence"":"""",""Match_Reason"":"""",""Name"":""Chowking"",""Notes"":"""",""OSM_ID"":""1853962133"",""OSM_Type"":""node"",""Parent_Venue"":""Robinsons Dumaguete"",""Restroom_Presence"":""Unknown"",""Restroom_Verification"":""candidate_unverified"",""Source"":""OSM"",""Source_ID"":""node/1853962133"",""Temporary_Record_ID"":""osm_node_1853962133"",""Venue_Category"":""food_major""}"
buttler_loc_35c41771ca526effbe96,node/1853963477,OSM,node/1853963477,restroom_acquisition,Greenwich,9.2981857,123.3030984,Dumaguete,unknown,unknown,Unknown,Unknown,candidate_unverified,"{""Access"":""unknown"",""Acquisition_Date"":""2026-09-01"",""Address"":""Dumaguete"",""Bidet_Presence"":""Unknown"",""Candidate_Priority"":""High"",""Candidate_Reason"":""Restaurant or fast-food venue (amenity=fast_food)"",""Fee"":""unknown"",""Last_Source_Update"":""2025-03-09T12:21:08Z"",""Latitude"":9.2981857,""Longitude"":123.3030984,""Match_Confidence"":"""",""Match_Reason"":"""",""Name"":""Greenwich"",""Notes"":"""",""OSM_ID"":""1853963477"",""OSM_Type"":""node"",""Parent_Venue"":""Robinsons Dumaguete"",""Restroom_Presence"":""Unknown"",""Restroom_Verification"":""candidate_unverified"",""Source"":""OSM"",""Source_ID"":""node/1853963477"",""Temporary_Record_ID"":""osm_node_1853963477"",""Venue_Category"":""food_major""}"
buttler_loc_134d02c8a17b2e3309d1,node/1853965643,OSM,node/1853965643,restroom_acquisition,Unnamed public toilet,9.2978278,123.3042586,,unknown,no,Yes,Unknown,osm_explicit,"{""Access"":""unknown"",""Acquisition_Date"":""2026-09-01"",""Address"":"""",""Bidet_Presence"":""Unknown"",""Candidate_Priority"":"""",""Candidate_Reason"":""amenity=toilets"",""Fee"":""no"",""Last_Source_Update"":""2026-03-24T13:08:17Z"",""Latitude"":9.2978278,""Longitude"":123.3042586,""Match_Confidence"":"""",""Match_Reason"":"""",""Name"":""Unnamed public toilet"",""Notes"":"""",""OSM_ID"":""1853965643"",""OSM_Type"":""node"",""Parent_Venue"":"""",""Restroom_Presence"":""Yes"",""Restroom_Verification"":""osm_explicit"",""Source"":""OSM"",""Source_ID"":""node/1853965643"",""Temporary_Record_ID"":""osm_node_1853965643"",""Venue_Category"":""standalone_toilet""}"
buttler_loc_8f17b9b6b4ca4367dc3e,node/1853965881,OSM,node/1853965881,restroom_acquisition,Unnamed public toilet,9.2989144,123.3034124,,unknown,no,Yes,Unknown,osm_explicit,"{""Access"":""unknown"",""Acquisition_Date"":""2026-09-01"",""Address"":"""",""Bidet_Presence"":""Unknown"",""Candidate_Priority"":"""",""Candidate_Reason"":""amenity=toilets"",""Fee"":""no"",""Last_Source_Update"":""2026-03-11T16:01:01Z"",""Latitude"":9.2989144,""Longitude"":123.3034124,""Match_Confidence"":"""",""Match_Reason"":"""",""Name"":""Unnamed public toilet"",""Notes"":"""",""OSM_ID"":""1853965881"",""OSM_Type"":""node"",""Parent_Venue"":"""",""Restroom_Presence"":""Yes"",""Restroom_Verification"":""osm_explicit"",""Source"":""OSM"",""Source_ID"":""node/1853965881"",""Temporary_Record_ID"":""osm_node_1853965881"",""Venue_Category"":""standalone_toilet""}"
buttler_loc_14e0aee13d23fe170442,node/1855171927,OSM,node/1855171927,restroom_acquisition,Lee Plaza Supermarket,9.3079834,123.3070575,,unknown,unknown,Unknown,Unknown,candidate_unverified,"{""Access"":""unknown"",""Acquisition_Date"":""2026-09-01"",""Address"":"""",""Bidet_Presence"":""Unknown"",""Candidate_Priority"":""High"",""Candidate_Reason"":""High-traffic major retail venue (shop=supermarket)"",""Fee"":""unknown"",""Last_Source_Update"":""2023-11-27T04:58:53Z"",""Latitude"":9.3079834,""Longitude"":123.3070575,""Match_Confidence"":"""",""Match_Reason"":"""",""Name"":""Lee Plaza Supermarket"",""Notes"":"""",""OSM_ID"":""1855171927"",""OSM_Type"":""node"",""Parent_Venue"":"""",""Restroom_Presence"":""Unknown"",""Restroom_Verification"":""candidate_unverified"",""Source"":""OSM"",""Source_ID"":""node/1855171927"",""Temporary_Record_ID"":""osm_node_1855171927"",""Venue_Category"":""retail_major""}"
buttler_loc_b18ac28591168e243d9c,node/1855286160,OSM,node/1855286160,restroom_acquisition,Gabby's Bistro,9.3270167,123.3042145,L. Rovira East Road,unknown,unknown,Unknown,Unknown,candidate_unverified,"{""Access"":""unknown"",""Acquisition_Date"":""2026-09-01"",""Address"":""L. Rovira East Road"",""Bidet_Presence"":""Unknown"",""Candidate_Priority"":""High"",""Candidate_Reason"":""Restaurant or fast-food venue (amenity=restaurant)"",""Fee"":""unknown"",""Last_Source_Update"":""2025-04-09T04:02:42Z"",""Latitude"":9.3270167,""Longitude"":123.3042145,""Match_Confidence"":"""",""Match_Reason"":"""",""Name"":""Gabby's Bistro"",""Notes"":"""",""OSM_ID"":""1855286160"",""OSM_Type"":""node"",""Parent_Venue"":"""",""Restroom_Presence"":""Unknown"",""Restroom_Verification"":""candidate_unverified"",""Source"":""OSM"",""Source_ID"":""node/1855286160"",""Temporary_Record_ID"":""osm_node_1855286160"",""Venue_Category"":""food_major""}"
buttler_loc_d2cbabd65cc2a33c6f96,node/2481342394,OSM,node/2481342394,restroom_acquisition,U Pension,9.3103002,123.3078519,Silliman Avenue,unknown,unknown,Unknown,Unknown,candidate_unverified,"{""Access"":""unknown"",""Acquisition_Date"":""2026-09-01"",""Address"":""Silliman Avenue"",""Bidet_Presence"":""Unknown"",""Candidate_Priority"":""High"",""Candidate_Reason"":""Substantial accommodation (tourism=guest_house)"",""Fee"":""unknown"",""Last_Source_Update"":""2025-02-22T03:28:13Z"",""Latitude"":9.3103002,""Longitude"":123.3078519,""Match_Confidence"":"""",""Match_Reason"":"""",""Name"":""U Pension"",""Notes"":"""",""OSM_ID"":""2481342394"",""OSM_Type"":""node"",""Parent_Venue"":"""",""Restroom_Presence"":""Unknown"",""Restroom_Verification"":""candidate_unverified"",""Source"":""OSM"",""Source_ID"":""node/2481342394"",""Temporary_Record_ID"":""osm_node_2481342394"",""Venue_Category"":""accommodation""}"
buttler_loc_483df0f71cfadba68819,node/2654899831,OSM,node/2654899831,restroom_acquisition,Qyosko,9.303695,123.3081416,"Santa Rosa Street, Dumaguete",unknown,unknown,Unknown,Unknown,candidate_unverified,"{""Access"":""unknown"",""Acquisition_Date"":""2026-09-01"",""Address"":""Santa Rosa Street, Dumaguete"",""Bidet_Presence"":""Unknown"",""Candidate_Priority"":""Medium"",""Candidate_Reason"":""Food/drink venue; restroom uncertain (amenity=cafe)"",""Fee"":""unknown"",""Last_Source_Update"":""2025-04-08T08:06:34Z"",""Latitude"":9.303695,""Longitude"":123.3081416,""Match_Confidence"":"""",""Match_Reason"":"""",""Name"":""Qyosko"",""Notes"":"""",""OSM_ID"":""2654899831"",""OSM_Type"":""node"",""Parent_Venue"":"""",""Restroom_Presence"":""Unknown"",""Restroom_Verification"":""candidate_unverified"",""Source"":""OSM"",""Source_ID"":""node/2654899831"",""Temporary_Record_ID"":""osm_node_2654899831"",""Venue_Category"":""food_drink""}"
buttler_loc_c613652b9a2c15a3681c,node/2760458250,OSM,node/2760458250,restroom_acquisition,Obdulia's Business Inn,9.3044164,123.3075904,Senator Lorenzo G. Teves Street,unknown,unknown,Unknown,Unknown,candidate_unverified,"{""Access"":""unknown"",""Acquisition_Date"":""2026-09-01"",""Address"":""Senator Lorenzo G. Teves Street"",""Bidet_Presence"":""Unknown"",""Candidate_Priority"":""High"",""Candidate_Reason"":""Substantial accommodation (tourism=hotel)"",""Fee"":""unknown"",""Last_Source_Update"":""2025-04-08T08:55:47Z"",""Latitude"":9.3044164,""Longitude"":123.3075904,""Match_Confidence"":"""",""Match_Reason"":"""",""Name"":""Obdulia's Business Inn"",""Notes"":"""",""OSM_ID"":""2760458250"",""OSM_Type"":""node"",""Parent_Venue"":"""",""Restroom_Presence"":""Unknown"",""Restroom_Verification"":""candidate_unverified"",""Source"":""OSM"",""Source_ID"":""node/2760458250"",""Temporary_Record_ID"":""osm_node_2760458250"",""Venue_Category"":""accommodation""}"
buttler_loc_e885d115ada64f972813,node/2888333388,OSM,node/2888333388,restroom_acquisition,Manhattan Suites Inn,9.2993461,123.303817,"Governor Perdices Street, Dumaguete",unknown,unknown,Unknown,Unknown,candidate_unverified,"{""Access"":""unknown"",""Acquisition_Date"":""2026-09-01"",""Address"":""Governor Perdices Street, Dumaguete"",""Bidet_Presence"":""Unknown"",""Candidate_Priority"":""High"",""Candidate_Reason"":""Substantial accommodation (tourism=hotel)"",""Fee"":""unknown"",""Last_Source_Update"":""2026-01-01T00:17:02Z"",""Latitude"":9.2993461,""Longitude"":123.303817,""Match_Confidence"":"""",""Match_Reason"":"""",""Name"":""Manhattan Suites Inn"",""Notes"":"""",""OSM_ID"":""2888333388"",""OSM_Type"":""node"",""Parent_Venue"":""Yala Building"",""Restroom_Presence"":""Unknown"",""Restroom_Verification"":""candidate_unverified"",""Source"":""OSM"",""Source_ID"":""node/2888333388"",""Temporary_Record_ID"":""osm_node_2888333388"",""Venue_Category"":""accommodation""}"
buttler_loc_fa36ead16822f8c81b16,node/2888372465,OSM,node/2888372465,restroom_acquisition,Foodah Express,9.3215939,123.2995932,,unknown,unknown,Unknown,Unknown,candidate_unverified,"{""Access"":""unknown"",""Acquisition_Date"":""2026-09-01"",""Address"":"""",""Bidet_Presence"":""Unknown"",""Candidate_Priority"":""High"",""Candidate_Reason"":""Restaurant or fast-food venue (amenity=fast_food)"",""Fee"":""unknown"",""Last_Source_Update"":""2025-04-12T11:24:04Z"",""Latitude"":9.3215939,""Longitude"":123.2995932,""Match_Confidence"":"""",""Match_Reason"":"""",""Name"":""Foodah Express"",""Notes"":"""",""OSM_ID"":""2888372465"",""OSM_Type"":""node"",""Parent_Venue"":"""",""Restroom_Presence"":""Unknown"",""Restroom_Verification"":""candidate_unverified"",""Source"":""OSM"",""Source_ID"":""node/2888372465"",""Temporary_Record_ID"":""osm_node_2888372465"",""Venue_Category"":""food_major""}"
buttler_loc_4432536b5109e5ddd857,node/2888487028,OSM,node/2888487028,restroom_acquisition,Mang Inasal,9.3067501,123.3055034,Mayor Ramon T. Pastor Sr. Street,unknown,unknown,Unknown,Unknown,candidate_unverified,"{""Access"":""unknown"",""Acquisition_Date"":""2026-09-01"",""Address"":""Mayor Ramon T. Pastor Sr. Street"",""Bidet_Presence"":""Unknown"",""Candidate_Priority"":""High"",""Candidate_Reason"":""Restaurant or fast-food venue (amenity=fast_food)"",""Fee"":""unknown"",""Last_Source_Update"":""2025-02-13T06:44:43Z"",""Latitude"":9.3067501,""Longitude"":123.3055034,""Match_Confidence"":"""",""Match_Reason"":"""",""Name"":""Mang Inasal"",""Notes"":"""",""OSM_ID"":""2888487028"",""OSM_Type"":""node"",""Parent_Venue"":"""",""Restroom_Presence"":""Unknown"",""Restroom_Verification"":""candidate_unverified"",""Source"":""OSM"",""Source_ID"":""node/2888487028"",""Temporary_Record_ID"":""osm_node_2888487028"",""Venue_Category"":""food_major""}"
buttler_loc_5af7369f6298e4f92bf6,node/2888501706,OSM,node/2888501706,restroom_acquisition,Panie's Fastfood,9.3074241,123.3064875,Maria Cristina Street,unknown,unknown,Unknown,Unknown,candidate_unverified,"{""Access"":""unknown"",""Acquisition_Date"":""2026-09-01"",""Address"":""Maria Cristina Street"",""Bidet_Presence"":""Unknown"",""Candidate_Priority"":""High"",""Candidate_Reason"":""Restaurant or fast-food venue (amenity=fast_food)"",""Fee"":""unknown"",""Last_Source_Update"":""2025-04-06T04:03:46Z"",""Latitude"":9.3074241,""Longitude"":123.3064875,""Match_Confidence"":"""",""Match_Reason"":"""",""Name"":""Panie's Fastfood"",""Notes"":"""",""OSM_ID"":""2888501706"",""OSM_Type"":""node"",""Parent_Venue"":"""",""Restroom_Presence"":""Unknown"",""Restroom_Verification"":""candidate_unverified"",""Source"":""OSM"",""Source_ID"":""node/2888501706"",""Temporary_Record_ID"":""osm_node_2888501706"",""Venue_Category"":""food_major""}"
buttler_loc_c8e9950eac7c5b226a35,node/2888501708,OSM,node/2888501708,restroom_acquisition,Robinsons Supermarket,9.3076062,123.3077836,"Governor Perdices Street, Dumaguete",unknown,unknown,Unknown,Unknown,candidate_unverified,"{""Access"":""unknown"",""Acquisition_Date"":""2026-09-01"",""Address"":""Governor Perdices Street, Dumaguete"",""Bidet_Presence"":""Unknown"",""Candidate_Priority"":""High"",""Candidate_Reason"":""High-traffic major retail venue (shop=supermarket)"",""Fee"":""unknown"",""Last_Source_Update"":""2025-04-13T07:44:26Z"",""Latitude"":9.3076062,""Longitude"":123.3077836,""Match_Confidence"":"""",""Match_Reason"":"""",""Name"":""Robinsons Supermarket"",""Notes"":"""",""OSM_ID"":""2888501708"",""OSM_Type"":""node"",""Parent_Venue"":"""",""Restroom_Presence"":""Unknown"",""Restroom_Verification"":""candidate_unverified"",""Source"":""OSM"",""Source_ID"":""node/2888501708"",""Temporary_Record_ID"":""osm_node_2888501708"",""Venue_Category"":""retail_major""}"
buttler_loc_62a41840af01670570fd,node/2888608940,OSM,node/2888608940,restroom_acquisition,Opeña's Restaurant,9.3119229,123.3079889,,unknown,unknown,Unknown,Unknown,candidate_unverified,"{""Access"":""unknown"",""Acquisition_Date"":""2026-09-01"",""Address"":"""",""Bidet_Presence"":""Unknown"",""Candidate_Priority"":""High"",""Candidate_Reason"":""Restaurant or fast-food venue (amenity=restaurant)"",""Fee"":""unknown"",""Last_Source_Update"":""2025-02-14T12:47:22Z"",""Latitude"":9.3119229,""Longitude"":123.3079889,""Match_Confidence"":"""",""Match_Reason"":"""",""Name"":""Opeña's Restaurant"",""Notes"":"""",""OSM_ID"":""2888608940"",""OSM_Type"":""node"",""Parent_Venue"":"""",""Restroom_Presence"":""Unknown"",""Restroom_Verification"":""candidate_unverified"",""Source"":""OSM"",""Source_ID"":""node/2888608940"",""Temporary_Record_ID"":""osm_node_2888608940"",""Venue_Category"":""food_major""}"
buttler_loc_1679d7d10f258bb63dd5,node/2888608948,OSM,node/2888608948,restroom_acquisition,Neva's Pizza,9.319546,123.3072968,Hibbard Avenue,unknown,unknown,Unknown,Unknown,candidate_unverified,"{""Access"":""unknown"",""Acquisition_Date"":""2026-09-01"",""Address"":""Hibbard Avenue"",""Bidet_Presence"":""Unknown"",""Candidate_Priority"":""High"",""Candidate_Reason"":""Restaurant or fast-food venue (amenity=restaurant)"",""Fee"":""unknown"",""Last_Source_Update"":""2025-02-15T01:20:01Z"",""Latitude"":9.319546,""Longitude"":123.3072968,""Match_Confidence"":"""",""Match_Reason"":"""",""Name"":""Neva's Pizza"",""Notes"":"""",""OSM_ID"":""2888608948"",""OSM_Type"":""node"",""Parent_Venue"":"""",""Restroom_Presence"":""Unknown"",""Restroom_Verification"":""candidate_unverified"",""Source"":""OSM"",""Source_ID"":""node/2888608948"",""Temporary_Record_ID"":""osm_node_2888608948"",""Venue_Category"":""food_major""}"
buttler_loc_e9f6784ec2d5d8117afe,node/2888608949,OSM,node/2888608949,restroom_acquisition,ampm,9.3195178,123.3072309,,unknown,unknown,Unknown,Unknown,candidate_unverified,"{""Access"":""unknown"",""Acquisition_Date"":""2026-09-01"",""Address"":"""",""Bidet_Presence"":""Unknown"",""Candidate_Priority"":""Medium"",""Candidate_Reason"":""Convenience store; restroom uncertain (shop=convenience)"",""Fee"":""unknown"",""Last_Source_Update"":""2022-05-16T20:25:59Z"",""Latitude"":9.3195178,""Longitude"":123.3072309,""Match_Confidence"":"""",""Match_Reason"":"""",""Name"":""ampm"",""Notes"":"""",""OSM_ID"":""2888608949"",""OSM_Type"":""node"",""Parent_Venue"":"""",""Restroom_Presence"":""Unknown"",""Restroom_Verification"":""candidate_unverified"",""Source"":""OSM"",""Source_ID"":""node/2888608949"",""Temporary_Record_ID"":""osm_node_2888608949"",""Venue_Category"":""convenience""}"
buttler_loc_5e65a1e92d81158c7954,node/2888608957,OSM,node/2888608957,restroom_acquisition,Santa Teresa,9.3202954,123.3071825,Hibbard Avenue,unknown,unknown,Unknown,Unknown,candidate_unverified,"{""Access"":""unknown"",""Acquisition_Date"":""2026-09-01"",""Address"":""Hibbard Avenue"",""Bidet_Presence"":""Unknown"",""Candidate_Priority"":""High"",""Candidate_Reason"":""Restaurant or fast-food venue (amenity=restaurant)"",""Fee"":""unknown"",""Last_Source_Update"":""2025-04-09T02:57:51Z"",""Latitude"":9.3202954,""Longitude"":123.3071825,""Match_Confidence"":"""",""Match_Reason"":"""",""Name"":""Santa Teresa"",""Notes"":"""",""OSM_ID"":""2888608957"",""OSM_Type"":""node"",""Parent_Venue"":"""",""Restroom_Presence"":""Unknown"",""Restroom_Verification"":""candidate_unverified"",""Source"":""OSM"",""Source_ID"":""node/2888608957"",""Temporary_Record_ID"":""osm_node_2888608957"",""Venue_Category"":""food_major""}"
buttler_loc_2a368443ce002ef553b7,node/2888608958,OSM,node/2888608958,restroom_acquisition,Crispy King,9.321374,123.307183,,unknown,unknown,Unknown,Unknown,candidate_unverified,"{""Access"":""unknown"",""Acquisition_Date"":""2026-09-01"",""Address"":"""",""Bidet_Presence"":""Unknown"",""Candidate_Priority"":""High"",""Candidate_Reason"":""Restaurant or fast-food venue (amenity=restaurant)"",""Fee"":""unknown"",""Last_Source_Update"":""2025-03-08T01:41:06Z"",""Latitude"":9.321374,""Longitude"":123.307183,""Match_Confidence"":"""",""Match_Reason"":"""",""Name"":""Crispy King"",""Notes"":"""",""OSM_ID"":""2888608958"",""OSM_Type"":""node"",""Parent_Venue"":"""",""Restroom_Presence"":""Unknown"",""Restroom_Verification"":""candidate_unverified"",""Source"":""OSM"",""Source_ID"":""node/2888608958"",""Temporary_Record_ID"":""osm_node_2888608958"",""Venue_Category"":""food_major""}"
buttler_loc_e44f12955a31d703f8f1,node/2888608959,OSM,node/2888608959,restroom_acquisition,Hapit Anay Store,9.3208284,123.3070041,,unknown,unknown,Unknown,Unknown,candidate_unverified,"{""Access"":""unknown"",""Acquisition_Date"":""2026-09-01"",""Address"":"""",""Bidet_Presence"":""Unknown"",""Candidate_Priority"":""Medium"",""Candidate_Reason"":""Convenience store; restroom uncertain (shop=convenience)"",""Fee"":""unknown"",""Last_Source_Update"":""2014-07-08T05:58:49Z"",""Latitude"":9.3208284,""Longitude"":123.3070041,""Match_Confidence"":"""",""Match_Reason"":"""",""Name"":""Hapit Anay Store"",""Notes"":"""",""OSM_ID"":""2888608959"",""OSM_Type"":""node"",""Parent_Venue"":"""",""Restroom_Presence"":""Unknown"",""Restroom_Verification"":""candidate_unverified"",""Source"":""OSM"",""Source_ID"":""node/2888608959"",""Temporary_Record_ID"":""osm_node_2888608959"",""Venue_Category"":""convenience""}"
buttler_loc_619b298b9c1bcac11be2,node/2888608960,OSM,node/2888608960,restroom_acquisition,Eskinah Enterprises,9.3212013,123.3069559,,unknown,unknown,Unknown,Unknown,candidate_unverified,"{""Access"":""unknown"",""Acquisition_Date"":""2026-09-01"",""Address"":"""",""Bidet_Presence"":""Unknown"",""Candidate_Priority"":""Medium"",""Candidate_Reason"":""Convenience store; restroom uncertain (shop=convenience)"",""Fee"":""unknown"",""Last_Source_Update"":""2015-08-21T11:00:19Z"",""Latitude"":9.3212013,""Longitude"":123.3069559,""Match_Confidence"":"""",""Match_Reason"":"""",""Name"":""Eskinah Enterprises"",""Notes"":"""",""OSM_ID"":""2888608960"",""OSM_Type"":""node"",""Parent_Venue"":"""",""Restroom_Presence"":""Unknown"",""Restroom_Verification"":""candidate_unverified"",""Source"":""OSM"",""Source_ID"":""node/2888608960"",""Temporary_Record_ID"":""osm_node_2888608960"",""Venue_Category"":""convenience""}"
buttler_loc_0480ed3a59e0a544046c,node/2888608965,OSM,node/2888608965,restroom_acquisition,One Bethany Place,9.3209409,123.3043779,,unknown,unknown,Unknown,Unknown,candidate_unverified,"{""Access"":""unknown"",""Acquisition_Date"":""2026-09-01"",""Address"":"""",""Bidet_Presence"":""Unknown"",""Candidate_Priority"":""High"",""Candidate_Reason"":""Substantial accommodation (tourism=hotel)"",""Fee"":""unknown"",""Last_Source_Update"":""2025-02-14T07:32:18Z"",""Latitude"":9.3209409,""Longitude"":123.3043779,""Match_Confidence"":"""",""Match_Reason"":"""",""Name"":""One Bethany Place"",""Notes"":"""",""OSM_ID"":""2888608965"",""OSM_Type"":""node"",""Parent_Venue"":"""",""Restroom_Presence"":""Unknown"",""Restroom_Verification"":""candidate_unverified"",""Source"":""OSM"",""Source_ID"":""node/2888608965"",""Temporary_Record_ID"":""osm_node_2888608965"",""Venue_Category"":""accommodation""}"
buttler_loc_33a94902cb7248e75b12,node/2888608966,OSM,node/2888608966,restroom_acquisition,One Bethany Restaurant and Coffee Shop,9.3209302,123.3042381,,unknown,unknown,Unknown,Unknown,candidate_unverified,"{""Access"":""unknown"",""Acquisition_Date"":""2026-09-01"",""Address"":"""",""Bidet_Presence"":""Unknown"",""Candidate_Priority"":""High"",""Candidate_Reason"":""Restaurant or fast-food venue (amenity=restaurant)"",""Fee"":""unknown"",""Last_Source_Update"":""2025-02-14T07:32:10Z"",""Latitude"":9.3209302,""Longitude"":123.3042381,""Match_Confidence"":"""",""Match_Reason"":"""",""Name"":""One Bethany Restaurant and Coffee Shop"",""Notes"":"""",""OSM_ID"":""2888608966"",""OSM_Type"":""node"",""Parent_Venue"":"""",""Restroom_Presence"":""Unknown"",""Restroom_Verification"":""candidate_unverified"",""Source"":""OSM"",""Source_ID"":""node/2888608966"",""Temporary_Record_ID"":""osm_node_2888608966"",""Venue_Category"":""food_major""}"
buttler_loc_7f8005b9bdf01a07d8f0,node/2894757417,OSM,node/2894757417,restroom_acquisition,Whatever,9.3203676,123.3124429,,unknown,unknown,Unknown,Unknown,candidate_unverified,"{""Access"":""unknown"",""Acquisition_Date"":""2026-09-01"",""Address"":"""",""Bidet_Presence"":""Unknown"",""Candidate_Priority"":""Medium"",""Candidate_Reason"":""Food/drink venue; restroom uncertain (amenity=bar)"",""Fee"":""unknown"",""Last_Source_Update"":""2025-03-09T04:12:49Z"",""Latitude"":9.3203676,""Longitude"":123.3124429,""Match_Confidence"":"""",""Match_Reason"":"""",""Name"":""Whatever"",""Notes"":"""",""OSM_ID"":""2894757417"",""OSM_Type"":""node"",""Parent_Venue"":"""",""Restroom_Presence"":""Unknown"",""Restroom_Verification"":""candidate_unverified"",""Source"":""OSM"",""Source_ID"":""node/2894757417"",""Temporary_Record_ID"":""osm_node_2894757417"",""Venue_Category"":""food_drink""}"
buttler_loc_6e51e299ce9ebcd4d0d0,node/2894757418,OSM,node/2894757418,restroom_acquisition,KTV Family Bar,9.3102959,123.3087257,,unknown,unknown,Unknown,Unknown,candidate_unverified,"{""Access"":""unknown"",""Acquisition_Date"":""2026-09-01"",""Address"":"""",""Bidet_Presence"":""Unknown"",""Candidate_Priority"":""Medium"",""Candidate_Reason"":""Food/drink venue; restroom uncertain (amenity=bar)"",""Fee"":""unknown"",""Last_Source_Update"":""2025-12-31T04:01:22Z"",""Latitude"":9.3102959,""Longitude"":123.3087257,""Match_Confidence"":"""",""Match_Reason"":"""",""Name"":""KTV Family Bar"",""Notes"":"""",""OSM_ID"":""2894757418"",""OSM_Type"":""node"",""Parent_Venue"":"""",""Restroom_Presence"":""Unknown"",""Restroom_Verification"":""candidate_unverified"",""Source"":""OSM"",""Source_ID"":""node/2894757418"",""Temporary_Record_ID"":""osm_node_2894757418"",""Venue_Category"":""food_drink""}"
buttler_loc_42b3990b20786fe8f326,node/2894990358,OSM,node/2894990358,restroom_acquisition,Moriah Pension Inn,9.3190586,123.301224,"Molave Street, Dumaguete",unknown,unknown,Unknown,Unknown,candidate_unverified,"{""Access"":""unknown"",""Acquisition_Date"":""2026-09-01"",""Address"":""Molave Street, Dumaguete"",""Bidet_Presence"":""Unknown"",""Candidate_Priority"":""High"",""Candidate_Reason"":""Substantial accommodation (tourism=hostel)"",""Fee"":""unknown"",""Last_Source_Update"":""2026-05-26T06:43:30Z"",""Latitude"":9.3190586,""Longitude"":123.301224,""Match_Confidence"":"""",""Match_Reason"":"""",""Name"":""Moriah Pension Inn"",""Notes"":"""",""OSM_ID"":""2894990358"",""OSM_Type"":""node"",""Parent_Venue"":"""",""Restroom_Presence"":""Unknown"",""Restroom_Verification"":""candidate_unverified"",""Source"":""OSM"",""Source_ID"":""node/2894990358"",""Temporary_Record_ID"":""osm_node_2894990358"",""Venue_Category"":""accommodation""}"
buttler_loc_146b9b4a2a5b4986f94c,node/2894990360,OSM,node/2894990360,restroom_acquisition,Daro Satellite Market,9.3191047,123.302702,Dumaguete,unknown,unknown,Unknown,Unknown,candidate_unverified,"{""Access"":""unknown"",""Acquisition_Date"":""2026-09-01"",""Address"":""Dumaguete"",""Bidet_Presence"":""Unknown"",""Candidate_Priority"":""High"",""Candidate_Reason"":""Public market (amenity=marketplace)"",""Fee"":""unknown"",""Last_Source_Update"":""2022-02-14T16:09:57Z"",""Latitude"":9.3191047,""Longitude"":123.302702,""Match_Confidence"":"""",""Match_Reason"":"""",""Name"":""Daro Satellite Market"",""Notes"":"""",""OSM_ID"":""2894990360"",""OSM_Type"":""node"",""Parent_Venue"":"""",""Restroom_Presence"":""Unknown"",""Restroom_Verification"":""candidate_unverified"",""Source"":""OSM"",""Source_ID"":""node/2894990360"",""Temporary_Record_ID"":""osm_node_2894990360"",""Venue_Category"":""public_market""}"
buttler_loc_cbc6b08c605f6ead0fbb,node/2894990361,OSM,node/2894990361,restroom_acquisition,Santa Teresa,9.3183407,123.3033592,,unknown,unknown,Unknown,Unknown,candidate_unverified,"{""Access"":""unknown"",""Acquisition_Date"":""2026-09-01"",""Address"":"""",""Bidet_Presence"":""Unknown"",""Candidate_Priority"":""High"",""Candidate_Reason"":""Restaurant or fast-food venue (amenity=restaurant)"",""Fee"":""unknown"",""Last_Source_Update"":""2025-02-13T04:18:06Z"",""Latitude"":9.3183407,""Longitude"":123.3033592,""Match_Confidence"":"""",""Match_Reason"":"""",""Name"":""Santa Teresa"",""Notes"":"""",""OSM_ID"":""2894990361"",""OSM_Type"":""node"",""Parent_Venue"":"""",""Restroom_Presence"":""Unknown"",""Restroom_Verification"":""candidate_unverified"",""Source"":""OSM"",""Source_ID"":""node/2894990361"",""Temporary_Record_ID"":""osm_node_2894990361"",""Venue_Category"":""food_major""}"
buttler_loc_f0d6946b5c420ca192cd,node/2895025476,OSM,node/2895025476,restroom_acquisition,Szaniszlo Convenience Store,9.3079222,123.2958663,,unknown,unknown,Unknown,Unknown,candidate_unverified,"{""Access"":""unknown"",""Acquisition_Date"":""2026-09-01"",""Address"":"""",""Bidet_Presence"":""Unknown"",""Candidate_Priority"":""Medium"",""Candidate_Reason"":""Convenience store; restroom uncertain (shop=convenience)"",""Fee"":""unknown"",""Last_Source_Update"":""2014-06-11T12:16:01Z"",""Latitude"":9.3079222,""Longitude"":123.2958663,""Match_Confidence"":"""",""Match_Reason"":"""",""Name"":""Szaniszlo Convenience Store"",""Notes"":"""",""OSM_ID"":""2895025476"",""OSM_Type"":""node"",""Parent_Venue"":"""",""Restroom_Presence"":""Unknown"",""Restroom_Verification"":""candidate_unverified"",""Source"":""OSM"",""Source_ID"":""node/2895025476"",""Temporary_Record_ID"":""osm_node_2895025476"",""Venue_Category"":""convenience""}"
buttler_loc_b22d086493f736667948,node/2900155099,OSM,node/2900155099,restroom_acquisition,Chooks to Go,9.3205621,123.3002388,,unknown,unknown,Unknown,Unknown,candidate_unverified,"{""Access"":""unknown"",""Acquisition_Date"":""2026-09-01"",""Address"":"""",""Bidet_Presence"":""Unknown"",""Candidate_Priority"":""High"",""Candidate_Reason"":""Restaurant or fast-food venue (amenity=fast_food)"",""Fee"":""unknown"",""Last_Source_Update"":""2025-02-12T02:35:38Z"",""Latitude"":9.3205621,""Longitude"":123.3002388,""Match_Confidence"":"""",""Match_Reason"":"""",""Name"":""Chooks to Go"",""Notes"":"""",""OSM_ID"":""2900155099"",""OSM_Type"":""node"",""Parent_Venue"":"""",""Restroom_Presence"":""Unknown"",""Restroom_Verification"":""candidate_unverified"",""Source"":""OSM"",""Source_ID"":""node/2900155099"",""Temporary_Record_ID"":""osm_node_2900155099"",""Venue_Category"":""food_major""}"
buttler_loc_1e502f7613164f3d0bb1,node/2900155728,OSM,node/2900155728,restroom_acquisition,Kusina Sa Daro,9.3167632,123.3015163,,unknown,unknown,Unknown,Unknown,candidate_unverified,"{""Access"":""unknown"",""Acquisition_Date"":""2026-09-01"",""Address"":"""",""Bidet_Presence"":""Unknown"",""Candidate_Priority"":""High"",""Candidate_Reason"":""Restaurant or fast-food venue (amenity=fast_food)"",""Fee"":""unknown"",""Last_Source_Update"":""2025-03-24T10:53:21Z"",""Latitude"":9.3167632,""Longitude"":123.3015163,""Match_Confidence"":"""",""Match_Reason"":"""",""Name"":""Kusina Sa Daro"",""Notes"":"""",""OSM_ID"":""2900155728"",""OSM_Type"":""node"",""Parent_Venue"":"""",""Restroom_Presence"":""Unknown"",""Restroom_Verification"":""candidate_unverified"",""Source"":""OSM"",""Source_ID"":""node/2900155728"",""Temporary_Record_ID"":""osm_node_2900155728"",""Venue_Category"":""food_major""}"
buttler_loc_ae6c8dc92161d6a74ee3,node/2900161102,OSM,node/2900161102,restroom_acquisition,J Mart,9.3167336,123.2953329,,unknown,unknown,Unknown,Unknown,candidate_unverified,"{""Access"":""unknown"",""Acquisition_Date"":""2026-09-01"",""Address"":"""",""Bidet_Presence"":""Unknown"",""Candidate_Priority"":""Medium"",""Candidate_Reason"":""Convenience store; restroom uncertain (shop=convenience)"",""Fee"":""unknown"",""Last_Source_Update"":""2025-02-16T02:57:11Z"",""Latitude"":9.3167336,""Longitude"":123.2953329,""Match_Confidence"":"""",""Match_Reason"":"""",""Name"":""J Mart"",""Notes"":"""",""OSM_ID"":""2900161102"",""OSM_Type"":""node"",""Parent_Venue"":"""",""Restroom_Presence"":""Unknown"",""Restroom_Verification"":""candidate_unverified"",""Source"":""OSM"",""Source_ID"":""node/2900161102"",""Temporary_Record_ID"":""osm_node_2900161102"",""Venue_Category"":""convenience""}"
buttler_loc_b22afe4e61c1c8c124a7,node/2900165527,OSM,node/2900165527,restroom_acquisition,Bo's Coffee,9.3097922,123.3091088,Rizal Avenue,unknown,unknown,Yes,Unknown,osm_explicit,"{""Access"":""unknown"",""Acquisition_Date"":""2026-09-01"",""Address"":""Rizal Avenue"",""Bidet_Presence"":""Unknown"",""Candidate_Priority"":"""",""Candidate_Reason"":""toilets=yes"",""Fee"":""unknown"",""Last_Source_Update"":""2025-07-22T07:07:00Z"",""Latitude"":9.3097922,""Longitude"":123.3091088,""Match_Confidence"":"""",""Match_Reason"":"""",""Name"":""Bo's Coffee"",""Notes"":"""",""OSM_ID"":""2900165527"",""OSM_Type"":""node"",""Parent_Venue"":"""",""Restroom_Presence"":""Yes"",""Restroom_Verification"":""osm_explicit"",""Source"":""OSM"",""Source_ID"":""node/2900165527"",""Temporary_Record_ID"":""osm_node_2900165527"",""Venue_Category"":""explicit_venue""}"
buttler_loc_efbb180831665c3a3153,node/2900166502,OSM,node/2900166502,restroom_acquisition,HOY LUGAW,9.3102914,123.3077759,,unknown,unknown,Unknown,Unknown,candidate_unverified,"{""Access"":""unknown"",""Acquisition_Date"":""2026-09-01"",""Address"":"""",""Bidet_Presence"":""Unknown"",""Candidate_Priority"":""High"",""Candidate_Reason"":""Restaurant or fast-food venue (amenity=fast_food)"",""Fee"":""unknown"",""Last_Source_Update"":""2025-02-16T02:50:02Z"",""Latitude"":9.3102914,""Longitude"":123.3077759,""Match_Confidence"":"""",""Match_Reason"":"""",""Name"":""HOY LUGAW"",""Notes"":"""",""OSM_ID"":""2900166502"",""OSM_Type"":""node"",""Parent_Venue"":"""",""Restroom_Presence"":""Unknown"",""Restroom_Verification"":""candidate_unverified"",""Source"":""OSM"",""Source_ID"":""node/2900166502"",""Temporary_Record_ID"":""osm_node_2900166502"",""Venue_Category"":""food_major""}"
buttler_loc_567be3eea63fe00f63d0,node/2900166503,OSM,node/2900166503,restroom_acquisition,1988 Bistro,9.3094718,123.3092917,,unknown,unknown,Unknown,Unknown,candidate_unverified,"{""Access"":""unknown"",""Acquisition_Date"":""2026-09-01"",""Address"":"""",""Bidet_Presence"":""Unknown"",""Candidate_Priority"":""High"",""Candidate_Reason"":""Restaurant or fast-food venue (amenity=restaurant)"",""Fee"":""unknown"",""Last_Source_Update"":""2025-02-26T06:28:46Z"",""Latitude"":9.3094718,""Longitude"":123.3092917,""Match_Confidence"":"""",""Match_Reason"":"""",""Name"":""1988 Bistro"",""Notes"":"""",""OSM_ID"":""2900166503"",""OSM_Type"":""node"",""Parent_Venue"":"""",""Restroom_Presence"":""Unknown"",""Restroom_Verification"":""candidate_unverified"",""Source"":""OSM"",""Source_ID"":""node/2900166503"",""Temporary_Record_ID"":""osm_node_2900166503"",""Venue_Category"":""food_major""}"
buttler_loc_d9b5c91c4241c49202b9,node/2900167101,OSM,node/2900167101,restroom_acquisition,Curie Diagnostic Center,9.3094056,123.3088907,,unknown,unknown,Unknown,Unknown,candidate_unverified,"{""Access"":""unknown"",""Acquisition_Date"":""2026-09-01"",""Address"":"""",""Bidet_Presence"":""Unknown"",""Candidate_Priority"":""Medium"",""Candidate_Reason"":""Clinic; customer restroom plausible (amenity=clinic)"",""Fee"":""unknown"",""Last_Source_Update"":""2022-05-16T20:25:59Z"",""Latitude"":9.3094056,""Longitude"":123.3088907,""Match_Confidence"":"""",""Match_Reason"":"""",""Name"":""Curie Diagnostic Center"",""Notes"":"""",""OSM_ID"":""2900167101"",""OSM_Type"":""node"",""Parent_Venue"":"""",""Restroom_Presence"":""Unknown"",""Restroom_Verification"":""candidate_unverified"",""Source"":""OSM"",""Source_ID"":""node/2900167101"",""Temporary_Record_ID"":""osm_node_2900167101"",""Venue_Category"":""clinic""}"
buttler_loc_079fba44e8f7544ca923,node/2900167102,OSM,node/2900167102,restroom_acquisition,Dexter's Pizza,9.3087912,123.308864,,unknown,unknown,Unknown,Unknown,candidate_unverified,"{""Access"":""unknown"",""Acquisition_Date"":""2026-09-01"",""Address"":"""",""Bidet_Presence"":""Unknown"",""Candidate_Priority"":""High"",""Candidate_Reason"":""Restaurant or fast-food venue (amenity=restaurant)"",""Fee"":""unknown"",""Last_Source_Update"":""2025-03-04T01:42:06Z"",""Latitude"":9.3087912,""Longitude"":123.308864,""Match_Confidence"":"""",""Match_Reason"":"""",""Name"":""Dexter's Pizza"",""Notes"":"""",""OSM_ID"":""2900167102"",""OSM_Type"":""node"",""Parent_Venue"":"""",""Restroom_Presence"":""Unknown"",""Restroom_Verification"":""candidate_unverified"",""Source"":""OSM"",""Source_ID"":""node/2900167102"",""Temporary_Record_ID"":""osm_node_2900167102"",""Venue_Category"":""food_major""}"
buttler_loc_de9aa1df53c86bbcb041,node/2902361497,OSM,node/2902361497,restroom_acquisition,Eatery,9.3171158,123.3031508,"Doctor Venancio I. Aldecoa Sr. Drive, Dumaguete",unknown,unknown,Unknown,Unknown,candidate_unverified,"{""Access"":""unknown"",""Acquisition_Date"":""2026-09-01"",""Address"":""Doctor Venancio I. Aldecoa Sr. Drive, Dumaguete"",""Bidet_Presence"":""Unknown"",""Candidate_Priority"":""High"",""Candidate_Reason"":""Restaurant or fast-food venue (amenity=restaurant)"",""Fee"":""unknown"",""Last_Source_Update"":""2026-01-20T01:12:27Z"",""Latitude"":9.3171158,""Longitude"":123.3031508,""Match_Confidence"":"""",""Match_Reason"":"""",""Name"":""Eatery"",""Notes"":"""",""OSM_ID"":""2902361497"",""OSM_Type"":""node"",""Parent_Venue"":"""",""Restroom_Presence"":""Unknown"",""Restroom_Verification"":""candidate_unverified"",""Source"":""OSM"",""Source_ID"":""node/2902361497"",""Temporary_Record_ID"":""osm_node_2902361497"",""Venue_Category"":""food_major""}"
buttler_loc_a4fd54990ca6c9f69600,node/2902365542,OSM,node/2902365542,restroom_acquisition,Skin Doctor,9.3171828,123.3026101,,unknown,unknown,Unknown,Unknown,candidate_unverified,"{""Access"":""unknown"",""Acquisition_Date"":""2026-09-01"",""Address"":"""",""Bidet_Presence"":""Unknown"",""Candidate_Priority"":""Medium"",""Candidate_Reason"":""Clinic; customer restroom plausible (amenity=clinic)"",""Fee"":""unknown"",""Last_Source_Update"":""2014-06-28T09:08:49Z"",""Latitude"":9.3171828,""Longitude"":123.3026101,""Match_Confidence"":"""",""Match_Reason"":"""",""Name"":""Skin Doctor"",""Notes"":"""",""OSM_ID"":""2902365542"",""OSM_Type"":""node"",""Parent_Venue"":"""",""Restroom_Presence"":""Unknown"",""Restroom_Verification"":""candidate_unverified"",""Source"":""OSM"",""Source_ID"":""node/2902365542"",""Temporary_Record_ID"":""osm_node_2902365542"",""Venue_Category"":""clinic""}"
buttler_loc_d5c3d182df5d36662ace,node/2902365543,OSM,node/2902365543,restroom_acquisition,Fetus UltraSound,9.3170795,123.3019675,,unknown,unknown,Unknown,Unknown,candidate_unverified,"{""Access"":""unknown"",""Acquisition_Date"":""2026-09-01"",""Address"":"""",""Bidet_Presence"":""Unknown"",""Candidate_Priority"":""Medium"",""Candidate_Reason"":""Clinic; customer restroom plausible (amenity=clinic)"",""Fee"":""unknown"",""Last_Source_Update"":""2014-06-06T07:55:55Z"",""Latitude"":9.3170795,""Longitude"":123.3019675,""Match_Confidence"":"""",""Match_Reason"":"""",""Name"":""Fetus UltraSound"",""Notes"":"""",""OSM_ID"":""2902365543"",""OSM_Type"":""node"",""Parent_Venue"":"""",""Restroom_Presence"":""Unknown"",""Restroom_Verification"":""candidate_unverified"",""Source"":""OSM"",""Source_ID"":""node/2902365543"",""Temporary_Record_ID"":""osm_node_2902365543"",""Venue_Category"":""clinic""}"
buttler_loc_18b5bd1c1b2e4b2beaf6,node/2902383144,OSM,node/2902383144,restroom_acquisition,LP Food Avenue,9.3018253,123.2978249,,unknown,unknown,Unknown,Unknown,candidate_unverified,"{""Access"":""unknown"",""Acquisition_Date"":""2026-09-01"",""Address"":"""",""Bidet_Presence"":""Unknown"",""Candidate_Priority"":""High"",""Candidate_Reason"":""Restaurant or fast-food venue (amenity=restaurant)"",""Fee"":""unknown"",""Last_Source_Update"":""2023-01-04T04:18:42Z"",""Latitude"":9.3018253,""Longitude"":123.2978249,""Match_Confidence"":"""",""Match_Reason"":"""",""Name"":""LP Food Avenue"",""Notes"":"""",""OSM_ID"":""2902383144"",""OSM_Type"":""node"",""Parent_Venue"":"""",""Restroom_Presence"":""Unknown"",""Restroom_Verification"":""candidate_unverified"",""Source"":""OSM"",""Source_ID"":""node/2902383144"",""Temporary_Record_ID"":""osm_node_2902383144"",""Venue_Category"":""food_major""}"
buttler_loc_6ad0759e611c40fafa26,node/2902383145,OSM,node/2902383145,restroom_acquisition,Unnamed public toilet,9.3020412,123.2978033,,unknown,unknown,Yes,Unknown,osm_explicit,"{""Access"":""unknown"",""Acquisition_Date"":""2026-09-01"",""Address"":"""",""Bidet_Presence"":""Unknown"",""Candidate_Priority"":"""",""Candidate_Reason"":""amenity=toilets"",""Fee"":""unknown"",""Last_Source_Update"":""2025-05-16T09:36:52Z"",""Latitude"":9.3020412,""Longitude"":123.2978033,""Match_Confidence"":"""",""Match_Reason"":"""",""Name"":""Unnamed public toilet"",""Notes"":"""",""OSM_ID"":""2902383145"",""OSM_Type"":""node"",""Parent_Venue"":"""",""Restroom_Presence"":""Yes"",""Restroom_Verification"":""osm_explicit"",""Source"":""OSM"",""Source_ID"":""node/2902383145"",""Temporary_Record_ID"":""osm_node_2902383145"",""Venue_Category"":""standalone_toilet""}"
buttler_loc_11c93588bf22e54739dd,node/2902795863,OSM,node/2902795863,restroom_acquisition,Unnamed venue,9.3066945,123.2991237,,unknown,unknown,Unknown,Unknown,candidate_unverified,"{""Access"":""unknown"",""Acquisition_Date"":""2026-09-01"",""Address"":"""",""Bidet_Presence"":""Unknown"",""Candidate_Priority"":""High"",""Candidate_Reason"":""Restaurant or fast-food venue (amenity=restaurant)"",""Fee"":""unknown"",""Last_Source_Update"":""2014-06-18T03:06:55Z"",""Latitude"":9.3066945,""Longitude"":123.2991237,""Match_Confidence"":"""",""Match_Reason"":"""",""Name"":""Unnamed venue"",""Notes"":"""",""OSM_ID"":""2902795863"",""OSM_Type"":""node"",""Parent_Venue"":"""",""Restroom_Presence"":""Unknown"",""Restroom_Verification"":""candidate_unverified"",""Source"":""OSM"",""Source_ID"":""node/2902795863"",""Temporary_Record_ID"":""osm_node_2902795863"",""Venue_Category"":""food_major""}"
buttler_loc_faecd0f2a142d591dddd,node/2908388159,OSM,node/2908388159,restroom_acquisition,Gazebo Pensione,9.3064006,123.3050323,,unknown,unknown,Unknown,Unknown,candidate_unverified,"{""Access"":""unknown"",""Acquisition_Date"":""2026-09-01"",""Address"":"""",""Bidet_Presence"":""Unknown"",""Candidate_Priority"":""High"",""Candidate_Reason"":""Substantial accommodation (tourism=hostel)"",""Fee"":""unknown"",""Last_Source_Update"":""2025-11-08T12:44:17Z"",""Latitude"":9.3064006,""Longitude"":123.3050323,""Match_Confidence"":"""",""Match_Reason"":"""",""Name"":""Gazebo Pensione"",""Notes"":"""",""OSM_ID"":""2908388159"",""OSM_Type"":""node"",""Parent_Venue"":"""",""Restroom_Presence"":""Unknown"",""Restroom_Verification"":""candidate_unverified"",""Source"":""OSM"",""Source_ID"":""node/2908388159"",""Temporary_Record_ID"":""osm_node_2908388159"",""Venue_Category"":""accommodation""}"
buttler_loc_33c97e95c14a7d3c4e4b,node/2908391176,OSM,node/2908391176,restroom_acquisition,HAN's Store,9.3047918,123.3055855,,unknown,unknown,Unknown,Unknown,candidate_unverified,"{""Access"":""unknown"",""Acquisition_Date"":""2026-09-01"",""Address"":"""",""Bidet_Presence"":""Unknown"",""Candidate_Priority"":""Medium"",""Candidate_Reason"":""Convenience store; restroom uncertain (shop=convenience)"",""Fee"":""unknown"",""Last_Source_Update"":""2014-06-29T07:50:53Z"",""Latitude"":9.3047918,""Longitude"":123.3055855,""Match_Confidence"":"""",""Match_Reason"":"""",""Name"":""HAN's Store"",""Notes"":"""",""OSM_ID"":""2908391176"",""OSM_Type"":""node"",""Parent_Venue"":"""",""Restroom_Presence"":""Unknown"",""Restroom_Verification"":""candidate_unverified"",""Source"":""OSM"",""Source_ID"":""node/2908391176"",""Temporary_Record_ID"":""osm_node_2908391176"",""Venue_Category"":""convenience""}"
buttler_loc_690925f6779d8c212df4,node/2908391304,OSM,node/2908391304,restroom_acquisition,Mandarin,9.304613,123.3062738,,unknown,unknown,Unknown,Unknown,candidate_unverified,"{""Access"":""unknown"",""Acquisition_Date"":""2026-09-01"",""Address"":"""",""Bidet_Presence"":""Unknown"",""Candidate_Priority"":""High"",""Candidate_Reason"":""Restaurant or fast-food venue (amenity=restaurant)"",""Fee"":""unknown"",""Last_Source_Update"":""2014-06-10T01:40:55Z"",""Latitude"":9.304613,""Longitude"":123.3062738,""Match_Confidence"":"""",""Match_Reason"":"""",""Name"":""Mandarin"",""Notes"":"""",""OSM_ID"":""2908391304"",""OSM_Type"":""node"",""Parent_Venue"":"""",""Restroom_Presence"":""Unknown"",""Restroom_Verification"":""candidate_unverified"",""Source"":""OSM"",""Source_ID"":""node/2908391304"",""Temporary_Record_ID"":""osm_node_2908391304"",""Venue_Category"":""food_major""}"
buttler_loc_a74aa8fee7a5196befaa,node/2909142395,OSM,node/2909142395,restroom_acquisition,Unnamed venue,9.3119599,123.3076886,,unknown,unknown,Unknown,Unknown,candidate_unverified,"{""Access"":""unknown"",""Acquisition_Date"":""2026-09-01"",""Address"":"""",""Bidet_Presence"":""Unknown"",""Candidate_Priority"":""High"",""Candidate_Reason"":""Restaurant or fast-food venue (amenity=restaurant)"",""Fee"":""unknown"",""Last_Source_Update"":""2025-02-14T12:47:41Z"",""Latitude"":9.3119599,""Longitude"":123.3076886,""Match_Confidence"":"""",""Match_Reason"":"""",""Name"":""Unnamed venue"",""Notes"":"""",""OSM_ID"":""2909142395"",""OSM_Type"":""node"",""Parent_Venue"":"""",""Restroom_Presence"":""Unknown"",""Restroom_Verification"":""candidate_unverified"",""Source"":""OSM"",""Source_ID"":""node/2909142395"",""Temporary_Record_ID"":""osm_node_2909142395"",""Venue_Category"":""food_major""}"
buttler_loc_f7eff94adc706381e761,node/2909142396,OSM,node/2909142396,restroom_acquisition,Opeñas Pension,9.3119233,123.3079344,Katada Street,unknown,unknown,Unknown,Unknown,candidate_unverified,"{""Access"":""unknown"",""Acquisition_Date"":""2026-09-01"",""Address"":""Katada Street"",""Bidet_Presence"":""Unknown"",""Candidate_Priority"":""High"",""Candidate_Reason"":""Substantial accommodation (tourism=guest_house)"",""Fee"":""unknown"",""Last_Source_Update"":""2025-04-09T01:26:09Z"",""Latitude"":9.3119233,""Longitude"":123.3079344,""Match_Confidence"":"""",""Match_Reason"":"""",""Name"":""Opeñas Pension"",""Notes"":"""",""OSM_ID"":""2909142396"",""OSM_Type"":""node"",""Parent_Venue"":"""",""Restroom_Presence"":""Unknown"",""Restroom_Verification"":""candidate_unverified"",""Source"":""OSM"",""Source_ID"":""node/2909142396"",""Temporary_Record_ID"":""osm_node_2909142396"",""Venue_Category"":""accommodation""}"
buttler_loc_04136e7aff3d543b4ca8,node/2909142397,OSM,node/2909142397,restroom_acquisition,Mart Filipino Korean Grocery,9.3119275,123.3081005,,unknown,unknown,Unknown,Unknown,candidate_unverified,"{""Access"":""unknown"",""Acquisition_Date"":""2026-09-01"",""Address"":"""",""Bidet_Presence"":""Unknown"",""Candidate_Priority"":""Medium"",""Candidate_Reason"":""Convenience store; restroom uncertain (shop=convenience)"",""Fee"":""unknown"",""Last_Source_Update"":""2014-06-28T09:08:46Z"",""Latitude"":9.3119275,""Longitude"":123.3081005,""Match_Confidence"":"""",""Match_Reason"":"""",""Name"":""Mart Filipino Korean Grocery"",""Notes"":"""",""OSM_ID"":""2909142397"",""OSM_Type"":""node"",""Parent_Venue"":"""",""Restroom_Presence"":""Unknown"",""Restroom_Verification"":""candidate_unverified"",""Source"":""OSM"",""Source_ID"":""node/2909142397"",""Temporary_Record_ID"":""osm_node_2909142397"",""Venue_Category"":""convenience""}"
buttler_loc_3c58ad0d2fe2d6d57b20,node/2910959301,OSM,node/2910959301,restroom_acquisition,CityWalk Hotel,9.310169,123.306754,"Silliman Avenue, Dumaguete",unknown,unknown,Unknown,Unknown,candidate_unverified,"{""Access"":""unknown"",""Acquisition_Date"":""2026-09-01"",""Address"":""Silliman Avenue, Dumaguete"",""Bidet_Presence"":""Unknown"",""Candidate_Priority"":""High"",""Candidate_Reason"":""Substantial accommodation (tourism=hotel)"",""Fee"":""unknown"",""Last_Source_Update"":""2025-02-22T03:07:38Z"",""Latitude"":9.310169,""Longitude"":123.306754,""Match_Confidence"":"""",""Match_Reason"":"""",""Name"":""CityWalk Hotel"",""Notes"":"""",""OSM_ID"":""2910959301"",""OSM_Type"":""node"",""Parent_Venue"":"""",""Restroom_Presence"":""Unknown"",""Restroom_Verification"":""candidate_unverified"",""Source"":""OSM"",""Source_ID"":""node/2910959301"",""Temporary_Record_ID"":""osm_node_2910959301"",""Venue_Category"":""accommodation""}"
buttler_loc_5a839df3de55e49071d2,node/2910959302,OSM,node/2910959302,restroom_acquisition,Angel's Pizza,9.3101665,123.3067177,"Silliman Avenue, Dumaguete",unknown,unknown,Unknown,Unknown,candidate_unverified,"{""Access"":""unknown"",""Acquisition_Date"":""2026-09-01"",""Address"":""Silliman Avenue, Dumaguete"",""Bidet_Presence"":""Unknown"",""Candidate_Priority"":""High"",""Candidate_Reason"":""Restaurant or fast-food venue (amenity=fast_food)"",""Fee"":""unknown"",""Last_Source_Update"":""2025-02-24T01:04:47Z"",""Latitude"":9.3101665,""Longitude"":123.3067177,""Match_Confidence"":"""",""Match_Reason"":"""",""Name"":""Angel's Pizza"",""Notes"":"""",""OSM_ID"":""2910959302"",""OSM_Type"":""node"",""Parent_Venue"":""way/290512318"",""Restroom_Presence"":""Unknown"",""Restroom_Verification"":""candidate_unverified"",""Source"":""OSM"",""Source_ID"":""node/2910959302"",""Temporary_Record_ID"":""osm_node_2910959302"",""Venue_Category"":""food_major""}"
buttler_loc_9939e646e5afd15bfc61,node/2910986553,OSM,node/2910986553,restroom_acquisition,Unnamed venue,9.3074781,123.2950848,,unknown,unknown,Unknown,Unknown,candidate_unverified,"{""Access"":""unknown"",""Acquisition_Date"":""2026-09-01"",""Address"":"""",""Bidet_Presence"":""Unknown"",""Candidate_Priority"":""High"",""Candidate_Reason"":""Restaurant or fast-food venue (amenity=restaurant)"",""Fee"":""unknown"",""Last_Source_Update"":""2025-03-11T07:37:49Z"",""Latitude"":9.3074781,""Longitude"":123.2950848,""Match_Confidence"":"""",""Match_Reason"":"""",""Name"":""Unnamed venue"",""Notes"":"""",""OSM_ID"":""2910986553"",""OSM_Type"":""node"",""Parent_Venue"":"""",""Restroom_Presence"":""Unknown"",""Restroom_Verification"":""candidate_unverified"",""Source"":""OSM"",""Source_ID"":""node/2910986553"",""Temporary_Record_ID"":""osm_node_2910986553"",""Venue_Category"":""food_major""}"
buttler_loc_6002e99dcf7ff41a40c4,node/2911072359,OSM,node/2911072359,restroom_acquisition,SaveNa,9.3196284,123.2944949,E. J. Blanco Extension,unknown,unknown,Unknown,Unknown,candidate_unverified,"{""Access"":""unknown"",""Acquisition_Date"":""2026-09-01"",""Address"":""E. J. Blanco Extension"",""Bidet_Presence"":""Unknown"",""Candidate_Priority"":""Medium"",""Candidate_Reason"":""Convenience store; restroom uncertain (shop=convenience)"",""Fee"":""unknown"",""Last_Source_Update"":""2025-04-04T07:48:10Z"",""Latitude"":9.3196284,""Longitude"":123.2944949,""Match_Confidence"":"""",""Match_Reason"":"""",""Name"":""SaveNa"",""Notes"":"""",""OSM_ID"":""2911072359"",""OSM_Type"":""node"",""Parent_Venue"":"""",""Restroom_Presence"":""Unknown"",""Restroom_Verification"":""candidate_unverified"",""Source"":""OSM"",""Source_ID"":""node/2911072359"",""Temporary_Record_ID"":""osm_node_2911072359"",""Venue_Category"":""convenience""}"
buttler_loc_fce3097a3608a0ecefd7,node/2911072360,OSM,node/2911072360,restroom_acquisition,Josie J Store,9.3193902,123.2942886,,unknown,unknown,Unknown,Unknown,candidate_unverified,"{""Access"":""unknown"",""Acquisition_Date"":""2026-09-01"",""Address"":"""",""Bidet_Presence"":""Unknown"",""Candidate_Priority"":""Medium"",""Candidate_Reason"":""Convenience store; restroom uncertain (shop=convenience)"",""Fee"":""unknown"",""Last_Source_Update"":""2025-03-02T16:17:34Z"",""Latitude"":9.3193902,""Longitude"":123.2942886,""Match_Confidence"":"""",""Match_Reason"":"""",""Name"":""Josie J Store"",""Notes"":"""",""OSM_ID"":""2911072360"",""OSM_Type"":""node"",""Parent_Venue"":"""",""Restroom_Presence"":""Unknown"",""Restroom_Verification"":""candidate_unverified"",""Source"":""OSM"",""Source_ID"":""node/2911072360"",""Temporary_Record_ID"":""osm_node_2911072360"",""Venue_Category"":""convenience""}"
buttler_loc_0dc7f7349374203d72b6,node/2912293011,OSM,node/2912293011,restroom_acquisition,Daymiel's Dormitory,9.3084979,123.306264,Maria Cristina Street,unknown,unknown,Unknown,Unknown,candidate_unverified,"{""Access"":""unknown"",""Acquisition_Date"":""2026-09-01"",""Address"":""Maria Cristina Street"",""Bidet_Presence"":""Unknown"",""Candidate_Priority"":""High"",""Candidate_Reason"":""Substantial accommodation (tourism=hostel)"",""Fee"":""unknown"",""Last_Source_Update"":""2025-04-06T03:40:19Z"",""Latitude"":9.3084979,""Longitude"":123.306264,""Match_Confidence"":"""",""Match_Reason"":"""",""Name"":""Daymiel's Dormitory"",""Notes"":"""",""OSM_ID"":""2912293011"",""OSM_Type"":""node"",""Parent_Venue"":"""",""Restroom_Presence"":""Unknown"",""Restroom_Verification"":""candidate_unverified"",""Source"":""OSM"",""Source_ID"":""node/2912293011"",""Temporary_Record_ID"":""osm_node_2912293011"",""Venue_Category"":""accommodation""}"
buttler_loc_d746d4a2933950dedd73,node/2912294500,OSM,node/2912294500,restroom_acquisition,Dentista Villarosa,9.3083262,123.3065255,,unknown,unknown,Unknown,Unknown,candidate_unverified,"{""Access"":""unknown"",""Acquisition_Date"":""2026-09-01"",""Address"":"""",""Bidet_Presence"":""Unknown"",""Candidate_Priority"":""Medium"",""Candidate_Reason"":""Clinic; customer restroom plausible (amenity=dentist)"",""Fee"":""unknown"",""Last_Source_Update"":""2022-05-16T20:25:59Z"",""Latitude"":9.3083262,""Longitude"":123.3065255,""Match_Confidence"":"""",""Match_Reason"":"""",""Name"":""Dentista Villarosa"",""Notes"":"""",""OSM_ID"":""2912294500"",""OSM_Type"":""node"",""Parent_Venue"":"""",""Restroom_Presence"":""Unknown"",""Restroom_Verification"":""candidate_unverified"",""Source"":""OSM"",""Source_ID"":""node/2912294500"",""Temporary_Record_ID"":""osm_node_2912294500"",""Venue_Category"":""clinic""}"
buttler_loc_8ba49d06786434178ce7,node/2912295203,OSM,node/2912295203,restroom_acquisition,Connect Internet Cafe,9.3084011,123.3063516,Maria Cristina Street,unknown,unknown,Unknown,Unknown,candidate_unverified,"{""Access"":""unknown"",""Acquisition_Date"":""2026-09-01"",""Address"":""Maria Cristina Street"",""Bidet_Presence"":""Unknown"",""Candidate_Priority"":""Medium"",""Candidate_Reason"":""Smaller entertainment venue (amenity=internet_cafe)"",""Fee"":""unknown"",""Last_Source_Update"":""2025-04-06T03:40:19Z"",""Latitude"":9.3084011,""Longitude"":123.3063516,""Match_Confidence"":"""",""Match_Reason"":"""",""Name"":""Connect Internet Cafe"",""Notes"":"""",""OSM_ID"":""2912295203"",""OSM_Type"":""node"",""Parent_Venue"":"""",""Restroom_Presence"":""Unknown"",""Restroom_Verification"":""candidate_unverified"",""Source"":""OSM"",""Source_ID"":""node/2912295203"",""Temporary_Record_ID"":""osm_node_2912295203"",""Venue_Category"":""entertainment_small""}"
buttler_loc_4d2e69e9eb6d555633fd,node/2934890041,OSM,node/2934890041,restroom_acquisition,Sison's Painitan,9.3053053,123.306429,,unknown,unknown,Unknown,Unknown,candidate_unverified,"{""Access"":""unknown"",""Acquisition_Date"":""2026-09-01"",""Address"":"""",""Bidet_Presence"":""Unknown"",""Candidate_Priority"":""Medium"",""Candidate_Reason"":""Food/drink venue; restroom uncertain (amenity=cafe)"",""Fee"":""unknown"",""Last_Source_Update"":""2025-03-08T01:46:10Z"",""Latitude"":9.3053053,""Longitude"":123.306429,""Match_Confidence"":"""",""Match_Reason"":"""",""Name"":""Sison's Painitan"",""Notes"":"""",""OSM_ID"":""2934890041"",""OSM_Type"":""node"",""Parent_Venue"":"""",""Restroom_Presence"":""Unknown"",""Restroom_Verification"":""candidate_unverified"",""Source"":""OSM"",""Source_ID"":""node/2934890041"",""Temporary_Record_ID"":""osm_node_2934890041"",""Venue_Category"":""food_drink""}"
buttler_loc_7c19c1ce7249ab5e8c6a,node/2934962727,OSM,node/2934962727,restroom_acquisition,Crown Hostel,9.3171179,123.3033697,,unknown,unknown,Unknown,Unknown,candidate_unverified,"{""Access"":""unknown"",""Acquisition_Date"":""2026-09-01"",""Address"":"""",""Bidet_Presence"":""Unknown"",""Candidate_Priority"":""High"",""Candidate_Reason"":""Substantial accommodation (tourism=hostel)"",""Fee"":""unknown"",""Last_Source_Update"":""2025-05-07T10:27:45Z"",""Latitude"":9.3171179,""Longitude"":123.3033697,""Match_Confidence"":"""",""Match_Reason"":"""",""Name"":""Crown Hostel"",""Notes"":"""",""OSM_ID"":""2934962727"",""OSM_Type"":""node"",""Parent_Venue"":"""",""Restroom_Presence"":""Unknown"",""Restroom_Verification"":""candidate_unverified"",""Source"":""OSM"",""Source_ID"":""node/2934962727"",""Temporary_Record_ID"":""osm_node_2934962727"",""Venue_Category"":""accommodation""}"
buttler_loc_b5fe51f0bf88c02c8002,node/2934976800,OSM,node/2934976800,restroom_acquisition,Lopenas Store,9.3165082,123.301473,,unknown,unknown,Unknown,Unknown,candidate_unverified,"{""Access"":""unknown"",""Acquisition_Date"":""2026-09-01"",""Address"":"""",""Bidet_Presence"":""Unknown"",""Candidate_Priority"":""Medium"",""Candidate_Reason"":""Convenience store; restroom uncertain (shop=convenience)"",""Fee"":""unknown"",""Last_Source_Update"":""2014-06-27T02:45:53Z"",""Latitude"":9.3165082,""Longitude"":123.301473,""Match_Confidence"":"""",""Match_Reason"":"""",""Name"":""Lopenas Store"",""Notes"":"""",""OSM_ID"":""2934976800"",""OSM_Type"":""node"",""Parent_Venue"":"""",""Restroom_Presence"":""Unknown"",""Restroom_Verification"":""candidate_unverified"",""Source"":""OSM"",""Source_ID"":""node/2934976800"",""Temporary_Record_ID"":""osm_node_2934976800"",""Venue_Category"":""convenience""}"
buttler_loc_799fc8de5e82c94ae280,node/2934985143,OSM,node/2934985143,restroom_acquisition,Arnok's Fried Chicken,9.3065665,123.2978672,Larena Drive,unknown,unknown,Unknown,Unknown,candidate_unverified,"{""Access"":""unknown"",""Acquisition_Date"":""2026-09-01"",""Address"":""Larena Drive"",""Bidet_Presence"":""Unknown"",""Candidate_Priority"":""High"",""Candidate_Reason"":""Restaurant or fast-food venue (amenity=fast_food)"",""Fee"":""unknown"",""Last_Source_Update"":""2025-04-04T06:22:04Z"",""Latitude"":9.3065665,""Longitude"":123.2978672,""Match_Confidence"":"""",""Match_Reason"":"""",""Name"":""Arnok's Fried Chicken"",""Notes"":"""",""OSM_ID"":""2934985143"",""OSM_Type"":""node"",""Parent_Venue"":"""",""Restroom_Presence"":""Unknown"",""Restroom_Verification"":""candidate_unverified"",""Source"":""OSM"",""Source_ID"":""node/2934985143"",""Temporary_Record_ID"":""osm_node_2934985143"",""Venue_Category"":""food_major""}"
buttler_loc_82f5df75d6999cbdf1fc,node/2934986718,OSM,node/2934986718,restroom_acquisition,Zone One,9.3101965,123.3074741,,unknown,unknown,Unknown,Unknown,candidate_unverified,"{""Access"":""unknown"",""Acquisition_Date"":""2026-09-01"",""Address"":"""",""Bidet_Presence"":""Unknown"",""Candidate_Priority"":""Medium"",""Candidate_Reason"":""Smaller entertainment venue (amenity=internet_cafe)"",""Fee"":""unknown"",""Last_Source_Update"":""2025-02-23T06:58:39Z"",""Latitude"":9.3101965,""Longitude"":123.3074741,""Match_Confidence"":"""",""Match_Reason"":"""",""Name"":""Zone One"",""Notes"":"""",""OSM_ID"":""2934986718"",""OSM_Type"":""node"",""Parent_Venue"":"""",""Restroom_Presence"":""Unknown"",""Restroom_Verification"":""candidate_unverified"",""Source"":""OSM"",""Source_ID"":""node/2934986718"",""Temporary_Record_ID"":""osm_node_2934986718"",""Venue_Category"":""entertainment_small""}"
buttler_loc_ab32c5e0e68625dd477c,node/2934987191,OSM,node/2934987191,restroom_acquisition,Chowking,9.3081956,123.3077231,"Governor M. F. Perdices Street, Dumaguete",unknown,unknown,Unknown,Unknown,candidate_unverified,"{""Access"":""unknown"",""Acquisition_Date"":""2026-09-01"",""Address"":""Governor M. F. Perdices Street, Dumaguete"",""Bidet_Presence"":""Unknown"",""Candidate_Priority"":""High"",""Candidate_Reason"":""Restaurant or fast-food venue (amenity=fast_food)"",""Fee"":""unknown"",""Last_Source_Update"":""2025-02-26T11:29:41Z"",""Latitude"":9.3081956,""Longitude"":123.3077231,""Match_Confidence"":"""",""Match_Reason"":"""",""Name"":""Chowking"",""Notes"":"""",""OSM_ID"":""2934987191"",""OSM_Type"":""node"",""Parent_Venue"":"""",""Restroom_Presence"":""Unknown"",""Restroom_Verification"":""candidate_unverified"",""Source"":""OSM"",""Source_ID"":""node/2934987191"",""Temporary_Record_ID"":""osm_node_2934987191"",""Venue_Category"":""food_major""}"
buttler_loc_3b1faf0541635e066a92,node/2934987192,OSM,node/2934987192,restroom_acquisition,McDonald's,9.3084214,123.3077245,Governor M. F. Perdices Street,unknown,unknown,Unknown,Unknown,candidate_unverified,"{""Access"":""unknown"",""Acquisition_Date"":""2026-09-01"",""Address"":""Governor M. F. Perdices Street"",""Bidet_Presence"":""Unknown"",""Candidate_Priority"":""High"",""Candidate_Reason"":""Restaurant or fast-food venue (amenity=fast_food)"",""Fee"":""unknown"",""Last_Source_Update"":""2026-04-27T11:45:05Z"",""Latitude"":9.3084214,""Longitude"":123.3077245,""Match_Confidence"":"""",""Match_Reason"":"""",""Name"":""McDonald's"",""Notes"":"""",""OSM_ID"":""2934987192"",""OSM_Type"":""node"",""Parent_Venue"":"""",""Restroom_Presence"":""Unknown"",""Restroom_Verification"":""candidate_unverified"",""Source"":""OSM"",""Source_ID"":""node/2934987192"",""Temporary_Record_ID"":""osm_node_2934987192"",""Venue_Category"":""food_major""}"
buttler_loc_535181bcd2837a72beec,node/2935070571,OSM,node/2935070571,restroom_acquisition,EMI Store,9.3277154,123.3069616,,unknown,unknown,Unknown,Unknown,candidate_unverified,"{""Access"":""unknown"",""Acquisition_Date"":""2026-09-01"",""Address"":"""",""Bidet_Presence"":""Unknown"",""Candidate_Priority"":""Medium"",""Candidate_Reason"":""Convenience store; restroom uncertain (shop=convenience)"",""Fee"":""unknown"",""Last_Source_Update"":""2014-06-27T06:22:54Z"",""Latitude"":9.3277154,""Longitude"":123.3069616,""Match_Confidence"":"""",""Match_Reason"":"""",""Name"":""EMI Store"",""Notes"":"""",""OSM_ID"":""2935070571"",""OSM_Type"":""node"",""Parent_Venue"":"""",""Restroom_Presence"":""Unknown"",""Restroom_Verification"":""candidate_unverified"",""Source"":""OSM"",""Source_ID"":""node/2935070571"",""Temporary_Record_ID"":""osm_node_2935070571"",""Venue_Category"":""convenience""}"
buttler_loc_362b94efa14f51bc9283,node/2935076360,OSM,node/2935076360,restroom_acquisition,Ana Lee Rose Store,9.3222242,123.3049596,Route 7,unknown,unknown,Unknown,Unknown,candidate_unverified,"{""Access"":""unknown"",""Acquisition_Date"":""2026-09-01"",""Address"":""Route 7"",""Bidet_Presence"":""Unknown"",""Candidate_Priority"":""Medium"",""Candidate_Reason"":""Convenience store; restroom uncertain (shop=convenience)"",""Fee"":""unknown"",""Last_Source_Update"":""2025-04-09T03:12:29Z"",""Latitude"":9.3222242,""Longitude"":123.3049596,""Match_Confidence"":"""",""Match_Reason"":"""",""Name"":""Ana Lee Rose Store"",""Notes"":"""",""OSM_ID"":""2935076360"",""OSM_Type"":""node"",""Parent_Venue"":"""",""Restroom_Presence"":""Unknown"",""Restroom_Verification"":""candidate_unverified"",""Source"":""OSM"",""Source_ID"":""node/2935076360"",""Temporary_Record_ID"":""osm_node_2935076360"",""Venue_Category"":""convenience""}"
buttler_loc_bb61f940fe6d0ab399c6,node/2935076361,OSM,node/2935076361,restroom_acquisition,Joy Store,9.3222196,123.3047401,,unknown,unknown,Unknown,Unknown,candidate_unverified,"{""Access"":""unknown"",""Acquisition_Date"":""2026-09-01"",""Address"":"""",""Bidet_Presence"":""Unknown"",""Candidate_Priority"":""Medium"",""Candidate_Reason"":""Convenience store; restroom uncertain (shop=convenience)"",""Fee"":""unknown"",""Last_Source_Update"":""2014-06-27T06:28:29Z"",""Latitude"":9.3222196,""Longitude"":123.3047401,""Match_Confidence"":"""",""Match_Reason"":"""",""Name"":""Joy Store"",""Notes"":"""",""OSM_ID"":""2935076361"",""OSM_Type"":""node"",""Parent_Venue"":"""",""Restroom_Presence"":""Unknown"",""Restroom_Verification"":""candidate_unverified"",""Source"":""OSM"",""Source_ID"":""node/2935076361"",""Temporary_Record_ID"":""osm_node_2935076361"",""Venue_Category"":""convenience""}"
buttler_loc_c7868fafb232e636eb01,node/2935076363,OSM,node/2935076363,restroom_acquisition,Free Way Convenience Store,9.3211251,123.3034138,,unknown,unknown,Unknown,Unknown,candidate_unverified,"{""Access"":""unknown"",""Acquisition_Date"":""2026-09-01"",""Address"":"""",""Bidet_Presence"":""Unknown"",""Candidate_Priority"":""Medium"",""Candidate_Reason"":""Convenience store; restroom uncertain (shop=convenience)"",""Fee"":""unknown"",""Last_Source_Update"":""2014-06-27T07:50:53Z"",""Latitude"":9.3211251,""Longitude"":123.3034138,""Match_Confidence"":"""",""Match_Reason"":"""",""Name"":""Free Way Convenience Store"",""Notes"":"""",""OSM_ID"":""2935076363"",""OSM_Type"":""node"",""Parent_Venue"":"""",""Restroom_Presence"":""Unknown"",""Restroom_Verification"":""candidate_unverified"",""Source"":""OSM"",""Source_ID"":""node/2935076363"",""Temporary_Record_ID"":""osm_node_2935076363"",""Venue_Category"":""convenience""}"
buttler_loc_1299402d5737d6e2fc21,node/2935076366,OSM,node/2935076366,restroom_acquisition,Habhaban,9.3209061,123.3036614,,unknown,unknown,Unknown,Unknown,candidate_unverified,"{""Access"":""unknown"",""Acquisition_Date"":""2026-09-01"",""Address"":"""",""Bidet_Presence"":""Unknown"",""Candidate_Priority"":""High"",""Candidate_Reason"":""Restaurant or fast-food venue (amenity=fast_food)"",""Fee"":""unknown"",""Last_Source_Update"":""2025-02-14T12:29:49Z"",""Latitude"":9.3209061,""Longitude"":123.3036614,""Match_Confidence"":"""",""Match_Reason"":"""",""Name"":""Habhaban"",""Notes"":"""",""OSM_ID"":""2935076366"",""OSM_Type"":""node"",""Parent_Venue"":"""",""Restroom_Presence"":""Unknown"",""Restroom_Verification"":""candidate_unverified"",""Source"":""OSM"",""Source_ID"":""node/2935076366"",""Temporary_Record_ID"":""osm_node_2935076366"",""Venue_Category"":""food_major""}"
buttler_loc_3c7b409a9c64ca75800f,node/2935076367,OSM,node/2935076367,restroom_acquisition,Twilight Hub Internet Cafe,9.3209122,123.3037461,,unknown,unknown,Unknown,Unknown,candidate_unverified,"{""Access"":""unknown"",""Acquisition_Date"":""2026-09-01"",""Address"":"""",""Bidet_Presence"":""Unknown"",""Candidate_Priority"":""Medium"",""Candidate_Reason"":""Smaller entertainment venue (amenity=internet_cafe)"",""Fee"":""unknown"",""Last_Source_Update"":""2019-01-19T08:47:11Z"",""Latitude"":9.3209122,""Longitude"":123.3037461,""Match_Confidence"":"""",""Match_Reason"":"""",""Name"":""Twilight Hub Internet Cafe"",""Notes"":"""",""OSM_ID"":""2935076367"",""OSM_Type"":""node"",""Parent_Venue"":"""",""Restroom_Presence"":""Unknown"",""Restroom_Verification"":""candidate_unverified"",""Source"":""OSM"",""Source_ID"":""node/2935076367"",""Temporary_Record_ID"":""osm_node_2935076367"",""Venue_Category"":""entertainment_small""}"
buttler_loc_ef85390cd9cf2e9ddee0,node/2935124129,OSM,node/2935124129,restroom_acquisition,Manang Pina's Budbud,9.3052489,123.30642,,unknown,unknown,Unknown,Unknown,candidate_unverified,"{""Access"":""unknown"",""Acquisition_Date"":""2026-09-01"",""Address"":"""",""Bidet_Presence"":""Unknown"",""Candidate_Priority"":""High"",""Candidate_Reason"":""Restaurant or fast-food venue (amenity=fast_food)"",""Fee"":""unknown"",""Last_Source_Update"":""2025-03-08T01:46:21Z"",""Latitude"":9.3052489,""Longitude"":123.30642,""Match_Confidence"":"""",""Match_Reason"":"""",""Name"":""Manang Pina's Budbud"",""Notes"":"""",""OSM_ID"":""2935124129"",""OSM_Type"":""node"",""Parent_Venue"":"""",""Restroom_Presence"":""Unknown"",""Restroom_Verification"":""candidate_unverified"",""Source"":""OSM"",""Source_ID"":""node/2935124129"",""Temporary_Record_ID"":""osm_node_2935124129"",""Venue_Category"":""food_major""}"
buttler_loc_d03e257af6ed408ce675,node/2935137117,OSM,node/2935137117,restroom_acquisition,ARAP's Eatery,9.3264349,123.3070114,,unknown,unknown,Unknown,Unknown,candidate_unverified,"{""Access"":""unknown"",""Acquisition_Date"":""2026-09-01"",""Address"":"""",""Bidet_Presence"":""Unknown"",""Candidate_Priority"":""High"",""Candidate_Reason"":""Restaurant or fast-food venue (amenity=fast_food)"",""Fee"":""unknown"",""Last_Source_Update"":""2018-11-13T08:18:53Z"",""Latitude"":9.3264349,""Longitude"":123.3070114,""Match_Confidence"":"""",""Match_Reason"":"""",""Name"":""ARAP's Eatery"",""Notes"":"""",""OSM_ID"":""2935137117"",""OSM_Type"":""node"",""Parent_Venue"":"""",""Restroom_Presence"":""Unknown"",""Restroom_Verification"":""candidate_unverified"",""Source"":""OSM"",""Source_ID"":""node/2935137117"",""Temporary_Record_ID"":""osm_node_2935137117"",""Venue_Category"":""food_major""}"
buttler_loc_947e59491783cfdee207,node/2935143038,OSM,node/2935143038,restroom_acquisition,Ronald Sagun Dental Clinic,9.3199427,123.3070454,Hibbard Avenue,unknown,unknown,Unknown,Unknown,candidate_unverified,"{""Access"":""unknown"",""Acquisition_Date"":""2026-09-01"",""Address"":""Hibbard Avenue"",""Bidet_Presence"":""Unknown"",""Candidate_Priority"":""Medium"",""Candidate_Reason"":""Clinic; customer restroom plausible (amenity=dentist)"",""Fee"":""unknown"",""Last_Source_Update"":""2025-04-09T02:57:51Z"",""Latitude"":9.3199427,""Longitude"":123.3070454,""Match_Confidence"":"""",""Match_Reason"":"""",""Name"":""Ronald Sagun Dental Clinic"",""Notes"":"""",""OSM_ID"":""2935143038"",""OSM_Type"":""node"",""Parent_Venue"":"""",""Restroom_Presence"":""Unknown"",""Restroom_Verification"":""candidate_unverified"",""Source"":""OSM"",""Source_ID"":""node/2935143038"",""Temporary_Record_ID"":""osm_node_2935143038"",""Venue_Category"":""clinic""}"
buttler_loc_2186ea756131bd473d67,node/2936618694,OSM,node/2936618694,restroom_acquisition,Lourdes Teves' Painitan,9.305497,123.3064189,,unknown,unknown,Unknown,Unknown,candidate_unverified,"{""Access"":""unknown"",""Acquisition_Date"":""2026-09-01"",""Address"":"""",""Bidet_Presence"":""Unknown"",""Candidate_Priority"":""Medium"",""Candidate_Reason"":""Food/drink venue; restroom uncertain (amenity=cafe)"",""Fee"":""unknown"",""Last_Source_Update"":""2025-03-08T01:46:32Z"",""Latitude"":9.305497,""Longitude"":123.3064189,""Match_Confidence"":"""",""Match_Reason"":"""",""Name"":""Lourdes Teves' Painitan"",""Notes"":"""",""OSM_ID"":""2936618694"",""OSM_Type"":""node"",""Parent_Venue"":"""",""Restroom_Presence"":""Unknown"",""Restroom_Verification"":""candidate_unverified"",""Source"":""OSM"",""Source_ID"":""node/2936618694"",""Temporary_Record_ID"":""osm_node_2936618694"",""Venue_Category"":""food_drink""}"
buttler_loc_9952816f319ab1c801ee,node/2936618696,OSM,node/2936618696,restroom_acquisition,RM Guest House,9.3261274,123.2980431,Dumaguete,unknown,unknown,Unknown,Unknown,candidate_unverified,"{""Access"":""unknown"",""Acquisition_Date"":""2026-09-01"",""Address"":""Dumaguete"",""Bidet_Presence"":""Unknown"",""Candidate_Priority"":""High"",""Candidate_Reason"":""Substantial accommodation (tourism=guest_house)"",""Fee"":""unknown"",""Last_Source_Update"":""2025-06-03T13:48:22Z"",""Latitude"":9.3261274,""Longitude"":123.2980431,""Match_Confidence"":"""",""Match_Reason"":"""",""Name"":""RM Guest House"",""Notes"":"""",""OSM_ID"":""2936618696"",""OSM_Type"":""node"",""Parent_Venue"":"""",""Restroom_Presence"":""Unknown"",""Restroom_Verification"":""candidate_unverified"",""Source"":""OSM"",""Source_ID"":""node/2936618696"",""Temporary_Record_ID"":""osm_node_2936618696"",""Venue_Category"":""accommodation""}"
buttler_loc_35fc0820ce1c563f2c61,node/2936618698,OSM,node/2936618698,restroom_acquisition,Soban Korean Restaurant,9.3218088,123.2992921,,unknown,unknown,Unknown,Unknown,candidate_unverified,"{""Access"":""unknown"",""Acquisition_Date"":""2026-09-01"",""Address"":"""",""Bidet_Presence"":""Unknown"",""Candidate_Priority"":""High"",""Candidate_Reason"":""Restaurant or fast-food venue (amenity=restaurant)"",""Fee"":""unknown"",""Last_Source_Update"":""2025-02-12T02:34:55Z"",""Latitude"":9.3218088,""Longitude"":123.2992921,""Match_Confidence"":"""",""Match_Reason"":"""",""Name"":""Soban Korean Restaurant"",""Notes"":"""",""OSM_ID"":""2936618698"",""OSM_Type"":""node"",""Parent_Venue"":"""",""Restroom_Presence"":""Unknown"",""Restroom_Verification"":""candidate_unverified"",""Source"":""OSM"",""Source_ID"":""node/2936618698"",""Temporary_Record_ID"":""osm_node_2936618698"",""Venue_Category"":""food_major""}"
buttler_loc_4fb116ddbe962ef3849a,node/2936618699,OSM,node/2936618699,restroom_acquisition,Natividad's Painitan,9.3056353,123.3064123,,unknown,unknown,Unknown,Unknown,candidate_unverified,"{""Access"":""unknown"",""Acquisition_Date"":""2026-09-01"",""Address"":"""",""Bidet_Presence"":""Unknown"",""Candidate_Priority"":""Medium"",""Candidate_Reason"":""Food/drink venue; restroom uncertain (amenity=cafe)"",""Fee"":""unknown"",""Last_Source_Update"":""2025-03-08T01:46:03Z"",""Latitude"":9.3056353,""Longitude"":123.3064123,""Match_Confidence"":"""",""Match_Reason"":"""",""Name"":""Natividad's Painitan"",""Notes"":"""",""OSM_ID"":""2936618699"",""OSM_Type"":""node"",""Parent_Venue"":"""",""Restroom_Presence"":""Unknown"",""Restroom_Verification"":""candidate_unverified"",""Source"":""OSM"",""Source_ID"":""node/2936618699"",""Temporary_Record_ID"":""osm_node_2936618699"",""Venue_Category"":""food_drink""}"
buttler_loc_177f7833347795d6e7c2,node/2938372953,OSM,node/2938372953,restroom_acquisition,Mameng's Painitan,9.3055486,123.3064117,,unknown,unknown,Unknown,Unknown,candidate_unverified,"{""Access"":""unknown"",""Acquisition_Date"":""2026-09-01"",""Address"":"""",""Bidet_Presence"":""Unknown"",""Candidate_Priority"":""Medium"",""Candidate_Reason"":""Food/drink venue; restroom uncertain (amenity=cafe)"",""Fee"":""unknown"",""Last_Source_Update"":""2025-03-08T01:46:06Z"",""Latitude"":9.3055486,""Longitude"":123.3064117,""Match_Confidence"":"""",""Match_Reason"":"""",""Name"":""Mameng's Painitan"",""Notes"":"""",""OSM_ID"":""2938372953"",""OSM_Type"":""node"",""Parent_Venue"":"""",""Restroom_Presence"":""Unknown"",""Restroom_Verification"":""candidate_unverified"",""Source"":""OSM"",""Source_ID"":""node/2938372953"",""Temporary_Record_ID"":""osm_node_2938372953"",""Venue_Category"":""food_drink""}"
buttler_loc_ab71776ecc5bc6d52b4b,node/2938372958,OSM,node/2938372958,restroom_acquisition,The Bean Connection,9.3082154,123.3078763,,unknown,unknown,Unknown,Unknown,candidate_unverified,"{""Access"":""unknown"",""Acquisition_Date"":""2026-09-01"",""Address"":"""",""Bidet_Presence"":""Unknown"",""Candidate_Priority"":""Medium"",""Candidate_Reason"":""Food/drink venue; restroom uncertain (amenity=cafe)"",""Fee"":""unknown"",""Last_Source_Update"":""2025-02-26T11:29:36Z"",""Latitude"":9.3082154,""Longitude"":123.3078763,""Match_Confidence"":"""",""Match_Reason"":"""",""Name"":""The Bean Connection"",""Notes"":"""",""OSM_ID"":""2938372958"",""OSM_Type"":""node"",""Parent_Venue"":"""",""Restroom_Presence"":""Unknown"",""Restroom_Verification"":""candidate_unverified"",""Source"":""OSM"",""Source_ID"":""node/2938372958"",""Temporary_Record_ID"":""osm_node_2938372958"",""Venue_Category"":""food_drink""}"
buttler_loc_a6eb50c72fceaeae3477,node/2938372959,OSM,node/2938372959,restroom_acquisition,The Bean Connection,9.3104204,123.3071484,"Silliman Avenue, Dumaguete",unknown,unknown,Unknown,Unknown,candidate_unverified,"{""Access"":""unknown"",""Acquisition_Date"":""2026-09-01"",""Address"":""Silliman Avenue, Dumaguete"",""Bidet_Presence"":""Unknown"",""Candidate_Priority"":""Medium"",""Candidate_Reason"":""Food/drink venue; restroom uncertain (amenity=cafe)"",""Fee"":""unknown"",""Last_Source_Update"":""2025-04-09T01:17:58Z"",""Latitude"":9.3104204,""Longitude"":123.3071484,""Match_Confidence"":"""",""Match_Reason"":"""",""Name"":""The Bean Connection"",""Notes"":"""",""OSM_ID"":""2938372959"",""OSM_Type"":""node"",""Parent_Venue"":""Silliman Portal West"",""Restroom_Presence"":""Unknown"",""Restroom_Verification"":""candidate_unverified"",""Source"":""OSM"",""Source_ID"":""node/2938372959"",""Temporary_Record_ID"":""osm_node_2938372959"",""Venue_Category"":""food_drink""}"
buttler_loc_d3f5283feca6b1d8f92a,node/2938372960,OSM,node/2938372960,restroom_acquisition,Veling's Painitan,9.3055856,123.3064146,,unknown,unknown,Unknown,Unknown,candidate_unverified,"{""Access"":""unknown"",""Acquisition_Date"":""2026-09-01"",""Address"":"""",""Bidet_Presence"":""Unknown"",""Candidate_Priority"":""Medium"",""Candidate_Reason"":""Food/drink venue; restroom uncertain (amenity=cafe)"",""Fee"":""unknown"",""Last_Source_Update"":""2025-03-08T01:45:57Z"",""Latitude"":9.3055856,""Longitude"":123.3064146,""Match_Confidence"":"""",""Match_Reason"":"""",""Name"":""Veling's Painitan"",""Notes"":"""",""OSM_ID"":""2938372960"",""OSM_Type"":""node"",""Parent_Venue"":"""",""Restroom_Presence"":""Unknown"",""Restroom_Verification"":""candidate_unverified"",""Source"":""OSM"",""Source_ID"":""node/2938372960"",""Temporary_Record_ID"":""osm_node_2938372960"",""Venue_Category"":""food_drink""}"
buttler_loc_799dff297abb6c016ff2,node/2938372991,OSM,node/2938372991,restroom_acquisition,AMA Computer College,9.3086058,123.307776,,unknown,unknown,Unknown,Unknown,candidate_unverified,"{""Access"":""unknown"",""Acquisition_Date"":""2026-09-01"",""Address"":"""",""Bidet_Presence"":""Unknown"",""Candidate_Priority"":""High"",""Candidate_Reason"":""University or college (amenity=college)"",""Fee"":""unknown"",""Last_Source_Update"":""2025-08-19T01:41:47Z"",""Latitude"":9.3086058,""Longitude"":123.307776,""Match_Confidence"":"""",""Match_Reason"":"""",""Name"":""AMA Computer College"",""Notes"":"""",""OSM_ID"":""2938372991"",""OSM_Type"":""node"",""Parent_Venue"":"""",""Restroom_Presence"":""Unknown"",""Restroom_Verification"":""candidate_unverified"",""Source"":""OSM"",""Source_ID"":""node/2938372991"",""Temporary_Record_ID"":""osm_node_2938372991"",""Venue_Category"":""higher_education""}"
buttler_loc_506e82515e634a27d685,node/2938527193,OSM,node/2938527193,restroom_acquisition,Taco Surf Steaks and Sushi Bar,9.3208128,123.3123794,,unknown,unknown,Unknown,Unknown,candidate_unverified,"{""Access"":""unknown"",""Acquisition_Date"":""2026-09-01"",""Address"":"""",""Bidet_Presence"":""Unknown"",""Candidate_Priority"":""High"",""Candidate_Reason"":""Restaurant or fast-food venue (amenity=restaurant)"",""Fee"":""unknown"",""Last_Source_Update"":""2018-11-13T08:18:53Z"",""Latitude"":9.3208128,""Longitude"":123.3123794,""Match_Confidence"":"""",""Match_Reason"":"""",""Name"":""Taco Surf Steaks and Sushi Bar"",""Notes"":"""",""OSM_ID"":""2938527193"",""OSM_Type"":""node"",""Parent_Venue"":"""",""Restroom_Presence"":""Unknown"",""Restroom_Verification"":""candidate_unverified"",""Source"":""OSM"",""Source_ID"":""node/2938527193"",""Temporary_Record_ID"":""osm_node_2938527193"",""Venue_Category"":""food_major""}"
buttler_loc_9bf7124ed6ab16b0dfc5,node/2940102601,OSM,node/2940102601,restroom_acquisition,Crispy King,9.3101771,123.3068455,Dumaguete,unknown,unknown,Unknown,Unknown,candidate_unverified,"{""Access"":""unknown"",""Acquisition_Date"":""2026-09-01"",""Address"":""Dumaguete"",""Bidet_Presence"":""Unknown"",""Candidate_Priority"":""High"",""Candidate_Reason"":""Restaurant or fast-food venue (amenity=fast_food)"",""Fee"":""unknown"",""Last_Source_Update"":""2025-02-23T01:14:49Z"",""Latitude"":9.3101771,""Longitude"":123.3068455,""Match_Confidence"":"""",""Match_Reason"":"""",""Name"":""Crispy King"",""Notes"":"""",""OSM_ID"":""2940102601"",""OSM_Type"":""node"",""Parent_Venue"":"""",""Restroom_Presence"":""Unknown"",""Restroom_Verification"":""candidate_unverified"",""Source"":""OSM"",""Source_ID"":""node/2940102601"",""Temporary_Record_ID"":""osm_node_2940102601"",""Venue_Category"":""food_major""}"
buttler_loc_55d23a698d635db9b3e2,node/2943352533,OSM,node/2943352533,restroom_acquisition,Café Mamia,9.3081574,123.3089091,San Jose Street,unknown,unknown,Unknown,Unknown,candidate_unverified,"{""Access"":""unknown"",""Acquisition_Date"":""2026-09-01"",""Address"":""San Jose Street"",""Bidet_Presence"":""Unknown"",""Candidate_Priority"":""Medium"",""Candidate_Reason"":""Food/drink venue; restroom uncertain (amenity=cafe)"",""Fee"":""unknown"",""Last_Source_Update"":""2026-03-19T04:28:27Z"",""Latitude"":9.3081574,""Longitude"":123.3089091,""Match_Confidence"":"""",""Match_Reason"":"""",""Name"":""Café Mamia"",""Notes"":"""",""OSM_ID"":""2943352533"",""OSM_Type"":""node"",""Parent_Venue"":"""",""Restroom_Presence"":""Unknown"",""Restroom_Verification"":""candidate_unverified"",""Source"":""OSM"",""Source_ID"":""node/2943352533"",""Temporary_Record_ID"":""osm_node_2943352533"",""Venue_Category"":""food_drink""}"
buttler_loc_65b26b46d8f27441b259,node/2943986116,OSM,node/2943986116,restroom_acquisition,Greenwich,9.3070218,123.3075492,,unknown,unknown,Unknown,Unknown,candidate_unverified,"{""Access"":""unknown"",""Acquisition_Date"":""2026-09-01"",""Address"":"""",""Bidet_Presence"":""Unknown"",""Candidate_Priority"":""High"",""Candidate_Reason"":""Restaurant or fast-food venue (amenity=fast_food)"",""Fee"":""unknown"",""Last_Source_Update"":""2025-02-19T03:27:51Z"",""Latitude"":9.3070218,""Longitude"":123.3075492,""Match_Confidence"":"""",""Match_Reason"":"""",""Name"":""Greenwich"",""Notes"":"""",""OSM_ID"":""2943986116"",""OSM_Type"":""node"",""Parent_Venue"":"""",""Restroom_Presence"":""Unknown"",""Restroom_Verification"":""candidate_unverified"",""Source"":""OSM"",""Source_ID"":""node/2943986116"",""Temporary_Record_ID"":""osm_node_2943986116"",""Venue_Category"":""food_major""}"
buttler_loc_daabfa048d8644f8bfdf,node/2943991660,OSM,node/2943991660,restroom_acquisition,2 Story Kitchen,9.3077971,123.3088297,,unknown,unknown,Unknown,Unknown,candidate_unverified,"{""Access"":""unknown"",""Acquisition_Date"":""2026-09-01"",""Address"":"""",""Bidet_Presence"":""Unknown"",""Candidate_Priority"":""Medium"",""Candidate_Reason"":""Food/drink venue; restroom uncertain (amenity=cafe)"",""Fee"":""unknown"",""Last_Source_Update"":""2025-02-13T01:24:00Z"",""Latitude"":9.3077971,""Longitude"":123.3088297,""Match_Confidence"":"""",""Match_Reason"":"""",""Name"":""2 Story Kitchen"",""Notes"":"""",""OSM_ID"":""2943991660"",""OSM_Type"":""node"",""Parent_Venue"":"""",""Restroom_Presence"":""Unknown"",""Restroom_Verification"":""candidate_unverified"",""Source"":""OSM"",""Source_ID"":""node/2943991660"",""Temporary_Record_ID"":""osm_node_2943991660"",""Venue_Category"":""food_drink""}"
buttler_loc_23c72052aee02f4ca125,node/2945115311,OSM,node/2945115311,restroom_acquisition,Ayang's Place,9.3257629,123.3011149,,unknown,unknown,Unknown,Unknown,candidate_unverified,"{""Access"":""unknown"",""Acquisition_Date"":""2026-09-01"",""Address"":"""",""Bidet_Presence"":""Unknown"",""Candidate_Priority"":""High"",""Candidate_Reason"":""Substantial accommodation (tourism=guest_house)"",""Fee"":""unknown"",""Last_Source_Update"":""2025-03-21T09:02:38Z"",""Latitude"":9.3257629,""Longitude"":123.3011149,""Match_Confidence"":"""",""Match_Reason"":"""",""Name"":""Ayang's Place"",""Notes"":"""",""OSM_ID"":""2945115311"",""OSM_Type"":""node"",""Parent_Venue"":"""",""Restroom_Presence"":""Unknown"",""Restroom_Verification"":""candidate_unverified"",""Source"":""OSM"",""Source_ID"":""node/2945115311"",""Temporary_Record_ID"":""osm_node_2945115311"",""Venue_Category"":""accommodation""}"
buttler_loc_5039710cc68b247bfad9,node/2945115316,OSM,node/2945115316,restroom_acquisition,Galing Kapé,9.3261431,123.2981402,,unknown,unknown,Unknown,Unknown,candidate_unverified,"{""Access"":""unknown"",""Acquisition_Date"":""2026-09-01"",""Address"":"""",""Bidet_Presence"":""Unknown"",""Candidate_Priority"":""Medium"",""Candidate_Reason"":""Food/drink venue; restroom uncertain (amenity=cafe)"",""Fee"":""unknown"",""Last_Source_Update"":""2025-02-15T08:42:08Z"",""Latitude"":9.3261431,""Longitude"":123.2981402,""Match_Confidence"":"""",""Match_Reason"":"""",""Name"":""Galing Kapé"",""Notes"":"""",""OSM_ID"":""2945115316"",""OSM_Type"":""node"",""Parent_Venue"":"""",""Restroom_Presence"":""Unknown"",""Restroom_Verification"":""candidate_unverified"",""Source"":""OSM"",""Source_ID"":""node/2945115316"",""Temporary_Record_ID"":""osm_node_2945115316"",""Venue_Category"":""food_drink""}"
buttler_loc_dbd90528faf512e7d593,node/2945115321,OSM,node/2945115321,restroom_acquisition,Paklayan,9.3238651,123.2990825,,unknown,unknown,Unknown,Unknown,candidate_unverified,"{""Access"":""unknown"",""Acquisition_Date"":""2026-09-01"",""Address"":"""",""Bidet_Presence"":""Unknown"",""Candidate_Priority"":""High"",""Candidate_Reason"":""Restaurant or fast-food venue (amenity=fast_food)"",""Fee"":""unknown"",""Last_Source_Update"":""2025-06-29T01:30:56Z"",""Latitude"":9.3238651,""Longitude"":123.2990825,""Match_Confidence"":"""",""Match_Reason"":"""",""Name"":""Paklayan"",""Notes"":"""",""OSM_ID"":""2945115321"",""OSM_Type"":""node"",""Parent_Venue"":"""",""Restroom_Presence"":""Unknown"",""Restroom_Verification"":""candidate_unverified"",""Source"":""OSM"",""Source_ID"":""node/2945115321"",""Temporary_Record_ID"":""osm_node_2945115321"",""Venue_Category"":""food_major""}"
buttler_loc_c088c423bd30f4778a4a,node/2945115861,OSM,node/2945115861,restroom_acquisition,Harvey's Grill,9.3263693,123.2998386,,unknown,unknown,Unknown,Unknown,candidate_unverified,"{""Access"":""unknown"",""Acquisition_Date"":""2026-09-01"",""Address"":"""",""Bidet_Presence"":""Unknown"",""Candidate_Priority"":""High"",""Candidate_Reason"":""Restaurant or fast-food venue (amenity=restaurant)"",""Fee"":""unknown"",""Last_Source_Update"":""2026-04-06T14:57:11Z"",""Latitude"":9.3263693,""Longitude"":123.2998386,""Match_Confidence"":"""",""Match_Reason"":"""",""Name"":""Harvey's Grill"",""Notes"":"""",""OSM_ID"":""2945115861"",""OSM_Type"":""node"",""Parent_Venue"":"""",""Restroom_Presence"":""Unknown"",""Restroom_Verification"":""candidate_unverified"",""Source"":""OSM"",""Source_ID"":""node/2945115861"",""Temporary_Record_ID"":""osm_node_2945115861"",""Venue_Category"":""food_major""}"
buttler_loc_ff413e2ea50186eb812a,node/2945115862,OSM,node/2945115862,restroom_acquisition,Unnamed venue,9.3263693,123.2998766,,unknown,unknown,Unknown,Unknown,candidate_unverified,"{""Access"":""unknown"",""Acquisition_Date"":""2026-09-01"",""Address"":"""",""Bidet_Presence"":""Unknown"",""Candidate_Priority"":""Medium"",""Candidate_Reason"":""Convenience store; restroom uncertain (shop=convenience)"",""Fee"":""unknown"",""Last_Source_Update"":""2014-07-03T03:17:27Z"",""Latitude"":9.3263693,""Longitude"":123.2998766,""Match_Confidence"":"""",""Match_Reason"":"""",""Name"":""Unnamed venue"",""Notes"":"""",""OSM_ID"":""2945115862"",""OSM_Type"":""node"",""Parent_Venue"":"""",""Restroom_Presence"":""Unknown"",""Restroom_Verification"":""candidate_unverified"",""Source"":""OSM"",""Source_ID"":""node/2945115862"",""Temporary_Record_ID"":""osm_node_2945115862"",""Venue_Category"":""convenience""}"
buttler_loc_8f4ab583f4bee9efe4e6,node/2953625004,OSM,node/2953625004,restroom_acquisition,Aling Nenita Store,9.3036875,123.3062198,,unknown,unknown,Unknown,Unknown,candidate_unverified,"{""Access"":""unknown"",""Acquisition_Date"":""2026-09-01"",""Address"":"""",""Bidet_Presence"":""Unknown"",""Candidate_Priority"":""Medium"",""Candidate_Reason"":""Convenience store; restroom uncertain (shop=convenience)"",""Fee"":""unknown"",""Last_Source_Update"":""2014-07-08T02:05:11Z"",""Latitude"":9.3036875,""Longitude"":123.3062198,""Match_Confidence"":"""",""Match_Reason"":"""",""Name"":""Aling Nenita Store"",""Notes"":"""",""OSM_ID"":""2953625004"",""OSM_Type"":""node"",""Parent_Venue"":"""",""Restroom_Presence"":""Unknown"",""Restroom_Verification"":""candidate_unverified"",""Source"":""OSM"",""Source_ID"":""node/2953625004"",""Temporary_Record_ID"":""osm_node_2953625004"",""Venue_Category"":""convenience""}"
buttler_loc_ead056cf1076871722e6,node/2953628292,OSM,node/2953628292,restroom_acquisition,Clinique Alonso Asthetic Cosmetic Surgery,9.3197751,123.3072429,Hibbard Avenue,unknown,unknown,Unknown,Unknown,candidate_unverified,"{""Access"":""unknown"",""Acquisition_Date"":""2026-09-01"",""Address"":""Hibbard Avenue"",""Bidet_Presence"":""Unknown"",""Candidate_Priority"":""Medium"",""Candidate_Reason"":""Clinic; customer restroom plausible (amenity=doctors)"",""Fee"":""unknown"",""Last_Source_Update"":""2025-04-09T02:55:24Z"",""Latitude"":9.3197751,""Longitude"":123.3072429,""Match_Confidence"":"""",""Match_Reason"":"""",""Name"":""Clinique Alonso Asthetic Cosmetic Surgery"",""Notes"":"""",""OSM_ID"":""2953628292"",""OSM_Type"":""node"",""Parent_Venue"":""way/396492751"",""Restroom_Presence"":""Unknown"",""Restroom_Verification"":""candidate_unverified"",""Source"":""OSM"",""Source_ID"":""node/2953628292"",""Temporary_Record_ID"":""osm_node_2953628292"",""Venue_Category"":""clinic""}"
buttler_loc_eede1b1fdf81e3b38355,node/2953628293,OSM,node/2953628293,restroom_acquisition,Sinus Clinic Varicose Theraphy,9.3197625,123.3072703,Hibbard Avenue,unknown,unknown,Unknown,Unknown,candidate_unverified,"{""Access"":""unknown"",""Acquisition_Date"":""2026-09-01"",""Address"":""Hibbard Avenue"",""Bidet_Presence"":""Unknown"",""Candidate_Priority"":""Medium"",""Candidate_Reason"":""Clinic; customer restroom plausible (amenity=doctors)"",""Fee"":""unknown"",""Last_Source_Update"":""2025-04-09T02:55:24Z"",""Latitude"":9.3197625,""Longitude"":123.3072703,""Match_Confidence"":"""",""Match_Reason"":"""",""Name"":""Sinus Clinic Varicose Theraphy"",""Notes"":"""",""OSM_ID"":""2953628293"",""OSM_Type"":""node"",""Parent_Venue"":""way/396492751"",""Restroom_Presence"":""Unknown"",""Restroom_Verification"":""candidate_unverified"",""Source"":""OSM"",""Source_ID"":""node/2953628293"",""Temporary_Record_ID"":""osm_node_2953628293"",""Venue_Category"":""clinic""}"
buttler_loc_b361c901ad069eefa455,node/2953631334,OSM,node/2953631334,restroom_acquisition,Food Span,9.3201352,123.3070255,Hibbard Avenue,unknown,unknown,Unknown,Unknown,candidate_unverified,"{""Access"":""unknown"",""Acquisition_Date"":""2026-09-01"",""Address"":""Hibbard Avenue"",""Bidet_Presence"":""Unknown"",""Candidate_Priority"":""High"",""Candidate_Reason"":""Restaurant or fast-food venue (amenity=restaurant)"",""Fee"":""unknown"",""Last_Source_Update"":""2025-04-09T02:57:51Z"",""Latitude"":9.3201352,""Longitude"":123.3070255,""Match_Confidence"":"""",""Match_Reason"":"""",""Name"":""Food Span"",""Notes"":"""",""OSM_ID"":""2953631334"",""OSM_Type"":""node"",""Parent_Venue"":"""",""Restroom_Presence"":""Unknown"",""Restroom_Verification"":""candidate_unverified"",""Source"":""OSM"",""Source_ID"":""node/2953631334"",""Temporary_Record_ID"":""osm_node_2953631334"",""Venue_Category"":""food_major""}"
buttler_loc_460adfd8e996872005b7,node/2953631335,OSM,node/2953631335,restroom_acquisition,Diagcare,9.3194612,123.3069327,Hibbard Avenue,unknown,unknown,Unknown,Unknown,candidate_unverified,"{""Access"":""unknown"",""Acquisition_Date"":""2026-09-01"",""Address"":""Hibbard Avenue"",""Bidet_Presence"":""Unknown"",""Candidate_Priority"":""Medium"",""Candidate_Reason"":""Clinic; customer restroom plausible (amenity=doctors)"",""Fee"":""unknown"",""Last_Source_Update"":""2025-04-09T02:55:24Z"",""Latitude"":9.3194612,""Longitude"":123.3069327,""Match_Confidence"":"""",""Match_Reason"":"""",""Name"":""Diagcare"",""Notes"":"""",""OSM_ID"":""2953631335"",""OSM_Type"":""node"",""Parent_Venue"":"""",""Restroom_Presence"":""Unknown"",""Restroom_Verification"":""candidate_unverified"",""Source"":""OSM"",""Source_ID"":""node/2953631335"",""Temporary_Record_ID"":""osm_node_2953631335"",""Venue_Category"":""clinic""}"
buttler_loc_025346ba9f19e2aea190,node/2953702369,OSM,node/2953702369,restroom_acquisition,Julrick Store,9.3211104,123.3058276,,unknown,unknown,Unknown,Unknown,candidate_unverified,"{""Access"":""unknown"",""Acquisition_Date"":""2026-09-01"",""Address"":"""",""Bidet_Presence"":""Unknown"",""Candidate_Priority"":""Medium"",""Candidate_Reason"":""Convenience store; restroom uncertain (shop=convenience)"",""Fee"":""unknown"",""Last_Source_Update"":""2014-07-08T06:01:32Z"",""Latitude"":9.3211104,""Longitude"":123.3058276,""Match_Confidence"":"""",""Match_Reason"":"""",""Name"":""Julrick Store"",""Notes"":"""",""OSM_ID"":""2953702369"",""OSM_Type"":""node"",""Parent_Venue"":"""",""Restroom_Presence"":""Unknown"",""Restroom_Verification"":""candidate_unverified"",""Source"":""OSM"",""Source_ID"":""node/2953702369"",""Temporary_Record_ID"":""osm_node_2953702369"",""Venue_Category"":""convenience""}"
buttler_loc_8c565b0a79fd5b7b7c63,node/2953702370,OSM,node/2953702370,restroom_acquisition,Yummy Bites Eatery,9.3227848,123.302763,,unknown,unknown,Unknown,Unknown,candidate_unverified,"{""Access"":""unknown"",""Acquisition_Date"":""2026-09-01"",""Address"":"""",""Bidet_Presence"":""Unknown"",""Candidate_Priority"":""High"",""Candidate_Reason"":""Restaurant or fast-food venue (amenity=fast_food)"",""Fee"":""unknown"",""Last_Source_Update"":""2019-08-02T03:28:46Z"",""Latitude"":9.3227848,""Longitude"":123.302763,""Match_Confidence"":"""",""Match_Reason"":"""",""Name"":""Yummy Bites Eatery"",""Notes"":"""",""OSM_ID"":""2953702370"",""OSM_Type"":""node"",""Parent_Venue"":"""",""Restroom_Presence"":""Unknown"",""Restroom_Verification"":""candidate_unverified"",""Source"":""OSM"",""Source_ID"":""node/2953702370"",""Temporary_Record_ID"":""osm_node_2953702370"",""Venue_Category"":""food_major""}"
buttler_loc_582f99fcf5df45c44d59,node/2956655637,OSM,node/2956655637,restroom_acquisition,Chu Segura Dental Clinic,9.3110004,123.3047033,Jose Pro Teves Street,unknown,unknown,Unknown,Unknown,candidate_unverified,"{""Access"":""unknown"",""Acquisition_Date"":""2026-09-01"",""Address"":""Jose Pro Teves Street"",""Bidet_Presence"":""Unknown"",""Candidate_Priority"":""Medium"",""Candidate_Reason"":""Clinic; customer restroom plausible (amenity=dentist)"",""Fee"":""unknown"",""Last_Source_Update"":""2021-12-14T00:25:01Z"",""Latitude"":9.3110004,""Longitude"":123.3047033,""Match_Confidence"":"""",""Match_Reason"":"""",""Name"":""Chu Segura Dental Clinic"",""Notes"":"""",""OSM_ID"":""2956655637"",""OSM_Type"":""node"",""Parent_Venue"":"""",""Restroom_Presence"":""Unknown"",""Restroom_Verification"":""candidate_unverified"",""Source"":""OSM"",""Source_ID"":""node/2956655637"",""Temporary_Record_ID"":""osm_node_2956655637"",""Venue_Category"":""clinic""}"
buttler_loc_42b6f0da3599a3411ef5,node/3479048935,OSM,node/3479048935,restroom_acquisition,Cafe Laguna,9.3080109,123.3082099,San Jose Street,unknown,unknown,Unknown,Unknown,candidate_unverified,"{""Access"":""unknown"",""Acquisition_Date"":""2026-09-01"",""Address"":""San Jose Street"",""Bidet_Presence"":""Unknown"",""Candidate_Priority"":""Medium"",""Candidate_Reason"":""Food/drink venue; restroom uncertain (amenity=cafe)"",""Fee"":""unknown"",""Last_Source_Update"":""2025-02-14T12:45:46Z"",""Latitude"":9.3080109,""Longitude"":123.3082099,""Match_Confidence"":"""",""Match_Reason"":"""",""Name"":""Cafe Laguna"",""Notes"":"""",""OSM_ID"":""3479048935"",""OSM_Type"":""node"",""Parent_Venue"":"""",""Restroom_Presence"":""Unknown"",""Restroom_Verification"":""candidate_unverified"",""Source"":""OSM"",""Source_ID"":""node/3479048935"",""Temporary_Record_ID"":""osm_node_3479048935"",""Venue_Category"":""food_drink""}"
buttler_loc_c26dd0c493dc84d87a1c,node/3492623180,OSM,node/3492623180,restroom_acquisition,Cafe Oppa,9.3086623,123.3089701,,unknown,unknown,Unknown,Unknown,candidate_unverified,"{""Access"":""unknown"",""Acquisition_Date"":""2026-09-01"",""Address"":"""",""Bidet_Presence"":""Unknown"",""Candidate_Priority"":""Medium"",""Candidate_Reason"":""Food/drink venue; restroom uncertain (amenity=cafe)"",""Fee"":""unknown"",""Last_Source_Update"":""2025-03-08T01:48:37Z"",""Latitude"":9.3086623,""Longitude"":123.3089701,""Match_Confidence"":"""",""Match_Reason"":"""",""Name"":""Cafe Oppa"",""Notes"":"""",""OSM_ID"":""3492623180"",""OSM_Type"":""node"",""Parent_Venue"":"""",""Restroom_Presence"":""Unknown"",""Restroom_Verification"":""candidate_unverified"",""Source"":""OSM"",""Source_ID"":""node/3492623180"",""Temporary_Record_ID"":""osm_node_3492623180"",""Venue_Category"":""food_drink""}"
buttler_loc_1c2bc33a7b97e08ed731,node/3492623219,OSM,node/3492623219,restroom_acquisition,Mifune,9.3083012,123.3088536,Santa Catalina Street,unknown,unknown,Unknown,Unknown,candidate_unverified,"{""Access"":""unknown"",""Acquisition_Date"":""2026-09-01"",""Address"":""Santa Catalina Street"",""Bidet_Presence"":""Unknown"",""Candidate_Priority"":""High"",""Candidate_Reason"":""Restaurant or fast-food venue (amenity=restaurant)"",""Fee"":""unknown"",""Last_Source_Update"":""2025-04-08T09:14:51Z"",""Latitude"":9.3083012,""Longitude"":123.3088536,""Match_Confidence"":"""",""Match_Reason"":"""",""Name"":""Mifune"",""Notes"":"""",""OSM_ID"":""3492623219"",""OSM_Type"":""node"",""Parent_Venue"":"""",""Restroom_Presence"":""Unknown"",""Restroom_Verification"":""candidate_unverified"",""Source"":""OSM"",""Source_ID"":""node/3492623219"",""Temporary_Record_ID"":""osm_node_3492623219"",""Venue_Category"":""food_major""}"
buttler_loc_f42003e6e1a5e2caa7de,node/3500824703,OSM,node/3500824703,restroom_acquisition,Cafe Filomena,9.3064718,123.3099897,,unknown,unknown,Unknown,Unknown,candidate_unverified,"{""Access"":""unknown"",""Acquisition_Date"":""2026-09-01"",""Address"":"""",""Bidet_Presence"":""Unknown"",""Candidate_Priority"":""High"",""Candidate_Reason"":""Restaurant or fast-food venue (amenity=fast_food)"",""Fee"":""unknown"",""Last_Source_Update"":""2025-02-26T06:31:34Z"",""Latitude"":9.3064718,""Longitude"":123.3099897,""Match_Confidence"":"""",""Match_Reason"":"""",""Name"":""Cafe Filomena"",""Notes"":"""",""OSM_ID"":""3500824703"",""OSM_Type"":""node"",""Parent_Venue"":"""",""Restroom_Presence"":""Unknown"",""Restroom_Verification"":""candidate_unverified"",""Source"":""OSM"",""Source_ID"":""node/3500824703"",""Temporary_Record_ID"":""osm_node_3500824703"",""Venue_Category"":""food_major""}"
buttler_loc_a7d2a965f2295a70d824,node/3702521725,OSM,node/3702521725,restroom_acquisition,El Amigo Resto Bar,9.31036,123.3086491,,unknown,unknown,Unknown,Unknown,candidate_unverified,"{""Access"":""unknown"",""Acquisition_Date"":""2026-09-01"",""Address"":"""",""Bidet_Presence"":""Unknown"",""Candidate_Priority"":""High"",""Candidate_Reason"":""Restaurant or fast-food venue (amenity=restaurant)"",""Fee"":""unknown"",""Last_Source_Update"":""2025-03-08T10:53:38Z"",""Latitude"":9.31036,""Longitude"":123.3086491,""Match_Confidence"":""high"",""Match_Reason"":""Near-identical normalized name (100.0%) and 8.4m separation; merged way/366273173"",""Name"":""El Amigo Resto Bar"",""Notes"":"""",""OSM_ID"":""3702521725"",""OSM_Type"":""node"",""Parent_Venue"":"""",""Restroom_Presence"":""Unknown"",""Restroom_Verification"":""candidate_unverified"",""Source"":""OSM"",""Source_ID"":""node/3702521725"",""Temporary_Record_ID"":""osm_node_3702521725"",""Venue_Category"":""food_major""}"
buttler_loc_5ac179da166afbafed74,node/3707395412,OSM,node/3707395412,restroom_acquisition,Negros Oriental Hotel,9.3126119,123.3003785,Kagawasan Avenue,unknown,unknown,Unknown,Unknown,candidate_unverified,"{""Access"":""unknown"",""Acquisition_Date"":""2026-09-01"",""Address"":""Kagawasan Avenue"",""Bidet_Presence"":""Unknown"",""Candidate_Priority"":""High"",""Candidate_Reason"":""Substantial accommodation (tourism=hostel)"",""Fee"":""unknown"",""Last_Source_Update"":""2025-04-04T08:03:38Z"",""Latitude"":9.3126119,""Longitude"":123.3003785,""Match_Confidence"":"""",""Match_Reason"":"""",""Name"":""Negros Oriental Hotel"",""Notes"":"""",""OSM_ID"":""3707395412"",""OSM_Type"":""node"",""Parent_Venue"":"""",""Restroom_Presence"":""Unknown"",""Restroom_Verification"":""candidate_unverified"",""Source"":""OSM"",""Source_ID"":""node/3707395412"",""Temporary_Record_ID"":""osm_node_3707395412"",""Venue_Category"":""accommodation""}"
buttler_loc_927189894f0082c0832c,node/3707422534,OSM,node/3707422534,restroom_acquisition,Blue Dream Pension Haus,9.2823086,123.2972098,,unknown,unknown,Unknown,Unknown,candidate_unverified,"{""Access"":""unknown"",""Acquisition_Date"":""2026-09-01"",""Address"":"""",""Bidet_Presence"":""Unknown"",""Candidate_Priority"":""High"",""Candidate_Reason"":""Substantial accommodation (tourism=motel)"",""Fee"":""unknown"",""Last_Source_Update"":""2015-08-21T23:24:25Z"",""Latitude"":9.2823086,""Longitude"":123.2972098,""Match_Confidence"":"""",""Match_Reason"":"""",""Name"":""Blue Dream Pension Haus"",""Notes"":"""",""OSM_ID"":""3707422534"",""OSM_Type"":""node"",""Parent_Venue"":"""",""Restroom_Presence"":""Unknown"",""Restroom_Verification"":""candidate_unverified"",""Source"":""OSM"",""Source_ID"":""node/3707422534"",""Temporary_Record_ID"":""osm_node_3707422534"",""Venue_Category"":""accommodation""}"
buttler_loc_80c45ae4f57747da7004,node/3707448309,OSM,node/3707448309,restroom_acquisition,Alviola's Painitan,9.305786,123.306402,,unknown,unknown,Unknown,Unknown,candidate_unverified,"{""Access"":""unknown"",""Acquisition_Date"":""2026-09-01"",""Address"":"""",""Bidet_Presence"":""Unknown"",""Candidate_Priority"":""Medium"",""Candidate_Reason"":""Food/drink venue; restroom uncertain (amenity=cafe)"",""Fee"":""unknown"",""Last_Source_Update"":""2025-03-08T01:45:52Z"",""Latitude"":9.305786,""Longitude"":123.306402,""Match_Confidence"":"""",""Match_Reason"":"""",""Name"":""Alviola's Painitan"",""Notes"":"""",""OSM_ID"":""3707448309"",""OSM_Type"":""node"",""Parent_Venue"":"""",""Restroom_Presence"":""Unknown"",""Restroom_Verification"":""candidate_unverified"",""Source"":""OSM"",""Source_ID"":""node/3707448309"",""Temporary_Record_ID"":""osm_node_3707448309"",""Venue_Category"":""food_drink""}"
buttler_loc_2120d06b29bf7e06ac52,node/3707448310,OSM,node/3707448310,restroom_acquisition,Kusina sa Masa,9.3109327,123.2776365,,unknown,unknown,Unknown,Unknown,candidate_unverified,"{""Access"":""unknown"",""Acquisition_Date"":""2026-09-01"",""Address"":"""",""Bidet_Presence"":""Unknown"",""Candidate_Priority"":""High"",""Candidate_Reason"":""Restaurant or fast-food venue (amenity=fast_food)"",""Fee"":""unknown"",""Last_Source_Update"":""2019-08-16T12:23:09Z"",""Latitude"":9.3109327,""Longitude"":123.2776365,""Match_Confidence"":"""",""Match_Reason"":"""",""Name"":""Kusina sa Masa"",""Notes"":"""",""OSM_ID"":""3707448310"",""OSM_Type"":""node"",""Parent_Venue"":"""",""Restroom_Presence"":""Unknown"",""Restroom_Verification"":""candidate_unverified"",""Source"":""OSM"",""Source_ID"":""node/3707448310"",""Temporary_Record_ID"":""osm_node_3707448310"",""Venue_Category"":""food_major""}"
buttler_loc_5a751b0b49f4acfab109,node/3707448311,OSM,node/3707448311,restroom_acquisition,INO J Enterprises,9.3126197,123.2662772,Dumaguete - Palinpinon Road,unknown,unknown,Unknown,Unknown,candidate_unverified,"{""Access"":""unknown"",""Acquisition_Date"":""2026-09-01"",""Address"":""Dumaguete - Palinpinon Road"",""Bidet_Presence"":""Unknown"",""Candidate_Priority"":""Medium"",""Candidate_Reason"":""Convenience store; restroom uncertain (shop=convenience)"",""Fee"":""unknown"",""Last_Source_Update"":""2025-04-04T04:52:15Z"",""Latitude"":9.3126197,""Longitude"":123.2662772,""Match_Confidence"":"""",""Match_Reason"":"""",""Name"":""INO J Enterprises"",""Notes"":"""",""OSM_ID"":""3707448311"",""OSM_Type"":""node"",""Parent_Venue"":"""",""Restroom_Presence"":""Unknown"",""Restroom_Verification"":""candidate_unverified"",""Source"":""OSM"",""Source_ID"":""node/3707448311"",""Temporary_Record_ID"":""osm_node_3707448311"",""Venue_Category"":""convenience""}"
buttler_loc_e88543a4dd044bd23559,node/3707449593,OSM,node/3707449593,restroom_acquisition,Conchita Store,9.3135061,123.2560719,,unknown,unknown,Unknown,Unknown,candidate_unverified,"{""Access"":""unknown"",""Acquisition_Date"":""2026-09-01"",""Address"":"""",""Bidet_Presence"":""Unknown"",""Candidate_Priority"":""Medium"",""Candidate_Reason"":""Convenience store; restroom uncertain (shop=convenience)"",""Fee"":""unknown"",""Last_Source_Update"":""2015-08-21T03:30:01Z"",""Latitude"":9.3135061,""Longitude"":123.2560719,""Match_Confidence"":"""",""Match_Reason"":"""",""Name"":""Conchita Store"",""Notes"":"""",""OSM_ID"":""3707449593"",""OSM_Type"":""node"",""Parent_Venue"":"""",""Restroom_Presence"":""Unknown"",""Restroom_Verification"":""candidate_unverified"",""Source"":""OSM"",""Source_ID"":""node/3707449593"",""Temporary_Record_ID"":""osm_node_3707449593"",""Venue_Category"":""convenience""}"
buttler_loc_71f9e7dc3477c7230057,node/3707449597,OSM,node/3707449597,restroom_acquisition,FT Store,9.3256509,123.2953873,,unknown,unknown,Unknown,Unknown,candidate_unverified,"{""Access"":""unknown"",""Acquisition_Date"":""2026-09-01"",""Address"":"""",""Bidet_Presence"":""Unknown"",""Candidate_Priority"":""Medium"",""Candidate_Reason"":""Convenience store; restroom uncertain (shop=convenience)"",""Fee"":""unknown"",""Last_Source_Update"":""2015-08-21T03:30:09Z"",""Latitude"":9.3256509,""Longitude"":123.2953873,""Match_Confidence"":"""",""Match_Reason"":"""",""Name"":""FT Store"",""Notes"":"""",""OSM_ID"":""3707449597"",""OSM_Type"":""node"",""Parent_Venue"":"""",""Restroom_Presence"":""Unknown"",""Restroom_Verification"":""candidate_unverified"",""Source"":""OSM"",""Source_ID"":""node/3707449597"",""Temporary_Record_ID"":""osm_node_3707449597"",""Venue_Category"":""convenience""}"
buttler_loc_a1a9e48f32ba59f5b7ae,node/3707450390,OSM,node/3707450390,restroom_acquisition,Golden Inn Pension House,9.302241,123.2901923,,unknown,unknown,Unknown,Unknown,candidate_unverified,"{""Access"":""unknown"",""Acquisition_Date"":""2026-09-01"",""Address"":"""",""Bidet_Presence"":""Unknown"",""Candidate_Priority"":""High"",""Candidate_Reason"":""Substantial accommodation (tourism=motel)"",""Fee"":""unknown"",""Last_Source_Update"":""2025-07-01T12:43:27Z"",""Latitude"":9.302241,""Longitude"":123.2901923,""Match_Confidence"":"""",""Match_Reason"":"""",""Name"":""Golden Inn Pension House"",""Notes"":"""",""OSM_ID"":""3707450390"",""OSM_Type"":""node"",""Parent_Venue"":"""",""Restroom_Presence"":""Unknown"",""Restroom_Verification"":""candidate_unverified"",""Source"":""OSM"",""Source_ID"":""node/3707450390"",""Temporary_Record_ID"":""osm_node_3707450390"",""Venue_Category"":""accommodation""}"
buttler_loc_f4ff8876507825812b4b,node/3707450536,OSM,node/3707450536,restroom_acquisition,"big boys liquor, taco tayo",9.2899462,123.2964247,,unknown,unknown,Unknown,Unknown,candidate_unverified,"{""Access"":""unknown"",""Acquisition_Date"":""2026-09-01"",""Address"":"""",""Bidet_Presence"":""Unknown"",""Candidate_Priority"":""Medium"",""Candidate_Reason"":""Food/drink venue; restroom uncertain (amenity=bar)"",""Fee"":""unknown"",""Last_Source_Update"":""2015-08-21T04:09:40Z"",""Latitude"":9.2899462,""Longitude"":123.2964247,""Match_Confidence"":"""",""Match_Reason"":"""",""Name"":""big boys liquor, taco tayo"",""Notes"":"""",""OSM_ID"":""3707450536"",""OSM_Type"":""node"",""Parent_Venue"":"""",""Restroom_Presence"":""Unknown"",""Restroom_Verification"":""candidate_unverified"",""Source"":""OSM"",""Source_ID"":""node/3707450536"",""Temporary_Record_ID"":""osm_node_3707450536"",""Venue_Category"":""food_drink""}"
buttler_loc_0d0a491af7b69f861035,node/3707450537,OSM,node/3707450537,restroom_acquisition,Tiptop Hotel,9.2970575,123.3012036,,unknown,unknown,Unknown,Unknown,candidate_unverified,"{""Access"":""unknown"",""Acquisition_Date"":""2026-09-01"",""Address"":"""",""Bidet_Presence"":""Unknown"",""Candidate_Priority"":""High"",""Candidate_Reason"":""Substantial accommodation (tourism=hotel)"",""Fee"":""unknown"",""Last_Source_Update"":""2015-08-21T23:19:00Z"",""Latitude"":9.2970575,""Longitude"":123.3012036,""Match_Confidence"":"""",""Match_Reason"":"""",""Name"":""Tiptop Hotel"",""Notes"":"""",""OSM_ID"":""3707450537"",""OSM_Type"":""node"",""Parent_Venue"":"""",""Restroom_Presence"":""Unknown"",""Restroom_Verification"":""candidate_unverified"",""Source"":""OSM"",""Source_ID"":""node/3707450537"",""Temporary_Record_ID"":""osm_node_3707450537"",""Venue_Category"":""accommodation""}"
buttler_loc_613f625ff5c50443100f,node/3707450552,OSM,node/3707450552,restroom_acquisition,Coastal Inn,9.3149267,123.31049,Flores Avenue,unknown,unknown,Unknown,Unknown,candidate_unverified,"{""Access"":""unknown"",""Acquisition_Date"":""2026-09-01"",""Address"":""Flores Avenue"",""Bidet_Presence"":""Unknown"",""Candidate_Priority"":""High"",""Candidate_Reason"":""Substantial accommodation (tourism=hotel)"",""Fee"":""unknown"",""Last_Source_Update"":""2025-04-26T08:16:54Z"",""Latitude"":9.3149267,""Longitude"":123.31049,""Match_Confidence"":"""",""Match_Reason"":"""",""Name"":""Coastal Inn"",""Notes"":"""",""OSM_ID"":""3707450552"",""OSM_Type"":""node"",""Parent_Venue"":"""",""Restroom_Presence"":""Unknown"",""Restroom_Verification"":""candidate_unverified"",""Source"":""OSM"",""Source_ID"":""node/3707450552"",""Temporary_Record_ID"":""osm_node_3707450552"",""Venue_Category"":""accommodation""}"
buttler_loc_6b76055fc2f36dcbd825,node/3707450554,OSM,node/3707450554,restroom_acquisition,Designing Ur Smile,9.3154333,123.3108717,,unknown,unknown,Unknown,Unknown,candidate_unverified,"{""Access"":""unknown"",""Acquisition_Date"":""2026-09-01"",""Address"":"""",""Bidet_Presence"":""Unknown"",""Candidate_Priority"":""Medium"",""Candidate_Reason"":""Clinic; customer restroom plausible (amenity=dentist)"",""Fee"":""unknown"",""Last_Source_Update"":""2022-05-16T20:25:59Z"",""Latitude"":9.3154333,""Longitude"":123.3108717,""Match_Confidence"":"""",""Match_Reason"":"""",""Name"":""Designing Ur Smile"",""Notes"":"""",""OSM_ID"":""3707450554"",""OSM_Type"":""node"",""Parent_Venue"":"""",""Restroom_Presence"":""Unknown"",""Restroom_Verification"":""candidate_unverified"",""Source"":""OSM"",""Source_ID"":""node/3707450554"",""Temporary_Record_ID"":""osm_node_3707450554"",""Venue_Category"":""clinic""}"
buttler_loc_4979894bb213ee91cf32,node/3707450767,OSM,node/3707450767,restroom_acquisition,J&J Hotelier,9.3134664,123.3096273,"Flores Avenue, Dumaguete",unknown,unknown,Unknown,Unknown,candidate_unverified,"{""Access"":""unknown"",""Acquisition_Date"":""2026-09-01"",""Address"":""Flores Avenue, Dumaguete"",""Bidet_Presence"":""Unknown"",""Candidate_Priority"":""High"",""Candidate_Reason"":""Substantial accommodation (tourism=hotel)"",""Fee"":""unknown"",""Last_Source_Update"":""2025-04-09T02:37:16Z"",""Latitude"":9.3134664,""Longitude"":123.3096273,""Match_Confidence"":"""",""Match_Reason"":"""",""Name"":""J&J Hotelier"",""Notes"":"""",""OSM_ID"":""3707450767"",""OSM_Type"":""node"",""Parent_Venue"":"""",""Restroom_Presence"":""Unknown"",""Restroom_Verification"":""candidate_unverified"",""Source"":""OSM"",""Source_ID"":""node/3707450767"",""Temporary_Record_ID"":""osm_node_3707450767"",""Venue_Category"":""accommodation""}"
buttler_loc_1545a0085bb6efc71b71,node/3707450769,OSM,node/3707450769,restroom_acquisition,Ang Barko Pension House,9.3140295,123.3097549,,unknown,unknown,Unknown,Unknown,candidate_unverified,"{""Access"":""unknown"",""Acquisition_Date"":""2026-09-01"",""Address"":"""",""Bidet_Presence"":""Unknown"",""Candidate_Priority"":""High"",""Candidate_Reason"":""Substantial accommodation (tourism=hotel)"",""Fee"":""unknown"",""Last_Source_Update"":""2025-05-15T23:33:38Z"",""Latitude"":9.3140295,""Longitude"":123.3097549,""Match_Confidence"":"""",""Match_Reason"":"""",""Name"":""Ang Barko Pension House"",""Notes"":"""",""OSM_ID"":""3707450769"",""OSM_Type"":""node"",""Parent_Venue"":"""",""Restroom_Presence"":""Unknown"",""Restroom_Verification"":""candidate_unverified"",""Source"":""OSM"",""Source_ID"":""node/3707450769"",""Temporary_Record_ID"":""osm_node_3707450769"",""Venue_Category"":""accommodation""}"
buttler_loc_b0a4a8a0ac45c9443461,node/3707450779,OSM,node/3707450779,restroom_acquisition,College of Agriculture,9.3314653,123.3071261,,unknown,unknown,Unknown,Unknown,candidate_unverified,"{""Access"":""unknown"",""Acquisition_Date"":""2026-09-01"",""Address"":"""",""Bidet_Presence"":""Unknown"",""Candidate_Priority"":""High"",""Candidate_Reason"":""University or college (amenity=college)"",""Fee"":""unknown"",""Last_Source_Update"":""2025-12-31T04:01:22Z"",""Latitude"":9.3314653,""Longitude"":123.3071261,""Match_Confidence"":"""",""Match_Reason"":"""",""Name"":""College of Agriculture"",""Notes"":"""",""OSM_ID"":""3707450779"",""OSM_Type"":""node"",""Parent_Venue"":"""",""Restroom_Presence"":""Unknown"",""Restroom_Verification"":""candidate_unverified"",""Source"":""OSM"",""Source_ID"":""node/3707450779"",""Temporary_Record_ID"":""osm_node_3707450779"",""Venue_Category"":""higher_education""}"
buttler_loc_833e580075931b5df6a5,node/3707450782,OSM,node/3707450782,restroom_acquisition,Bolmon Pension,9.3316876,123.3040223,,unknown,unknown,Unknown,Unknown,candidate_unverified,"{""Access"":""unknown"",""Acquisition_Date"":""2026-09-01"",""Address"":"""",""Bidet_Presence"":""Unknown"",""Candidate_Priority"":""High"",""Candidate_Reason"":""Substantial accommodation (tourism=guest_house)"",""Fee"":""unknown"",""Last_Source_Update"":""2025-05-22T08:21:40Z"",""Latitude"":9.3316876,""Longitude"":123.3040223,""Match_Confidence"":"""",""Match_Reason"":"""",""Name"":""Bolmon Pension"",""Notes"":"""",""OSM_ID"":""3707450782"",""OSM_Type"":""node"",""Parent_Venue"":"""",""Restroom_Presence"":""Unknown"",""Restroom_Verification"":""candidate_unverified"",""Source"":""OSM"",""Source_ID"":""node/3707450782"",""Temporary_Record_ID"":""osm_node_3707450782"",""Venue_Category"":""accommodation""}"
buttler_loc_84b9a3bca7a186977bc2,node/3707450783,OSM,node/3707450783,restroom_acquisition,Mae's Mart,9.33147,123.30473,,unknown,unknown,Unknown,Unknown,candidate_unverified,"{""Access"":""unknown"",""Acquisition_Date"":""2026-09-01"",""Address"":"""",""Bidet_Presence"":""Unknown"",""Candidate_Priority"":""Medium"",""Candidate_Reason"":""Convenience store; restroom uncertain (shop=convenience)"",""Fee"":""unknown"",""Last_Source_Update"":""2015-08-22T10:08:04Z"",""Latitude"":9.33147,""Longitude"":123.30473,""Match_Confidence"":"""",""Match_Reason"":"""",""Name"":""Mae's Mart"",""Notes"":"""",""OSM_ID"":""3707450783"",""OSM_Type"":""node"",""Parent_Venue"":"""",""Restroom_Presence"":""Unknown"",""Restroom_Verification"":""candidate_unverified"",""Source"":""OSM"",""Source_ID"":""node/3707450783"",""Temporary_Record_ID"":""osm_node_3707450783"",""Venue_Category"":""convenience""}"
buttler_loc_6d188633a4330baeaeea,node/3707450787,OSM,node/3707450787,restroom_acquisition,Rice Box,9.3195468,123.3073793,,unknown,unknown,Unknown,Unknown,candidate_unverified,"{""Access"":""unknown"",""Acquisition_Date"":""2026-09-01"",""Address"":"""",""Bidet_Presence"":""Unknown"",""Candidate_Priority"":""High"",""Candidate_Reason"":""Restaurant or fast-food venue (amenity=fast_food)"",""Fee"":""unknown"",""Last_Source_Update"":""2025-06-19T09:06:21Z"",""Latitude"":9.3195468,""Longitude"":123.3073793,""Match_Confidence"":"""",""Match_Reason"":"""",""Name"":""Rice Box"",""Notes"":"""",""OSM_ID"":""3707450787"",""OSM_Type"":""node"",""Parent_Venue"":"""",""Restroom_Presence"":""Unknown"",""Restroom_Verification"":""candidate_unverified"",""Source"":""OSM"",""Source_ID"":""node/3707450787"",""Temporary_Record_ID"":""osm_node_3707450787"",""Venue_Category"":""food_major""}"
buttler_loc_94cd609fdcbde6bac3b9,node/3707451304,OSM,node/3707451304,restroom_acquisition,Unnamed public toilet,9.3128055,123.3094995,,public,unknown,Yes,Unknown,osm_explicit,"{""Access"":""public"",""Acquisition_Date"":""2026-09-01"",""Address"":"""",""Bidet_Presence"":""Unknown"",""Candidate_Priority"":"""",""Candidate_Reason"":""amenity=toilets"",""Fee"":""unknown"",""Last_Source_Update"":""2024-12-02T02:43:45Z"",""Latitude"":9.3128055,""Longitude"":123.3094995,""Match_Confidence"":"""",""Match_Reason"":"""",""Name"":""Unnamed public toilet"",""Notes"":"""",""OSM_ID"":""3707451304"",""OSM_Type"":""node"",""Parent_Venue"":"""",""Restroom_Presence"":""Yes"",""Restroom_Verification"":""osm_explicit"",""Source"":""OSM"",""Source_ID"":""node/3707451304"",""Temporary_Record_ID"":""osm_node_3707451304"",""Venue_Category"":""standalone_toilet""}"
buttler_loc_fd95e7cdda13576ac8e0,node/3707452026,OSM,node/3707452026,restroom_acquisition,Mama Ning's Store,9.3212189,123.3069967,,unknown,unknown,Unknown,Unknown,candidate_unverified,"{""Access"":""unknown"",""Acquisition_Date"":""2026-09-01"",""Address"":"""",""Bidet_Presence"":""Unknown"",""Candidate_Priority"":""Medium"",""Candidate_Reason"":""Convenience store; restroom uncertain (shop=convenience)"",""Fee"":""unknown"",""Last_Source_Update"":""2025-03-08T01:41:02Z"",""Latitude"":9.3212189,""Longitude"":123.3069967,""Match_Confidence"":""high"",""Match_Reason"":""Near-identical normalized name (100.0%) and 3.6m separation; merged node/3711253730"",""Name"":""Mama Ning's Store"",""Notes"":"""",""OSM_ID"":""3707452026"",""OSM_Type"":""node"",""Parent_Venue"":"""",""Restroom_Presence"":""Unknown"",""Restroom_Verification"":""candidate_unverified"",""Source"":""OSM"",""Source_ID"":""node/3707452026"",""Temporary_Record_ID"":""osm_node_3707452026"",""Venue_Category"":""convenience""}"
buttler_loc_993b6e18d03abf4bf76b,node/3707452028,OSM,node/3707452028,restroom_acquisition,"Pamela""s Pension House",9.3171866,123.3073244,,unknown,unknown,Unknown,Unknown,candidate_unverified,"{""Access"":""unknown"",""Acquisition_Date"":""2026-09-01"",""Address"":"""",""Bidet_Presence"":""Unknown"",""Candidate_Priority"":""High"",""Candidate_Reason"":""Substantial accommodation (tourism=hotel)"",""Fee"":""unknown"",""Last_Source_Update"":""2025-07-16T12:20:31Z"",""Latitude"":9.3171866,""Longitude"":123.3073244,""Match_Confidence"":"""",""Match_Reason"":"""",""Name"":""Pamela\""s Pension House"",""Notes"":"""",""OSM_ID"":""3707452028"",""OSM_Type"":""node"",""Parent_Venue"":"""",""Restroom_Presence"":""Unknown"",""Restroom_Verification"":""candidate_unverified"",""Source"":""OSM"",""Source_ID"":""node/3707452028"",""Temporary_Record_ID"":""osm_node_3707452028"",""Venue_Category"":""accommodation""}"
buttler_loc_e53567f339b4aa26e8bd,node/3707452847,OSM,node/3707452847,restroom_acquisition,Massive Munchies,9.3070688,123.3088719,,unknown,unknown,Unknown,Unknown,candidate_unverified,"{""Access"":""unknown"",""Acquisition_Date"":""2026-09-01"",""Address"":"""",""Bidet_Presence"":""Unknown"",""Candidate_Priority"":""High"",""Candidate_Reason"":""Restaurant or fast-food venue (amenity=fast_food)"",""Fee"":""unknown"",""Last_Source_Update"":""2015-08-24T03:33:43Z"",""Latitude"":9.3070688,""Longitude"":123.3088719,""Match_Confidence"":"""",""Match_Reason"":"""",""Name"":""Massive Munchies"",""Notes"":"""",""OSM_ID"":""3707452847"",""OSM_Type"":""node"",""Parent_Venue"":"""",""Restroom_Presence"":""Unknown"",""Restroom_Verification"":""candidate_unverified"",""Source"":""OSM"",""Source_ID"":""node/3707452847"",""Temporary_Record_ID"":""osm_node_3707452847"",""Venue_Category"":""food_major""}"
buttler_loc_47cd354b1ed7290565b4,node/3707452926,OSM,node/3707452926,restroom_acquisition,98 Cuisine,9.306408,123.2990766,,unknown,unknown,Unknown,Unknown,candidate_unverified,"{""Access"":""unknown"",""Acquisition_Date"":""2026-09-01"",""Address"":"""",""Bidet_Presence"":""Unknown"",""Candidate_Priority"":""High"",""Candidate_Reason"":""Restaurant or fast-food venue (amenity=fast_food)"",""Fee"":""unknown"",""Last_Source_Update"":""2015-08-22T10:08:08Z"",""Latitude"":9.306408,""Longitude"":123.2990766,""Match_Confidence"":"""",""Match_Reason"":"""",""Name"":""98 Cuisine"",""Notes"":"""",""OSM_ID"":""3707452926"",""OSM_Type"":""node"",""Parent_Venue"":"""",""Restroom_Presence"":""Unknown"",""Restroom_Verification"":""candidate_unverified"",""Source"":""OSM"",""Source_ID"":""node/3707452926"",""Temporary_Record_ID"":""osm_node_3707452926"",""Venue_Category"":""food_major""}"
buttler_loc_d9cfeb2b9e5efa74c32b,node/3707452928,OSM,node/3707452928,restroom_acquisition,7-Eleven,9.3045331,123.3076776,Senator Lorenzo G. Teves Street,unknown,unknown,Unknown,Unknown,candidate_unverified,"{""Access"":""unknown"",""Acquisition_Date"":""2026-09-01"",""Address"":""Senator Lorenzo G. Teves Street"",""Bidet_Presence"":""Unknown"",""Candidate_Priority"":""Medium"",""Candidate_Reason"":""Convenience store; restroom uncertain (shop=convenience)"",""Fee"":""unknown"",""Last_Source_Update"":""2022-10-30T15:06:32Z"",""Latitude"":9.3045331,""Longitude"":123.3076776,""Match_Confidence"":"""",""Match_Reason"":"""",""Name"":""7-Eleven"",""Notes"":"""",""OSM_ID"":""3707452928"",""OSM_Type"":""node"",""Parent_Venue"":"""",""Restroom_Presence"":""Unknown"",""Restroom_Verification"":""candidate_unverified"",""Source"":""OSM"",""Source_ID"":""node/3707452928"",""Temporary_Record_ID"":""osm_node_3707452928"",""Venue_Category"":""convenience""}"
buttler_loc_e02c427608dc34c64586,node/3707452929,OSM,node/3707452929,restroom_acquisition,Mom's Medical Clinical Laboratory,9.3041816,123.3084376,Acias Pinili Street,unknown,unknown,Unknown,Unknown,candidate_unverified,"{""Access"":""unknown"",""Acquisition_Date"":""2026-09-01"",""Address"":""Acias Pinili Street"",""Bidet_Presence"":""Unknown"",""Candidate_Priority"":""Medium"",""Candidate_Reason"":""Clinic; customer restroom plausible (amenity=clinic)"",""Fee"":""unknown"",""Last_Source_Update"":""2023-11-27T04:58:53Z"",""Latitude"":9.3041816,""Longitude"":123.3084376,""Match_Confidence"":"""",""Match_Reason"":"""",""Name"":""Mom's Medical Clinical Laboratory"",""Notes"":"""",""OSM_ID"":""3707452929"",""OSM_Type"":""node"",""Parent_Venue"":"""",""Restroom_Presence"":""Unknown"",""Restroom_Verification"":""candidate_unverified"",""Source"":""OSM"",""Source_ID"":""node/3707452929"",""Temporary_Record_ID"":""osm_node_3707452929"",""Venue_Category"":""clinic""}"
buttler_loc_c7ad80facca92376db1e,node/3707452930,OSM,node/3707452930,restroom_acquisition,Foodnet Restaurant,9.3012316,123.3077542,Governor M. F. Perdices Street,unknown,unknown,Unknown,Unknown,candidate_unverified,"{""Access"":""unknown"",""Acquisition_Date"":""2026-09-01"",""Address"":""Governor M. F. Perdices Street"",""Bidet_Presence"":""Unknown"",""Candidate_Priority"":""High"",""Candidate_Reason"":""Restaurant or fast-food venue (amenity=fast_food)"",""Fee"":""unknown"",""Last_Source_Update"":""2025-04-08T08:01:41Z"",""Latitude"":9.3012316,""Longitude"":123.3077542,""Match_Confidence"":"""",""Match_Reason"":"""",""Name"":""Foodnet Restaurant"",""Notes"":"""",""OSM_ID"":""3707452930"",""OSM_Type"":""node"",""Parent_Venue"":"""",""Restroom_Presence"":""Unknown"",""Restroom_Verification"":""candidate_unverified"",""Source"":""OSM"",""Source_ID"":""node/3707452930"",""Temporary_Record_ID"":""osm_node_3707452930"",""Venue_Category"":""food_major""}"
buttler_loc_686d3b5b4eff32684c9e,node/3707452932,OSM,node/3707452932,restroom_acquisition,Foodnet Restobar,9.3014446,123.3043958,,unknown,unknown,Unknown,Unknown,candidate_unverified,"{""Access"":""unknown"",""Acquisition_Date"":""2026-09-01"",""Address"":"""",""Bidet_Presence"":""Unknown"",""Candidate_Priority"":""Medium"",""Candidate_Reason"":""Food/drink venue; restroom uncertain (amenity=bar)"",""Fee"":""unknown"",""Last_Source_Update"":""2015-08-22T10:08:02Z"",""Latitude"":9.3014446,""Longitude"":123.3043958,""Match_Confidence"":"""",""Match_Reason"":"""",""Name"":""Foodnet Restobar"",""Notes"":"""",""OSM_ID"":""3707452932"",""OSM_Type"":""node"",""Parent_Venue"":"""",""Restroom_Presence"":""Unknown"",""Restroom_Verification"":""candidate_unverified"",""Source"":""OSM"",""Source_ID"":""node/3707452932"",""Temporary_Record_ID"":""osm_node_3707452932"",""Venue_Category"":""food_drink""}"
buttler_loc_3b77b0b96d3eb727a4f4,node/3707452935,OSM,node/3707452935,restroom_acquisition,Mels Cafe,9.3072464,123.3087959,,unknown,unknown,Unknown,Unknown,candidate_unverified,"{""Access"":""unknown"",""Acquisition_Date"":""2026-09-01"",""Address"":"""",""Bidet_Presence"":""Unknown"",""Candidate_Priority"":""Medium"",""Candidate_Reason"":""Food/drink venue; restroom uncertain (amenity=cafe)"",""Fee"":""unknown"",""Last_Source_Update"":""2015-08-21T03:42:34Z"",""Latitude"":9.3072464,""Longitude"":123.3087959,""Match_Confidence"":"""",""Match_Reason"":"""",""Name"":""Mels Cafe"",""Notes"":"""",""OSM_ID"":""3707452935"",""OSM_Type"":""node"",""Parent_Venue"":"""",""Restroom_Presence"":""Unknown"",""Restroom_Verification"":""candidate_unverified"",""Source"":""OSM"",""Source_ID"":""node/3707452935"",""Temporary_Record_ID"":""osm_node_3707452935"",""Venue_Category"":""food_drink""}"
buttler_loc_8a4718acc788221837c6,node/3707637456,OSM,node/3707637456,restroom_acquisition,Uncle John's,9.300545,123.2947261,,unknown,unknown,Unknown,Unknown,candidate_unverified,"{""Access"":""unknown"",""Acquisition_Date"":""2026-09-01"",""Address"":"""",""Bidet_Presence"":""Unknown"",""Candidate_Priority"":""Medium"",""Candidate_Reason"":""Convenience store; restroom uncertain (shop=convenience)"",""Fee"":""unknown"",""Last_Source_Update"":""2023-09-22T08:49:43Z"",""Latitude"":9.300545,""Longitude"":123.2947261,""Match_Confidence"":"""",""Match_Reason"":"""",""Name"":""Uncle John's"",""Notes"":"""",""OSM_ID"":""3707637456"",""OSM_Type"":""node"",""Parent_Venue"":"""",""Restroom_Presence"":""Unknown"",""Restroom_Verification"":""candidate_unverified"",""Source"":""OSM"",""Source_ID"":""node/3707637456"",""Temporary_Record_ID"":""osm_node_3707637456"",""Venue_Category"":""convenience""}"
buttler_loc_c202551be79a502ca5df,node/3707834382,OSM,node/3707834382,restroom_acquisition,CH-5 Eatery,9.3132458,123.3093667,"Flores Avenue, Dumaguete",unknown,unknown,Unknown,Unknown,candidate_unverified,"{""Access"":""unknown"",""Acquisition_Date"":""2026-09-01"",""Address"":""Flores Avenue, Dumaguete"",""Bidet_Presence"":""Unknown"",""Candidate_Priority"":""High"",""Candidate_Reason"":""Restaurant or fast-food venue (amenity=fast_food)"",""Fee"":""unknown"",""Last_Source_Update"":""2025-04-09T02:37:16Z"",""Latitude"":9.3132458,""Longitude"":123.3093667,""Match_Confidence"":"""",""Match_Reason"":"""",""Name"":""CH-5 Eatery"",""Notes"":"""",""OSM_ID"":""3707834382"",""OSM_Type"":""node"",""Parent_Venue"":"""",""Restroom_Presence"":""Unknown"",""Restroom_Verification"":""candidate_unverified"",""Source"":""OSM"",""Source_ID"":""node/3707834382"",""Temporary_Record_ID"":""osm_node_3707834382"",""Venue_Category"":""food_major""}"
buttler_loc_0c6c1b838ecf816a4f2c,node/3708812575,OSM,node/3708812575,restroom_acquisition,Lurbelle_88 Internet Cafe,9.3062917,123.299293,"500 Doctor Miciano Road, Dumaguete",unknown,unknown,Unknown,Unknown,candidate_unverified,"{""Access"":""unknown"",""Acquisition_Date"":""2026-09-01"",""Address"":""500 Doctor Miciano Road, Dumaguete"",""Bidet_Presence"":""Unknown"",""Candidate_Priority"":""Medium"",""Candidate_Reason"":""Smaller entertainment venue (amenity=internet_cafe)"",""Fee"":""unknown"",""Last_Source_Update"":""2025-04-04T06:20:10Z"",""Latitude"":9.3062917,""Longitude"":123.299293,""Match_Confidence"":"""",""Match_Reason"":"""",""Name"":""Lurbelle_88 Internet Cafe"",""Notes"":"""",""OSM_ID"":""3708812575"",""OSM_Type"":""node"",""Parent_Venue"":"""",""Restroom_Presence"":""Unknown"",""Restroom_Verification"":""candidate_unverified"",""Source"":""OSM"",""Source_ID"":""node/3708812575"",""Temporary_Record_ID"":""osm_node_3708812575"",""Venue_Category"":""entertainment_small""}"
buttler_loc_72311b957813c184d1fd,node/3708907925,OSM,node/3708907925,restroom_acquisition,Talay Health Center,9.2917988,123.2716038,,unknown,unknown,Unknown,Unknown,candidate_unverified,"{""Access"":""unknown"",""Acquisition_Date"":""2026-09-01"",""Address"":"""",""Bidet_Presence"":""Unknown"",""Candidate_Priority"":""Medium"",""Candidate_Reason"":""Clinic; customer restroom plausible (amenity=clinic)"",""Fee"":""unknown"",""Last_Source_Update"":""2015-08-24T03:57:47Z"",""Latitude"":9.2917988,""Longitude"":123.2716038,""Match_Confidence"":"""",""Match_Reason"":"""",""Name"":""Talay Health Center"",""Notes"":"""",""OSM_ID"":""3708907925"",""OSM_Type"":""node"",""Parent_Venue"":"""",""Restroom_Presence"":""Unknown"",""Restroom_Verification"":""candidate_unverified"",""Source"":""OSM"",""Source_ID"":""node/3708907925"",""Temporary_Record_ID"":""osm_node_3708907925"",""Venue_Category"":""clinic""}"
buttler_loc_5d924668c523392d1791,node/3710072316,OSM,node/3710072316,restroom_acquisition,Royal Lodge Travelers,9.3128599,123.309188,,unknown,unknown,Unknown,Unknown,candidate_unverified,"{""Access"":""unknown"",""Acquisition_Date"":""2026-09-01"",""Address"":"""",""Bidet_Presence"":""Unknown"",""Candidate_Priority"":""High"",""Candidate_Reason"":""Substantial accommodation (tourism=hotel)"",""Fee"":""unknown"",""Last_Source_Update"":""2025-05-16T09:39:21Z"",""Latitude"":9.3128599,""Longitude"":123.309188,""Match_Confidence"":"""",""Match_Reason"":"""",""Name"":""Royal Lodge Travelers"",""Notes"":"""",""OSM_ID"":""3710072316"",""OSM_Type"":""node"",""Parent_Venue"":"""",""Restroom_Presence"":""Unknown"",""Restroom_Verification"":""candidate_unverified"",""Source"":""OSM"",""Source_ID"":""node/3710072316"",""Temporary_Record_ID"":""osm_node_3710072316"",""Venue_Category"":""accommodation""}"
buttler_loc_1711010289682037e6a9,node/3710072318,OSM,node/3710072318,restroom_acquisition,Tocino Country,9.3130023,123.3096389,,unknown,unknown,Unknown,Unknown,candidate_unverified,"{""Access"":""unknown"",""Acquisition_Date"":""2026-09-01"",""Address"":"""",""Bidet_Presence"":""Unknown"",""Candidate_Priority"":""High"",""Candidate_Reason"":""Restaurant or fast-food venue (amenity=fast_food)"",""Fee"":""unknown"",""Last_Source_Update"":""2015-08-23T03:00:08Z"",""Latitude"":9.3130023,""Longitude"":123.3096389,""Match_Confidence"":"""",""Match_Reason"":"""",""Name"":""Tocino Country"",""Notes"":"""",""OSM_ID"":""3710072318"",""OSM_Type"":""node"",""Parent_Venue"":"""",""Restroom_Presence"":""Unknown"",""Restroom_Verification"":""candidate_unverified"",""Source"":""OSM"",""Source_ID"":""node/3710072318"",""Temporary_Record_ID"":""osm_node_3710072318"",""Venue_Category"":""food_major""}"
buttler_loc_3c72b8fd5f2fafb1feac,node/3710096766,OSM,node/3710096766,restroom_acquisition,Spice Eat,9.3085285,123.308872,"Santa Catalina Street, Dumaguete",unknown,unknown,Unknown,Unknown,candidate_unverified,"{""Access"":""unknown"",""Acquisition_Date"":""2026-09-01"",""Address"":""Santa Catalina Street, Dumaguete"",""Bidet_Presence"":""Unknown"",""Candidate_Priority"":""High"",""Candidate_Reason"":""Restaurant or fast-food venue (amenity=restaurant)"",""Fee"":""unknown"",""Last_Source_Update"":""2025-02-13T01:16:52Z"",""Latitude"":9.3085285,""Longitude"":123.308872,""Match_Confidence"":"""",""Match_Reason"":"""",""Name"":""Spice Eat"",""Notes"":"""",""OSM_ID"":""3710096766"",""OSM_Type"":""node"",""Parent_Venue"":"""",""Restroom_Presence"":""Unknown"",""Restroom_Verification"":""candidate_unverified"",""Source"":""OSM"",""Source_ID"":""node/3710096766"",""Temporary_Record_ID"":""osm_node_3710096766"",""Venue_Category"":""food_major""}"
buttler_loc_99a1b94af3390d38fbb6,node/3710343714,OSM,node/3710343714,restroom_acquisition,Citi Mart,9.3043971,123.3086524,,unknown,unknown,Unknown,Unknown,candidate_unverified,"{""Access"":""unknown"",""Acquisition_Date"":""2026-09-01"",""Address"":"""",""Bidet_Presence"":""Unknown"",""Candidate_Priority"":""Medium"",""Candidate_Reason"":""Convenience store; restroom uncertain (shop=convenience)"",""Fee"":""unknown"",""Last_Source_Update"":""2015-08-23T10:27:26Z"",""Latitude"":9.3043971,""Longitude"":123.3086524,""Match_Confidence"":"""",""Match_Reason"":"""",""Name"":""Citi Mart"",""Notes"":"""",""OSM_ID"":""3710343714"",""OSM_Type"":""node"",""Parent_Venue"":"""",""Restroom_Presence"":""Unknown"",""Restroom_Verification"":""candidate_unverified"",""Source"":""OSM"",""Source_ID"":""node/3710343714"",""Temporary_Record_ID"":""osm_node_3710343714"",""Venue_Category"":""convenience""}"
buttler_loc_379e80f6566f4427017e,node/3710343715,OSM,node/3710343715,restroom_acquisition,Lechon Manok ni Sr. Pedro,9.3046409,123.3083075,,unknown,unknown,Unknown,Unknown,candidate_unverified,"{""Access"":""unknown"",""Acquisition_Date"":""2026-09-01"",""Address"":"""",""Bidet_Presence"":""Unknown"",""Candidate_Priority"":""High"",""Candidate_Reason"":""Restaurant or fast-food venue (amenity=fast_food)"",""Fee"":""unknown"",""Last_Source_Update"":""2022-10-30T15:06:32Z"",""Latitude"":9.3046409,""Longitude"":123.3083075,""Match_Confidence"":"""",""Match_Reason"":"""",""Name"":""Lechon Manok ni Sr. Pedro"",""Notes"":"""",""OSM_ID"":""3710343715"",""OSM_Type"":""node"",""Parent_Venue"":"""",""Restroom_Presence"":""Unknown"",""Restroom_Verification"":""candidate_unverified"",""Source"":""OSM"",""Source_ID"":""node/3710343715"",""Temporary_Record_ID"":""osm_node_3710343715"",""Venue_Category"":""food_major""}"
buttler_loc_e7ba38c48640c9fc5897,node/3710505409,OSM,node/3710505409,restroom_acquisition,Unnamed venue,9.3164762,123.3073655,,unknown,unknown,Unknown,Unknown,candidate_unverified,"{""Access"":""unknown"",""Acquisition_Date"":""2026-09-01"",""Address"":"""",""Bidet_Presence"":""Unknown"",""Candidate_Priority"":""High"",""Candidate_Reason"":""Restaurant or fast-food venue (amenity=restaurant)"",""Fee"":""unknown"",""Last_Source_Update"":""2025-05-15T00:11:14Z"",""Latitude"":9.3164762,""Longitude"":123.3073655,""Match_Confidence"":"""",""Match_Reason"":"""",""Name"":""Unnamed venue"",""Notes"":"""",""OSM_ID"":""3710505409"",""OSM_Type"":""node"",""Parent_Venue"":"""",""Restroom_Presence"":""Unknown"",""Restroom_Verification"":""candidate_unverified"",""Source"":""OSM"",""Source_ID"":""node/3710505409"",""Temporary_Record_ID"":""osm_node_3710505409"",""Venue_Category"":""food_major""}"
buttler_loc_403838d24b6dfad48d27,node/3711154582,OSM,node/3711154582,restroom_acquisition,7-Eleven,9.3006883,123.2974663,,unknown,unknown,Unknown,Unknown,candidate_unverified,"{""Access"":""unknown"",""Acquisition_Date"":""2026-09-01"",""Address"":"""",""Bidet_Presence"":""Unknown"",""Candidate_Priority"":""Medium"",""Candidate_Reason"":""Convenience store; restroom uncertain (shop=convenience)"",""Fee"":""unknown"",""Last_Source_Update"":""2023-12-26T07:27:34Z"",""Latitude"":9.3006883,""Longitude"":123.2974663,""Match_Confidence"":"""",""Match_Reason"":"""",""Name"":""7-Eleven"",""Notes"":"""",""OSM_ID"":""3711154582"",""OSM_Type"":""node"",""Parent_Venue"":"""",""Restroom_Presence"":""Unknown"",""Restroom_Verification"":""candidate_unverified"",""Source"":""OSM"",""Source_ID"":""node/3711154582"",""Temporary_Record_ID"":""osm_node_3711154582"",""Venue_Category"":""convenience""}"
buttler_loc_758bef101152ba384ad0,node/3711254325,OSM,node/3711254325,restroom_acquisition,Bob Cha,9.3166835,123.3068693,,unknown,unknown,Unknown,Unknown,candidate_unverified,"{""Access"":""unknown"",""Acquisition_Date"":""2026-09-01"",""Address"":"""",""Bidet_Presence"":""Unknown"",""Candidate_Priority"":""High"",""Candidate_Reason"":""Restaurant or fast-food venue (amenity=fast_food)"",""Fee"":""unknown"",""Last_Source_Update"":""2015-08-24T00:48:40Z"",""Latitude"":9.3166835,""Longitude"":123.3068693,""Match_Confidence"":"""",""Match_Reason"":"""",""Name"":""Bob Cha"",""Notes"":"""",""OSM_ID"":""3711254325"",""OSM_Type"":""node"",""Parent_Venue"":"""",""Restroom_Presence"":""Unknown"",""Restroom_Verification"":""candidate_unverified"",""Source"":""OSM"",""Source_ID"":""node/3711254325"",""Temporary_Record_ID"":""osm_node_3711254325"",""Venue_Category"":""food_major""}"
buttler_loc_b758a8dc453667cb1bf5,node/3711326723,OSM,node/3711326723,restroom_acquisition,RJ-Ryan Sari-Sari Store,9.3286908,123.2863509,,unknown,unknown,Unknown,Unknown,candidate_unverified,"{""Access"":""unknown"",""Acquisition_Date"":""2026-09-01"",""Address"":"""",""Bidet_Presence"":""Unknown"",""Candidate_Priority"":""Medium"",""Candidate_Reason"":""Convenience store; restroom uncertain (shop=convenience)"",""Fee"":""unknown"",""Last_Source_Update"":""2015-08-24T03:57:12Z"",""Latitude"":9.3286908,""Longitude"":123.2863509,""Match_Confidence"":"""",""Match_Reason"":"""",""Name"":""RJ-Ryan Sari-Sari Store"",""Notes"":"""",""OSM_ID"":""3711326723"",""OSM_Type"":""node"",""Parent_Venue"":"""",""Restroom_Presence"":""Unknown"",""Restroom_Verification"":""candidate_unverified"",""Source"":""OSM"",""Source_ID"":""node/3711326723"",""Temporary_Record_ID"":""osm_node_3711326723"",""Venue_Category"":""convenience""}"
buttler_loc_747e27f2cc4417e3c839,node/3711334582,OSM,node/3711334582,restroom_acquisition,Sr. Pedro,9.3164558,123.3020482,Veterans Avenue,unknown,unknown,Unknown,Unknown,candidate_unverified,"{""Access"":""unknown"",""Acquisition_Date"":""2026-09-01"",""Address"":""Veterans Avenue"",""Bidet_Presence"":""Unknown"",""Candidate_Priority"":""High"",""Candidate_Reason"":""Restaurant or fast-food venue (amenity=fast_food)"",""Fee"":""unknown"",""Last_Source_Update"":""2025-04-04T08:00:50Z"",""Latitude"":9.3164558,""Longitude"":123.3020482,""Match_Confidence"":"""",""Match_Reason"":"""",""Name"":""Sr. Pedro"",""Notes"":"""",""OSM_ID"":""3711334582"",""OSM_Type"":""node"",""Parent_Venue"":"""",""Restroom_Presence"":""Unknown"",""Restroom_Verification"":""candidate_unverified"",""Source"":""OSM"",""Source_ID"":""node/3711334582"",""Temporary_Record_ID"":""osm_node_3711334582"",""Venue_Category"":""food_major""}"
buttler_loc_f55c87b443e65014b459,node/3711337941,OSM,node/3711337941,restroom_acquisition,Princess Abigail Store,9.2916465,123.269398,,unknown,unknown,Unknown,Unknown,candidate_unverified,"{""Access"":""unknown"",""Acquisition_Date"":""2026-09-01"",""Address"":"""",""Bidet_Presence"":""Unknown"",""Candidate_Priority"":""High"",""Candidate_Reason"":""High-traffic major retail venue (shop=supermarket)"",""Fee"":""unknown"",""Last_Source_Update"":""2015-08-24T03:53:21Z"",""Latitude"":9.2916465,""Longitude"":123.269398,""Match_Confidence"":"""",""Match_Reason"":"""",""Name"":""Princess Abigail Store"",""Notes"":"""",""OSM_ID"":""3711337941"",""OSM_Type"":""node"",""Parent_Venue"":"""",""Restroom_Presence"":""Unknown"",""Restroom_Verification"":""candidate_unverified"",""Source"":""OSM"",""Source_ID"":""node/3711337941"",""Temporary_Record_ID"":""osm_node_3711337941"",""Venue_Category"":""retail_major""}"
buttler_loc_84ace640739d61be5d3c,node/3731490857,OSM,node/3731490857,restroom_acquisition,Ciao Bella Resto Bar,9.3214581,123.3087415,,unknown,unknown,Unknown,Unknown,candidate_unverified,"{""Access"":""unknown"",""Acquisition_Date"":""2026-09-01"",""Address"":"""",""Bidet_Presence"":""Unknown"",""Candidate_Priority"":""High"",""Candidate_Reason"":""Restaurant or fast-food venue (amenity=restaurant)"",""Fee"":""unknown"",""Last_Source_Update"":""2025-02-19T04:44:41Z"",""Latitude"":9.3214581,""Longitude"":123.3087415,""Match_Confidence"":"""",""Match_Reason"":"""",""Name"":""Ciao Bella Resto Bar"",""Notes"":"""",""OSM_ID"":""3731490857"",""OSM_Type"":""node"",""Parent_Venue"":"""",""Restroom_Presence"":""Unknown"",""Restroom_Verification"":""candidate_unverified"",""Source"":""OSM"",""Source_ID"":""node/3731490857"",""Temporary_Record_ID"":""osm_node_3731490857"",""Venue_Category"":""food_major""}"
buttler_loc_044c91085c168d7af788,node/3746650188,OSM,node/3746650188,restroom_acquisition,Kennel,9.3059078,123.3002126,,unknown,unknown,Unknown,Unknown,candidate_unverified,"{""Access"":""unknown"",""Acquisition_Date"":""2026-09-01"",""Address"":"""",""Bidet_Presence"":""Unknown"",""Candidate_Priority"":""High"",""Candidate_Reason"":""Restaurant or fast-food venue (amenity=fast_food)"",""Fee"":""unknown"",""Last_Source_Update"":""2019-07-26T04:37:37Z"",""Latitude"":9.3059078,""Longitude"":123.3002126,""Match_Confidence"":"""",""Match_Reason"":"""",""Name"":""Kennel"",""Notes"":"""",""OSM_ID"":""3746650188"",""OSM_Type"":""node"",""Parent_Venue"":"""",""Restroom_Presence"":""Unknown"",""Restroom_Verification"":""candidate_unverified"",""Source"":""OSM"",""Source_ID"":""node/3746650188"",""Temporary_Record_ID"":""osm_node_3746650188"",""Venue_Category"":""food_major""}"
buttler_loc_3fd81e769f79b40c595b,node/3809486171,OSM,node/3809486171,restroom_acquisition,Unnamed venue,9.3063245,123.2997677,Doctor Miciano Road,unknown,unknown,Unknown,Unknown,candidate_unverified,"{""Access"":""unknown"",""Acquisition_Date"":""2026-09-01"",""Address"":""Doctor Miciano Road"",""Bidet_Presence"":""Unknown"",""Candidate_Priority"":""High"",""Candidate_Reason"":""Restaurant or fast-food venue (amenity=fast_food)"",""Fee"":""unknown"",""Last_Source_Update"":""2025-04-04T06:20:10Z"",""Latitude"":9.3063245,""Longitude"":123.2997677,""Match_Confidence"":"""",""Match_Reason"":"""",""Name"":""Unnamed venue"",""Notes"":"""",""OSM_ID"":""3809486171"",""OSM_Type"":""node"",""Parent_Venue"":"""",""Restroom_Presence"":""Unknown"",""Restroom_Verification"":""candidate_unverified"",""Source"":""OSM"",""Source_ID"":""node/3809486171"",""Temporary_Record_ID"":""osm_node_3809486171"",""Venue_Category"":""food_major""}"
buttler_loc_010a2aae43d94f085a86,node/3830163489,OSM,node/3830163489,restroom_acquisition,Myprime Internet Cafe,9.3082101,123.3072054,,unknown,unknown,Unknown,Unknown,candidate_unverified,"{""Access"":""unknown"",""Acquisition_Date"":""2026-09-01"",""Address"":"""",""Bidet_Presence"":""Unknown"",""Candidate_Priority"":""Medium"",""Candidate_Reason"":""Food/drink venue; restroom uncertain (amenity=cafe)"",""Fee"":""unknown"",""Last_Source_Update"":""2015-11-11T02:44:36Z"",""Latitude"":9.3082101,""Longitude"":123.3072054,""Match_Confidence"":"""",""Match_Reason"":"""",""Name"":""Myprime Internet Cafe"",""Notes"":"""",""OSM_ID"":""3830163489"",""OSM_Type"":""node"",""Parent_Venue"":"""",""Restroom_Presence"":""Unknown"",""Restroom_Verification"":""candidate_unverified"",""Source"":""OSM"",""Source_ID"":""node/3830163489"",""Temporary_Record_ID"":""osm_node_3830163489"",""Venue_Category"":""food_drink""}"
buttler_loc_c0cdf3fe3120643403b6,node/3944617673,OSM,node/3944617673,restroom_acquisition,Prime Bar & Nightclub,9.3084994,123.3092121,"Noblefranca, Dumaguete",unknown,unknown,Unknown,Unknown,candidate_unverified,"{""Access"":""unknown"",""Acquisition_Date"":""2026-09-01"",""Address"":""Noblefranca, Dumaguete"",""Bidet_Presence"":""Unknown"",""Candidate_Priority"":""Medium"",""Candidate_Reason"":""Food/drink venue; restroom uncertain (amenity=bar)"",""Fee"":""unknown"",""Last_Source_Update"":""2025-03-04T01:42:43Z"",""Latitude"":9.3084994,""Longitude"":123.3092121,""Match_Confidence"":"""",""Match_Reason"":"""",""Name"":""Prime Bar & Nightclub"",""Notes"":"""",""OSM_ID"":""3944617673"",""OSM_Type"":""node"",""Parent_Venue"":"""",""Restroom_Presence"":""Unknown"",""Restroom_Verification"":""candidate_unverified"",""Source"":""OSM"",""Source_ID"":""node/3944617673"",""Temporary_Record_ID"":""osm_node_3944617673"",""Venue_Category"":""food_drink""}"
buttler_loc_bb2602cbfa61db1b636e,node/3956499565,OSM,node/3956499565,restroom_acquisition,Unnamed venue,9.2919632,123.2979258,,unknown,unknown,Unknown,Unknown,candidate_unverified,"{""Access"":""unknown"",""Acquisition_Date"":""2026-09-01"",""Address"":"""",""Bidet_Presence"":""Unknown"",""Candidate_Priority"":""High"",""Candidate_Reason"":""Restaurant or fast-food venue (amenity=fast_food)"",""Fee"":""unknown"",""Last_Source_Update"":""2025-02-19T12:07:13Z"",""Latitude"":9.2919632,""Longitude"":123.2979258,""Match_Confidence"":"""",""Match_Reason"":"""",""Name"":""Unnamed venue"",""Notes"":"""",""OSM_ID"":""3956499565"",""OSM_Type"":""node"",""Parent_Venue"":"""",""Restroom_Presence"":""Unknown"",""Restroom_Verification"":""candidate_unverified"",""Source"":""OSM"",""Source_ID"":""node/3956499565"",""Temporary_Record_ID"":""osm_node_3956499565"",""Venue_Category"":""food_major""}"
buttler_loc_3b5bf72f88189ee17f29,node/3993639368,OSM,node/3993639368,restroom_acquisition,Gabby's Bistro,9.3076541,123.3096396,"Rizal Boulevard, Poblacion 4, Dumaguete City",unknown,unknown,Unknown,Unknown,candidate_unverified,"{""Access"":""unknown"",""Acquisition_Date"":""2026-09-01"",""Address"":""Rizal Boulevard, Poblacion 4, Dumaguete City"",""Bidet_Presence"":""Unknown"",""Candidate_Priority"":""High"",""Candidate_Reason"":""Restaurant or fast-food venue (amenity=restaurant)"",""Fee"":""unknown"",""Last_Source_Update"":""2026-03-19T04:28:27Z"",""Latitude"":9.3076541,""Longitude"":123.3096396,""Match_Confidence"":"""",""Match_Reason"":"""",""Name"":""Gabby's Bistro"",""Notes"":"""",""OSM_ID"":""3993639368"",""OSM_Type"":""node"",""Parent_Venue"":""Paseo Perdices"",""Restroom_Presence"":""Unknown"",""Restroom_Verification"":""candidate_unverified"",""Source"":""OSM"",""Source_ID"":""node/3993639368"",""Temporary_Record_ID"":""osm_node_3993639368"",""Venue_Category"":""food_major""}"
buttler_loc_c102c65d678b754157b5,node/3993639369,OSM,node/3993639369,restroom_acquisition,Infinitea,9.3077528,123.309631,"Rizal Boulevard, Poblacion 4, Dumaguete City",unknown,unknown,Unknown,Unknown,candidate_unverified,"{""Access"":""unknown"",""Acquisition_Date"":""2026-09-01"",""Address"":""Rizal Boulevard, Poblacion 4, Dumaguete City"",""Bidet_Presence"":""Unknown"",""Candidate_Priority"":""Medium"",""Candidate_Reason"":""Food/drink venue; restroom uncertain (amenity=cafe)"",""Fee"":""unknown"",""Last_Source_Update"":""2025-11-03T10:28:22Z"",""Latitude"":9.3077528,""Longitude"":123.309631,""Match_Confidence"":"""",""Match_Reason"":"""",""Name"":""Infinitea"",""Notes"":"""",""OSM_ID"":""3993639369"",""OSM_Type"":""node"",""Parent_Venue"":""Paseo Perdices"",""Restroom_Presence"":""Unknown"",""Restroom_Verification"":""candidate_unverified"",""Source"":""OSM"",""Source_ID"":""node/3993639369"",""Temporary_Record_ID"":""osm_node_3993639369"",""Venue_Category"":""food_drink""}"
buttler_loc_fd47b3fd9713329eb771,node/3993639370,OSM,node/3993639370,restroom_acquisition,Yellow Cab,9.3077941,123.3096274,"Rizal Boulevard, Poblacion 4, Dumaguete City",unknown,unknown,Unknown,Unknown,candidate_unverified,"{""Access"":""unknown"",""Acquisition_Date"":""2026-09-01"",""Address"":""Rizal Boulevard, Poblacion 4, Dumaguete City"",""Bidet_Presence"":""Unknown"",""Candidate_Priority"":""High"",""Candidate_Reason"":""Restaurant or fast-food venue (amenity=fast_food)"",""Fee"":""unknown"",""Last_Source_Update"":""2025-11-03T10:28:22Z"",""Latitude"":9.3077941,""Longitude"":123.3096274,""Match_Confidence"":"""",""Match_Reason"":"""",""Name"":""Yellow Cab"",""Notes"":"""",""OSM_ID"":""3993639370"",""OSM_Type"":""node"",""Parent_Venue"":""Paseo Perdices"",""Restroom_Presence"":""Unknown"",""Restroom_Verification"":""candidate_unverified"",""Source"":""OSM"",""Source_ID"":""node/3993639370"",""Temporary_Record_ID"":""osm_node_3993639370"",""Venue_Category"":""food_major""}"
buttler_loc_de6ab3ce2e9da2bab0b1,node/3993639371,OSM,node/3993639371,restroom_acquisition,Max's Restaurant,9.3077035,123.3096353,"Rizal Boulevard, Poblacion 4, Dumaguete City",unknown,unknown,Unknown,Unknown,candidate_unverified,"{""Access"":""unknown"",""Acquisition_Date"":""2026-09-01"",""Address"":""Rizal Boulevard, Poblacion 4, Dumaguete City"",""Bidet_Presence"":""Unknown"",""Candidate_Priority"":""High"",""Candidate_Reason"":""Restaurant or fast-food venue (amenity=restaurant)"",""Fee"":""unknown"",""Last_Source_Update"":""2025-11-03T10:28:22Z"",""Latitude"":9.3077035,""Longitude"":123.3096353,""Match_Confidence"":"""",""Match_Reason"":"""",""Name"":""Max's Restaurant"",""Notes"":"""",""OSM_ID"":""3993639371"",""OSM_Type"":""node"",""Parent_Venue"":""Paseo Perdices"",""Restroom_Presence"":""Unknown"",""Restroom_Verification"":""candidate_unverified"",""Source"":""OSM"",""Source_ID"":""node/3993639371"",""Temporary_Record_ID"":""osm_node_3993639371"",""Venue_Category"":""food_major""}"
buttler_loc_224ec4acbe4b0b9f8d7c,node/4150134889,OSM,node/4150134889,restroom_acquisition,Terminal Dauin,9.3046862,123.3075695,,unknown,unknown,Unknown,Unknown,candidate_unverified,"{""Access"":""unknown"",""Acquisition_Date"":""2026-09-01"",""Address"":"""",""Bidet_Presence"":""Unknown"",""Candidate_Priority"":""Medium"",""Candidate_Reason"":""Food/drink venue; restroom uncertain (amenity=pub)"",""Fee"":""unknown"",""Last_Source_Update"":""2016-04-26T23:19:50Z"",""Latitude"":9.3046862,""Longitude"":123.3075695,""Match_Confidence"":"""",""Match_Reason"":"""",""Name"":""Terminal Dauin"",""Notes"":"""",""OSM_ID"":""4150134889"",""OSM_Type"":""node"",""Parent_Venue"":"""",""Restroom_Presence"":""Unknown"",""Restroom_Verification"":""candidate_unverified"",""Source"":""OSM"",""Source_ID"":""node/4150134889"",""Temporary_Record_ID"":""osm_node_4150134889"",""Venue_Category"":""food_drink""}"
buttler_loc_c746d5dcc5dd6ff9da30,node/4173785489,OSM,node/4173785489,restroom_acquisition,Streetside,9.3167923,123.3018696,Veterans Avenue,unknown,unknown,Unknown,Unknown,candidate_unverified,"{""Access"":""unknown"",""Acquisition_Date"":""2026-09-01"",""Address"":""Veterans Avenue"",""Bidet_Presence"":""Unknown"",""Candidate_Priority"":""Medium"",""Candidate_Reason"":""Convenience store; restroom uncertain (shop=convenience)"",""Fee"":""unknown"",""Last_Source_Update"":""2025-04-04T08:00:50Z"",""Latitude"":9.3167923,""Longitude"":123.3018696,""Match_Confidence"":"""",""Match_Reason"":"""",""Name"":""Streetside"",""Notes"":"""",""OSM_ID"":""4173785489"",""OSM_Type"":""node"",""Parent_Venue"":"""",""Restroom_Presence"":""Unknown"",""Restroom_Verification"":""candidate_unverified"",""Source"":""OSM"",""Source_ID"":""node/4173785489"",""Temporary_Record_ID"":""osm_node_4173785489"",""Venue_Category"":""convenience""}"
buttler_loc_4c1f58f74fd16d95236e,node/4199763193,OSM,node/4199763193,restroom_acquisition,Avenue Park Hotel,9.3088634,123.3074206,"Governor M. F. Perdices Street, Dumaguete",unknown,unknown,Unknown,Unknown,candidate_unverified,"{""Access"":""unknown"",""Acquisition_Date"":""2026-09-01"",""Address"":""Governor M. F. Perdices Street, Dumaguete"",""Bidet_Presence"":""Unknown"",""Candidate_Priority"":""High"",""Candidate_Reason"":""Substantial accommodation (tourism=hotel)"",""Fee"":""unknown"",""Last_Source_Update"":""2025-02-22T03:28:13Z"",""Latitude"":9.3088634,""Longitude"":123.3074206,""Match_Confidence"":"""",""Match_Reason"":"""",""Name"":""Avenue Park Hotel"",""Notes"":"""",""OSM_ID"":""4199763193"",""OSM_Type"":""node"",""Parent_Venue"":"""",""Restroom_Presence"":""Unknown"",""Restroom_Verification"":""candidate_unverified"",""Source"":""OSM"",""Source_ID"":""node/4199763193"",""Temporary_Record_ID"":""osm_node_4199763193"",""Venue_Category"":""accommodation""}"
buttler_loc_e73258f68b9ef6c30afb,node/4199763292,OSM,node/4199763292,restroom_acquisition,DND suites,9.3096493,123.3074884,,unknown,unknown,Unknown,Unknown,candidate_unverified,"{""Access"":""unknown"",""Acquisition_Date"":""2026-09-01"",""Address"":"""",""Bidet_Presence"":""Unknown"",""Candidate_Priority"":""High"",""Candidate_Reason"":""Substantial accommodation (tourism=hotel)"",""Fee"":""unknown"",""Last_Source_Update"":""2025-03-04T01:41:24Z"",""Latitude"":9.3096493,""Longitude"":123.3074884,""Match_Confidence"":"""",""Match_Reason"":"""",""Name"":""DND suites"",""Notes"":"""",""OSM_ID"":""4199763292"",""OSM_Type"":""node"",""Parent_Venue"":"""",""Restroom_Presence"":""Unknown"",""Restroom_Verification"":""candidate_unverified"",""Source"":""OSM"",""Source_ID"":""node/4199763292"",""Temporary_Record_ID"":""osm_node_4199763292"",""Venue_Category"":""accommodation""}"
buttler_loc_4a7782b4780e7bfd1ae2,node/4220779393,OSM,node/4220779393,restroom_acquisition,RJ Mart,9.3068838,123.3072344,,unknown,unknown,Unknown,Unknown,candidate_unverified,"{""Access"":""unknown"",""Acquisition_Date"":""2026-09-01"",""Address"":"""",""Bidet_Presence"":""Unknown"",""Candidate_Priority"":""Medium"",""Candidate_Reason"":""Convenience store; restroom uncertain (shop=convenience)"",""Fee"":""unknown"",""Last_Source_Update"":""2016-06-02T04:02:40Z"",""Latitude"":9.3068838,""Longitude"":123.3072344,""Match_Confidence"":"""",""Match_Reason"":"""",""Name"":""RJ Mart"",""Notes"":"""",""OSM_ID"":""4220779393"",""OSM_Type"":""node"",""Parent_Venue"":"""",""Restroom_Presence"":""Unknown"",""Restroom_Verification"":""candidate_unverified"",""Source"":""OSM"",""Source_ID"":""node/4220779393"",""Temporary_Record_ID"":""osm_node_4220779393"",""Venue_Category"":""convenience""}"
buttler_loc_b2c0dadc730fd49bc01f,node/4231148890,OSM,node/4231148890,restroom_acquisition,Escarda's Grill Haus,9.3065076,123.3016809,Dr. Vicente Locsin Street,unknown,unknown,Unknown,Unknown,candidate_unverified,"{""Access"":""unknown"",""Acquisition_Date"":""2026-09-01"",""Address"":""Dr. Vicente Locsin Street"",""Bidet_Presence"":""Unknown"",""Candidate_Priority"":""High"",""Candidate_Reason"":""Restaurant or fast-food venue (amenity=fast_food)"",""Fee"":""unknown"",""Last_Source_Update"":""2025-02-23T13:31:40Z"",""Latitude"":9.3065076,""Longitude"":123.3016809,""Match_Confidence"":"""",""Match_Reason"":"""",""Name"":""Escarda's Grill Haus"",""Notes"":"""",""OSM_ID"":""4231148890"",""OSM_Type"":""node"",""Parent_Venue"":"""",""Restroom_Presence"":""Unknown"",""Restroom_Verification"":""candidate_unverified"",""Source"":""OSM"",""Source_ID"":""node/4231148890"",""Temporary_Record_ID"":""osm_node_4231148890"",""Venue_Category"":""food_major""}"
buttler_loc_6f3dc5d6ef28acb7684d,node/4231148891,OSM,node/4231148891,restroom_acquisition,Gourmet Cafe coffee shop,9.3066185,123.3023138,,unknown,unknown,Unknown,Unknown,candidate_unverified,"{""Access"":""unknown"",""Acquisition_Date"":""2026-09-01"",""Address"":"""",""Bidet_Presence"":""Unknown"",""Candidate_Priority"":""Medium"",""Candidate_Reason"":""Food/drink venue; restroom uncertain (amenity=cafe)"",""Fee"":""unknown"",""Last_Source_Update"":""2019-08-06T07:21:36Z"",""Latitude"":9.3066185,""Longitude"":123.3023138,""Match_Confidence"":"""",""Match_Reason"":"""",""Name"":""Gourmet Cafe coffee shop"",""Notes"":"""",""OSM_ID"":""4231148891"",""OSM_Type"":""node"",""Parent_Venue"":"""",""Restroom_Presence"":""Unknown"",""Restroom_Verification"":""candidate_unverified"",""Source"":""OSM"",""Source_ID"":""node/4231148891"",""Temporary_Record_ID"":""osm_node_4231148891"",""Venue_Category"":""food_drink""}"
buttler_loc_db4892e205f58a7509f6,node/4359701889,OSM,node/4359701889,restroom_acquisition,White Knight Dumaguete,9.3058604,123.3015216,Doctor Miciano Road,unknown,unknown,Unknown,Unknown,candidate_unverified,"{""Access"":""unknown"",""Acquisition_Date"":""2026-09-01"",""Address"":""Doctor Miciano Road"",""Bidet_Presence"":""Unknown"",""Candidate_Priority"":""High"",""Candidate_Reason"":""Substantial accommodation (tourism=hostel)"",""Fee"":""unknown"",""Last_Source_Update"":""2025-04-04T06:23:58Z"",""Latitude"":9.3058604,""Longitude"":123.3015216,""Match_Confidence"":"""",""Match_Reason"":"""",""Name"":""White Knight Dumaguete"",""Notes"":"""",""OSM_ID"":""4359701889"",""OSM_Type"":""node"",""Parent_Venue"":"""",""Restroom_Presence"":""Unknown"",""Restroom_Verification"":""candidate_unverified"",""Source"":""OSM"",""Source_ID"":""node/4359701889"",""Temporary_Record_ID"":""osm_node_4359701889"",""Venue_Category"":""accommodation""}"
buttler_loc_694662c12a40572bf995,node/4359702389,OSM,node/4359702389,restroom_acquisition,Kikoy Paklay,9.3104795,123.2998723,Ciriaco Espina Street,unknown,unknown,Unknown,Unknown,candidate_unverified,"{""Access"":""unknown"",""Acquisition_Date"":""2026-09-01"",""Address"":""Ciriaco Espina Street"",""Bidet_Presence"":""Unknown"",""Candidate_Priority"":""High"",""Candidate_Reason"":""Restaurant or fast-food venue (amenity=fast_food)"",""Fee"":""unknown"",""Last_Source_Update"":""2025-03-11T07:28:33Z"",""Latitude"":9.3104795,""Longitude"":123.2998723,""Match_Confidence"":"""",""Match_Reason"":"""",""Name"":""Kikoy Paklay"",""Notes"":"""",""OSM_ID"":""4359702389"",""OSM_Type"":""node"",""Parent_Venue"":"""",""Restroom_Presence"":""Unknown"",""Restroom_Verification"":""candidate_unverified"",""Source"":""OSM"",""Source_ID"":""node/4359702389"",""Temporary_Record_ID"":""osm_node_4359702389"",""Venue_Category"":""food_major""}"
buttler_loc_1a03dc29775388c34239,node/4389095992,OSM,node/4389095992,restroom_acquisition,Cafe Racer,9.3200848,123.312119,,unknown,unknown,Unknown,Unknown,candidate_unverified,"{""Access"":""unknown"",""Acquisition_Date"":""2026-09-01"",""Address"":"""",""Bidet_Presence"":""Unknown"",""Candidate_Priority"":""High"",""Candidate_Reason"":""Restaurant or fast-food venue (amenity=restaurant)"",""Fee"":""unknown"",""Last_Source_Update"":""2026-05-01T05:54:17Z"",""Latitude"":9.3200848,""Longitude"":123.312119,""Match_Confidence"":"""",""Match_Reason"":"""",""Name"":""Cafe Racer"",""Notes"":"""",""OSM_ID"":""4389095992"",""OSM_Type"":""node"",""Parent_Venue"":"""",""Restroom_Presence"":""Unknown"",""Restroom_Verification"":""candidate_unverified"",""Source"":""OSM"",""Source_ID"":""node/4389095992"",""Temporary_Record_ID"":""osm_node_4389095992"",""Venue_Category"":""food_major""}"
buttler_loc_83dd7a5882ef9d87b84d,node/4389101691,OSM,node/4389101691,restroom_acquisition,Lantaw Restaurant,9.3213724,123.3121947,,unknown,unknown,Unknown,Unknown,candidate_unverified,"{""Access"":""unknown"",""Acquisition_Date"":""2026-09-01"",""Address"":"""",""Bidet_Presence"":""Unknown"",""Candidate_Priority"":""High"",""Candidate_Reason"":""Restaurant or fast-food venue (amenity=restaurant)"",""Fee"":""unknown"",""Last_Source_Update"":""2025-02-14T12:36:14Z"",""Latitude"":9.3213724,""Longitude"":123.3121947,""Match_Confidence"":"""",""Match_Reason"":"""",""Name"":""Lantaw Restaurant"",""Notes"":"""",""OSM_ID"":""4389101691"",""OSM_Type"":""node"",""Parent_Venue"":"""",""Restroom_Presence"":""Unknown"",""Restroom_Verification"":""candidate_unverified"",""Source"":""OSM"",""Source_ID"":""node/4389101691"",""Temporary_Record_ID"":""osm_node_4389101691"",""Venue_Category"":""food_major""}"
buttler_loc_14fb4bc3d5c8dac0e204,node/4391798089,OSM,node/4391798089,restroom_acquisition,Arnok's Fried Chicken,9.3263147,123.297763,Veterans Avenue,unknown,unknown,Unknown,Unknown,candidate_unverified,"{""Access"":""unknown"",""Acquisition_Date"":""2026-09-01"",""Address"":""Veterans Avenue"",""Bidet_Presence"":""Unknown"",""Candidate_Priority"":""High"",""Candidate_Reason"":""Restaurant or fast-food venue (amenity=fast_food)"",""Fee"":""unknown"",""Last_Source_Update"":""2025-04-09T04:25:06Z"",""Latitude"":9.3263147,""Longitude"":123.297763,""Match_Confidence"":"""",""Match_Reason"":"""",""Name"":""Arnok's Fried Chicken"",""Notes"":"""",""OSM_ID"":""4391798089"",""OSM_Type"":""node"",""Parent_Venue"":"""",""Restroom_Presence"":""Unknown"",""Restroom_Verification"":""candidate_unverified"",""Source"":""OSM"",""Source_ID"":""node/4391798089"",""Temporary_Record_ID"":""osm_node_4391798089"",""Venue_Category"":""food_major""}"
buttler_loc_4229a48371e3734c46b9,node/4393238689,OSM,node/4393238689,restroom_acquisition,Optimum Pension House,9.314675,123.3041282,,unknown,unknown,Unknown,Unknown,candidate_unverified,"{""Access"":""unknown"",""Acquisition_Date"":""2026-09-01"",""Address"":"""",""Bidet_Presence"":""Unknown"",""Candidate_Priority"":""High"",""Candidate_Reason"":""Substantial accommodation (tourism=hotel)"",""Fee"":""unknown"",""Last_Source_Update"":""2025-07-08T09:39:21Z"",""Latitude"":9.314675,""Longitude"":123.3041282,""Match_Confidence"":"""",""Match_Reason"":"""",""Name"":""Optimum Pension House"",""Notes"":"""",""OSM_ID"":""4393238689"",""OSM_Type"":""node"",""Parent_Venue"":"""",""Restroom_Presence"":""Unknown"",""Restroom_Verification"":""candidate_unverified"",""Source"":""OSM"",""Source_ID"":""node/4393238689"",""Temporary_Record_ID"":""osm_node_4393238689"",""Venue_Category"":""accommodation""}"
buttler_loc_79e7e44fbc1f469b44ce,node/4394564602,OSM,node/4394564602,restroom_acquisition,OK Pension House,9.3035632,123.3081378,Santa Rosa Street,unknown,unknown,Unknown,Unknown,candidate_unverified,"{""Access"":""unknown"",""Acquisition_Date"":""2026-09-01"",""Address"":""Santa Rosa Street"",""Bidet_Presence"":""Unknown"",""Candidate_Priority"":""High"",""Candidate_Reason"":""Substantial accommodation (tourism=hotel)"",""Fee"":""unknown"",""Last_Source_Update"":""2025-04-08T08:52:24Z"",""Latitude"":9.3035632,""Longitude"":123.3081378,""Match_Confidence"":"""",""Match_Reason"":"""",""Name"":""OK Pension House"",""Notes"":"""",""OSM_ID"":""4394564602"",""OSM_Type"":""node"",""Parent_Venue"":"""",""Restroom_Presence"":""Unknown"",""Restroom_Verification"":""candidate_unverified"",""Source"":""OSM"",""Source_ID"":""node/4394564602"",""Temporary_Record_ID"":""osm_node_4394564602"",""Venue_Category"":""accommodation""}"
buttler_loc_6d129145283e57cd9eb2,node/4423486691,OSM,node/4423486691,restroom_acquisition,La Fusion guest house,9.3229864,123.3048812,40 Route 7,unknown,unknown,Unknown,Unknown,candidate_unverified,"{""Access"":""unknown"",""Acquisition_Date"":""2026-09-01"",""Address"":""40 Route 7"",""Bidet_Presence"":""Unknown"",""Candidate_Priority"":""High"",""Candidate_Reason"":""Substantial accommodation (tourism=guest_house)"",""Fee"":""unknown"",""Last_Source_Update"":""2025-04-09T03:11:43Z"",""Latitude"":9.3229864,""Longitude"":123.3048812,""Match_Confidence"":"""",""Match_Reason"":"""",""Name"":""La Fusion guest house"",""Notes"":"""",""OSM_ID"":""4423486691"",""OSM_Type"":""node"",""Parent_Venue"":"""",""Restroom_Presence"":""Unknown"",""Restroom_Verification"":""candidate_unverified"",""Source"":""OSM"",""Source_ID"":""node/4423486691"",""Temporary_Record_ID"":""osm_node_4423486691"",""Venue_Category"":""accommodation""}"
buttler_loc_7a7dc3588936c8128679,node/4426223895,OSM,node/4426223895,restroom_acquisition,Bogart's,9.3089866,123.309436,,unknown,unknown,Unknown,Unknown,candidate_unverified,"{""Access"":""unknown"",""Acquisition_Date"":""2026-09-01"",""Address"":"""",""Bidet_Presence"":""Unknown"",""Candidate_Priority"":""High"",""Candidate_Reason"":""Restaurant or fast-food venue (amenity=restaurant)"",""Fee"":""unknown"",""Last_Source_Update"":""2025-02-26T06:28:59Z"",""Latitude"":9.3089866,""Longitude"":123.309436,""Match_Confidence"":"""",""Match_Reason"":"""",""Name"":""Bogart's"",""Notes"":"""",""OSM_ID"":""4426223895"",""OSM_Type"":""node"",""Parent_Venue"":"""",""Restroom_Presence"":""Unknown"",""Restroom_Verification"":""candidate_unverified"",""Source"":""OSM"",""Source_ID"":""node/4426223895"",""Temporary_Record_ID"":""osm_node_4426223895"",""Venue_Category"":""food_major""}"
buttler_loc_d52b125aaa2243b6d2c7,node/4433396791,OSM,node/4433396791,restroom_acquisition,7-Eleven,9.3069424,123.3051022,,unknown,unknown,Unknown,Unknown,candidate_unverified,"{""Access"":""unknown"",""Acquisition_Date"":""2026-09-01"",""Address"":"""",""Bidet_Presence"":""Unknown"",""Candidate_Priority"":""Medium"",""Candidate_Reason"":""Convenience store; restroom uncertain (shop=convenience)"",""Fee"":""unknown"",""Last_Source_Update"":""2025-02-02T10:18:58Z"",""Latitude"":9.3069424,""Longitude"":123.3051022,""Match_Confidence"":"""",""Match_Reason"":"""",""Name"":""7-Eleven"",""Notes"":"""",""OSM_ID"":""4433396791"",""OSM_Type"":""node"",""Parent_Venue"":"""",""Restroom_Presence"":""Unknown"",""Restroom_Verification"":""candidate_unverified"",""Source"":""OSM"",""Source_ID"":""node/4433396791"",""Temporary_Record_ID"":""osm_node_4433396791"",""Venue_Category"":""convenience""}"
buttler_loc_7e0015b221007495ff02,node/4433397595,OSM,node/4433397595,restroom_acquisition,eatery,9.306449,123.3049168,,unknown,unknown,Unknown,Unknown,candidate_unverified,"{""Access"":""unknown"",""Acquisition_Date"":""2026-09-01"",""Address"":"""",""Bidet_Presence"":""Unknown"",""Candidate_Priority"":""High"",""Candidate_Reason"":""Restaurant or fast-food venue (amenity=restaurant)"",""Fee"":""unknown"",""Last_Source_Update"":""2016-10-05T22:26:37Z"",""Latitude"":9.306449,""Longitude"":123.3049168,""Match_Confidence"":"""",""Match_Reason"":"""",""Name"":""eatery"",""Notes"":"""",""OSM_ID"":""4433397595"",""OSM_Type"":""node"",""Parent_Venue"":"""",""Restroom_Presence"":""Unknown"",""Restroom_Verification"":""candidate_unverified"",""Source"":""OSM"",""Source_ID"":""node/4433397595"",""Temporary_Record_ID"":""osm_node_4433397595"",""Venue_Category"":""food_major""}"
buttler_loc_961e95d5cc312808f8be,node/4454730889,OSM,node/4454730889,restroom_acquisition,Malaunay Jeep station,9.3057941,123.3044826,,unknown,unknown,Unknown,Unknown,candidate_unverified,"{""Access"":""unknown"",""Acquisition_Date"":""2026-09-01"",""Address"":"""",""Bidet_Presence"":""Unknown"",""Candidate_Priority"":""High"",""Candidate_Reason"":""Passenger terminal (amenity=bus_station)"",""Fee"":""unknown"",""Last_Source_Update"":""2025-03-16T06:04:15Z"",""Latitude"":9.3057941,""Longitude"":123.3044826,""Match_Confidence"":"""",""Match_Reason"":"""",""Name"":""Malaunay Jeep station"",""Notes"":"""",""OSM_ID"":""4454730889"",""OSM_Type"":""node"",""Parent_Venue"":"""",""Restroom_Presence"":""Unknown"",""Restroom_Verification"":""candidate_unverified"",""Source"":""OSM"",""Source_ID"":""node/4454730889"",""Temporary_Record_ID"":""osm_node_4454730889"",""Venue_Category"":""transport_terminal""}"
buttler_loc_8f5d6baed4b48bed931a,node/4472280293,OSM,node/4472280293,restroom_acquisition,Senoritas Mexican Restaurant,9.2866468,123.2942239,,unknown,unknown,Unknown,Unknown,candidate_unverified,"{""Access"":""unknown"",""Acquisition_Date"":""2026-09-01"",""Address"":"""",""Bidet_Presence"":""Unknown"",""Candidate_Priority"":""High"",""Candidate_Reason"":""Restaurant or fast-food venue (amenity=restaurant)"",""Fee"":""unknown"",""Last_Source_Update"":""2016-10-31T08:14:31Z"",""Latitude"":9.2866468,""Longitude"":123.2942239,""Match_Confidence"":"""",""Match_Reason"":"""",""Name"":""Senoritas Mexican Restaurant"",""Notes"":"""",""OSM_ID"":""4472280293"",""OSM_Type"":""node"",""Parent_Venue"":"""",""Restroom_Presence"":""Unknown"",""Restroom_Verification"":""candidate_unverified"",""Source"":""OSM"",""Source_ID"":""node/4472280293"",""Temporary_Record_ID"":""osm_node_4472280293"",""Venue_Category"":""food_major""}"
buttler_loc_91694df24509dff4f421,node/4543749791,OSM,node/4543749791,restroom_acquisition,Navarro's Apartment,9.3284458,123.29655,,unknown,unknown,Unknown,Unknown,candidate_unverified,"{""Access"":""unknown"",""Acquisition_Date"":""2026-09-01"",""Address"":"""",""Bidet_Presence"":""Unknown"",""Candidate_Priority"":""High"",""Candidate_Reason"":""Substantial accommodation (tourism=hostel)"",""Fee"":""unknown"",""Last_Source_Update"":""2016-12-07T20:59:55Z"",""Latitude"":9.3284458,""Longitude"":123.29655,""Match_Confidence"":"""",""Match_Reason"":"""",""Name"":""Navarro's Apartment"",""Notes"":"""",""OSM_ID"":""4543749791"",""OSM_Type"":""node"",""Parent_Venue"":"""",""Restroom_Presence"":""Unknown"",""Restroom_Verification"":""candidate_unverified"",""Source"":""OSM"",""Source_ID"":""node/4543749791"",""Temporary_Record_ID"":""osm_node_4543749791"",""Venue_Category"":""accommodation""}"
buttler_loc_0f6759d8ba62b3d78cf8,node/4548668092,OSM,node/4548668092,restroom_acquisition,Sibulan Jeepney Terminal,9.3062502,123.3058714,,unknown,unknown,Unknown,Unknown,candidate_unverified,"{""Access"":""unknown"",""Acquisition_Date"":""2026-09-01"",""Address"":"""",""Bidet_Presence"":""Unknown"",""Candidate_Priority"":""High"",""Candidate_Reason"":""Passenger terminal (amenity=bus_station)"",""Fee"":""unknown"",""Last_Source_Update"":""2022-10-30T15:06:32Z"",""Latitude"":9.3062502,""Longitude"":123.3058714,""Match_Confidence"":"""",""Match_Reason"":"""",""Name"":""Sibulan Jeepney Terminal"",""Notes"":"""",""OSM_ID"":""4548668092"",""OSM_Type"":""node"",""Parent_Venue"":"""",""Restroom_Presence"":""Unknown"",""Restroom_Verification"":""candidate_unverified"",""Source"":""OSM"",""Source_ID"":""node/4548668092"",""Temporary_Record_ID"":""osm_node_4548668092"",""Venue_Category"":""transport_terminal""}"
buttler_loc_012146c1e3d632322d52,node/4552079522,OSM,node/4552079522,restroom_acquisition,Sweet Corner,9.2986479,123.3032798,,unknown,unknown,Unknown,Unknown,candidate_unverified,"{""Access"":""unknown"",""Acquisition_Date"":""2026-09-01"",""Address"":"""",""Bidet_Presence"":""Unknown"",""Candidate_Priority"":""High"",""Candidate_Reason"":""Restaurant or fast-food venue (amenity=fast_food)"",""Fee"":""unknown"",""Last_Source_Update"":""2025-05-16T09:34:20Z"",""Latitude"":9.2986479,""Longitude"":123.3032798,""Match_Confidence"":"""",""Match_Reason"":"""",""Name"":""Sweet Corner"",""Notes"":"""",""OSM_ID"":""4552079522"",""OSM_Type"":""node"",""Parent_Venue"":"""",""Restroom_Presence"":""Unknown"",""Restroom_Verification"":""candidate_unverified"",""Source"":""OSM"",""Source_ID"":""node/4552079522"",""Temporary_Record_ID"":""osm_node_4552079522"",""Venue_Category"":""food_major""}"
buttler_loc_ae1aedfee630131551e2,node/4552079527,OSM,node/4552079527,restroom_acquisition,Gie-Gies Sport Bar and Grill,9.2894695,123.2961265,,unknown,unknown,Unknown,Unknown,candidate_unverified,"{""Access"":""unknown"",""Acquisition_Date"":""2026-09-01"",""Address"":"""",""Bidet_Presence"":""Unknown"",""Candidate_Priority"":""High"",""Candidate_Reason"":""Restaurant or fast-food venue (amenity=restaurant)"",""Fee"":""unknown"",""Last_Source_Update"":""2016-12-13T10:24:58Z"",""Latitude"":9.2894695,""Longitude"":123.2961265,""Match_Confidence"":"""",""Match_Reason"":"""",""Name"":""Gie-Gies Sport Bar and Grill"",""Notes"":"""",""OSM_ID"":""4552079527"",""OSM_Type"":""node"",""Parent_Venue"":"""",""Restroom_Presence"":""Unknown"",""Restroom_Verification"":""candidate_unverified"",""Source"":""OSM"",""Source_ID"":""node/4552079527"",""Temporary_Record_ID"":""osm_node_4552079527"",""Venue_Category"":""food_major""}"
buttler_loc_08b65e8b3b602bae6625,node/4591929089,OSM,node/4591929089,restroom_acquisition,GAT Apartments,9.3195182,123.3078625,Amigo Street,unknown,unknown,Unknown,Unknown,candidate_unverified,"{""Access"":""unknown"",""Acquisition_Date"":""2026-09-01"",""Address"":""Amigo Street"",""Bidet_Presence"":""Unknown"",""Candidate_Priority"":""High"",""Candidate_Reason"":""Substantial accommodation (tourism=guest_house)"",""Fee"":""unknown"",""Last_Source_Update"":""2025-04-09T03:01:50Z"",""Latitude"":9.3195182,""Longitude"":123.3078625,""Match_Confidence"":"""",""Match_Reason"":"""",""Name"":""GAT Apartments"",""Notes"":"""",""OSM_ID"":""4591929089"",""OSM_Type"":""node"",""Parent_Venue"":"""",""Restroom_Presence"":""Unknown"",""Restroom_Verification"":""candidate_unverified"",""Source"":""OSM"",""Source_ID"":""node/4591929089"",""Temporary_Record_ID"":""osm_node_4591929089"",""Venue_Category"":""accommodation""}"
buttler_loc_9ad145ba4240f6830d97,node/4607152593,OSM,node/4607152593,restroom_acquisition,Hermogina Apartments,9.2950867,123.3007667,,unknown,unknown,Unknown,Unknown,candidate_unverified,"{""Access"":""unknown"",""Acquisition_Date"":""2026-09-01"",""Address"":"""",""Bidet_Presence"":""Unknown"",""Candidate_Priority"":""High"",""Candidate_Reason"":""Substantial accommodation (tourism=hotel)"",""Fee"":""unknown"",""Last_Source_Update"":""2025-08-03T16:05:02Z"",""Latitude"":9.2950867,""Longitude"":123.3007667,""Match_Confidence"":"""",""Match_Reason"":"""",""Name"":""Hermogina Apartments"",""Notes"":"""",""OSM_ID"":""4607152593"",""OSM_Type"":""node"",""Parent_Venue"":"""",""Restroom_Presence"":""Unknown"",""Restroom_Verification"":""candidate_unverified"",""Source"":""OSM"",""Source_ID"":""node/4607152593"",""Temporary_Record_ID"":""osm_node_4607152593"",""Venue_Category"":""accommodation""}"
buttler_loc_49033a7fc589ae24dd0c,node/4658939295,OSM,node/4658939295,restroom_acquisition,Mediterranean Food Corner,9.3086487,123.3088482,4 Santa Catalina Street,unknown,unknown,Unknown,Unknown,candidate_unverified,"{""Access"":""unknown"",""Acquisition_Date"":""2026-09-01"",""Address"":""4 Santa Catalina Street"",""Bidet_Presence"":""Unknown"",""Candidate_Priority"":""High"",""Candidate_Reason"":""Restaurant or fast-food venue (amenity=fast_food)"",""Fee"":""unknown"",""Last_Source_Update"":""2025-04-08T09:14:51Z"",""Latitude"":9.3086487,""Longitude"":123.3088482,""Match_Confidence"":"""",""Match_Reason"":"""",""Name"":""Mediterranean Food Corner"",""Notes"":"""",""OSM_ID"":""4658939295"",""OSM_Type"":""node"",""Parent_Venue"":"""",""Restroom_Presence"":""Unknown"",""Restroom_Verification"":""candidate_unverified"",""Source"":""OSM"",""Source_ID"":""node/4658939295"",""Temporary_Record_ID"":""osm_node_4658939295"",""Venue_Category"":""food_major""}"
buttler_loc_33a500f1df81118abe6e,node/4664732692,OSM,node/4664732692,restroom_acquisition,Dastraum Guesthaus,9.3091295,123.3024868,130 San Jose Extension,unknown,unknown,Unknown,Unknown,candidate_unverified,"{""Access"":""unknown"",""Acquisition_Date"":""2026-09-01"",""Address"":""130 San Jose Extension"",""Bidet_Presence"":""Unknown"",""Candidate_Priority"":""High"",""Candidate_Reason"":""Substantial accommodation (tourism=hostel)"",""Fee"":""unknown"",""Last_Source_Update"":""2025-03-13T05:53:53Z"",""Latitude"":9.3091295,""Longitude"":123.3024868,""Match_Confidence"":"""",""Match_Reason"":"""",""Name"":""Dastraum Guesthaus"",""Notes"":"""",""OSM_ID"":""4664732692"",""OSM_Type"":""node"",""Parent_Venue"":"""",""Restroom_Presence"":""Unknown"",""Restroom_Verification"":""candidate_unverified"",""Source"":""OSM"",""Source_ID"":""node/4664732692"",""Temporary_Record_ID"":""osm_node_4664732692"",""Venue_Category"":""accommodation""}"
buttler_loc_5412746d2150ac6c94a6,node/4701518411,OSM,node/4701518411,restroom_acquisition,7-Eleven,9.3173222,123.3032966,"Doctor Venancio I. Aldecoa Sr. Drive, Dumaguete",unknown,unknown,Unknown,Unknown,candidate_unverified,"{""Access"":""unknown"",""Acquisition_Date"":""2026-09-01"",""Address"":""Doctor Venancio I. Aldecoa Sr. Drive, Dumaguete"",""Bidet_Presence"":""Unknown"",""Candidate_Priority"":""Medium"",""Candidate_Reason"":""Convenience store; restroom uncertain (shop=convenience)"",""Fee"":""unknown"",""Last_Source_Update"":""2026-01-20T01:12:27Z"",""Latitude"":9.3173222,""Longitude"":123.3032966,""Match_Confidence"":"""",""Match_Reason"":"""",""Name"":""7-Eleven"",""Notes"":"""",""OSM_ID"":""4701518411"",""OSM_Type"":""node"",""Parent_Venue"":"""",""Restroom_Presence"":""Unknown"",""Restroom_Verification"":""candidate_unverified"",""Source"":""OSM"",""Source_ID"":""node/4701518411"",""Temporary_Record_ID"":""osm_node_4701518411"",""Venue_Category"":""convenience""}"
buttler_loc_d3cfd2431249d92cd936,node/4726921492,OSM,node/4726921492,restroom_acquisition,Casa Luna,9.306102,123.3055694,,unknown,unknown,Unknown,Unknown,candidate_unverified,"{""Access"":""unknown"",""Acquisition_Date"":""2026-09-01"",""Address"":"""",""Bidet_Presence"":""Unknown"",""Candidate_Priority"":""High"",""Candidate_Reason"":""Substantial accommodation (tourism=motel)"",""Fee"":""unknown"",""Last_Source_Update"":""2025-10-24T09:23:26Z"",""Latitude"":9.306102,""Longitude"":123.3055694,""Match_Confidence"":"""",""Match_Reason"":"""",""Name"":""Casa Luna"",""Notes"":"""",""OSM_ID"":""4726921492"",""OSM_Type"":""node"",""Parent_Venue"":"""",""Restroom_Presence"":""Unknown"",""Restroom_Verification"":""candidate_unverified"",""Source"":""OSM"",""Source_ID"":""node/4726921492"",""Temporary_Record_ID"":""osm_node_4726921492"",""Venue_Category"":""accommodation""}"
buttler_loc_b0c3a0e2e624f6d6ecda,node/4765952221,OSM,node/4765952221,restroom_acquisition,Mini Me,9.3063407,123.2976007,241 Larena Drive,unknown,unknown,Unknown,Unknown,candidate_unverified,"{""Access"":""unknown"",""Acquisition_Date"":""2026-09-01"",""Address"":""241 Larena Drive"",""Bidet_Presence"":""Unknown"",""Candidate_Priority"":""Medium"",""Candidate_Reason"":""Convenience store; restroom uncertain (shop=convenience)"",""Fee"":""unknown"",""Last_Source_Update"":""2025-04-04T06:22:04Z"",""Latitude"":9.3063407,""Longitude"":123.2976007,""Match_Confidence"":"""",""Match_Reason"":"""",""Name"":""Mini Me"",""Notes"":"""",""OSM_ID"":""4765952221"",""OSM_Type"":""node"",""Parent_Venue"":"""",""Restroom_Presence"":""Unknown"",""Restroom_Verification"":""candidate_unverified"",""Source"":""OSM"",""Source_ID"":""node/4765952221"",""Temporary_Record_ID"":""osm_node_4765952221"",""Venue_Category"":""convenience""}"
buttler_loc_d0af5d7f3e7644d1da5e,node/4776661321,OSM,node/4776661321,restroom_acquisition,Gabby's Bed & Breakfast,9.3177621,123.2971445,,unknown,unknown,Unknown,Unknown,candidate_unverified,"{""Access"":""unknown"",""Acquisition_Date"":""2026-09-01"",""Address"":"""",""Bidet_Presence"":""Unknown"",""Candidate_Priority"":""High"",""Candidate_Reason"":""Substantial accommodation (tourism=guest_house)"",""Fee"":""unknown"",""Last_Source_Update"":""2025-02-18T15:41:53Z"",""Latitude"":9.3177621,""Longitude"":123.2971445,""Match_Confidence"":"""",""Match_Reason"":"""",""Name"":""Gabby's Bed & Breakfast"",""Notes"":"""",""OSM_ID"":""4776661321"",""OSM_Type"":""node"",""Parent_Venue"":"""",""Restroom_Presence"":""Unknown"",""Restroom_Verification"":""candidate_unverified"",""Source"":""OSM"",""Source_ID"":""node/4776661321"",""Temporary_Record_ID"":""osm_node_4776661321"",""Venue_Category"":""accommodation""}"
buttler_loc_6059ff0c2cee68693fc6,node/4783008283,OSM,node/4783008283,restroom_acquisition,AMA Computer College Dumaguete,9.3082608,123.3074878,"Governor M. F. Perdices Street, Dumaguete",unknown,unknown,Unknown,Unknown,candidate_unverified,"{""Access"":""unknown"",""Acquisition_Date"":""2026-09-01"",""Address"":""Governor M. F. Perdices Street, Dumaguete"",""Bidet_Presence"":""Unknown"",""Candidate_Priority"":""High"",""Candidate_Reason"":""University or college (amenity=college)"",""Fee"":""unknown"",""Last_Source_Update"":""2025-02-22T03:28:13Z"",""Latitude"":9.3082608,""Longitude"":123.3074878,""Match_Confidence"":"""",""Match_Reason"":"""",""Name"":""AMA Computer College Dumaguete"",""Notes"":"""",""OSM_ID"":""4783008283"",""OSM_Type"":""node"",""Parent_Venue"":"""",""Restroom_Presence"":""Unknown"",""Restroom_Verification"":""candidate_unverified"",""Source"":""OSM"",""Source_ID"":""node/4783008283"",""Temporary_Record_ID"":""osm_node_4783008283"",""Venue_Category"":""higher_education""}"
buttler_loc_e2543e46b7a0a5ed1a70,node/4833902822,OSM,node/4833902822,restroom_acquisition,7-Eleven,9.2994333,123.3038799,"Governor Perdices Street, Dumaguete",unknown,unknown,Unknown,Unknown,candidate_unverified,"{""Access"":""unknown"",""Acquisition_Date"":""2026-09-01"",""Address"":""Governor Perdices Street, Dumaguete"",""Bidet_Presence"":""Unknown"",""Candidate_Priority"":""Medium"",""Candidate_Reason"":""Convenience store; restroom uncertain (shop=convenience)"",""Fee"":""unknown"",""Last_Source_Update"":""2026-01-01T21:16:46Z"",""Latitude"":9.2994333,""Longitude"":123.3038799,""Match_Confidence"":"""",""Match_Reason"":"""",""Name"":""7-Eleven"",""Notes"":"""",""OSM_ID"":""4833902822"",""OSM_Type"":""node"",""Parent_Venue"":""Yala Building"",""Restroom_Presence"":""Unknown"",""Restroom_Verification"":""candidate_unverified"",""Source"":""OSM"",""Source_ID"":""node/4833902822"",""Temporary_Record_ID"":""osm_node_4833902822"",""Venue_Category"":""convenience""}"
buttler_loc_f14aff0b472d43e2af85,node/4932420951,OSM,node/4932420951,restroom_acquisition,Tiki,9.3233668,123.3117969,"Flores Avenue Extension, Dumaguete",unknown,unknown,Unknown,Unknown,candidate_unverified,"{""Access"":""unknown"",""Acquisition_Date"":""2026-09-01"",""Address"":""Flores Avenue Extension, Dumaguete"",""Bidet_Presence"":""Unknown"",""Candidate_Priority"":""Medium"",""Candidate_Reason"":""Food/drink venue; restroom uncertain (amenity=bar)"",""Fee"":""unknown"",""Last_Source_Update"":""2025-03-09T07:40:13Z"",""Latitude"":9.3233668,""Longitude"":123.3117969,""Match_Confidence"":"""",""Match_Reason"":"""",""Name"":""Tiki"",""Notes"":"""",""OSM_ID"":""4932420951"",""OSM_Type"":""node"",""Parent_Venue"":""way/709635982"",""Restroom_Presence"":""Unknown"",""Restroom_Verification"":""candidate_unverified"",""Source"":""OSM"",""Source_ID"":""node/4932420951"",""Temporary_Record_ID"":""osm_node_4932420951"",""Venue_Category"":""food_drink""}"
buttler_loc_02ae392803cd963cf0ed,node/4932422884,OSM,node/4932422884,restroom_acquisition,Hayahay,9.3211623,123.3122785,,unknown,unknown,Unknown,Unknown,candidate_unverified,"{""Access"":""unknown"",""Acquisition_Date"":""2026-09-01"",""Address"":"""",""Bidet_Presence"":""Unknown"",""Candidate_Priority"":""Medium"",""Candidate_Reason"":""Food/drink venue; restroom uncertain (amenity=pub)"",""Fee"":""unknown"",""Last_Source_Update"":""2025-02-14T12:36:31Z"",""Latitude"":9.3211623,""Longitude"":123.3122785,""Match_Confidence"":"""",""Match_Reason"":"""",""Name"":""Hayahay"",""Notes"":"""",""OSM_ID"":""4932422884"",""OSM_Type"":""node"",""Parent_Venue"":"""",""Restroom_Presence"":""Unknown"",""Restroom_Verification"":""candidate_unverified"",""Source"":""OSM"",""Source_ID"":""node/4932422884"",""Temporary_Record_ID"":""osm_node_4932422884"",""Venue_Category"":""food_drink""}"
buttler_loc_f730f519dca33279b56d,node/5091422623,OSM,node/5091422623,restroom_acquisition,Mang Inasal,9.3233702,123.2985207,,unknown,unknown,Unknown,Unknown,candidate_unverified,"{""Access"":""unknown"",""Acquisition_Date"":""2026-09-01"",""Address"":"""",""Bidet_Presence"":""Unknown"",""Candidate_Priority"":""High"",""Candidate_Reason"":""Restaurant or fast-food venue (amenity=fast_food)"",""Fee"":""unknown"",""Last_Source_Update"":""2025-03-06T06:34:48Z"",""Latitude"":9.3233702,""Longitude"":123.2985207,""Match_Confidence"":"""",""Match_Reason"":"""",""Name"":""Mang Inasal"",""Notes"":"""",""OSM_ID"":""5091422623"",""OSM_Type"":""node"",""Parent_Venue"":"""",""Restroom_Presence"":""Unknown"",""Restroom_Verification"":""candidate_unverified"",""Source"":""OSM"",""Source_ID"":""node/5091422623"",""Temporary_Record_ID"":""osm_node_5091422623"",""Venue_Category"":""food_major""}"
buttler_loc_c4b81a6f98ec02903364,node/5091422821,OSM,node/5091422821,restroom_acquisition,Chowking,9.3234496,123.2985001,,unknown,unknown,Unknown,Unknown,candidate_unverified,"{""Access"":""unknown"",""Acquisition_Date"":""2026-09-01"",""Address"":"""",""Bidet_Presence"":""Unknown"",""Candidate_Priority"":""High"",""Candidate_Reason"":""Restaurant or fast-food venue (amenity=fast_food)"",""Fee"":""unknown"",""Last_Source_Update"":""2025-03-06T06:34:40Z"",""Latitude"":9.3234496,""Longitude"":123.2985001,""Match_Confidence"":"""",""Match_Reason"":"""",""Name"":""Chowking"",""Notes"":"""",""OSM_ID"":""5091422821"",""OSM_Type"":""node"",""Parent_Venue"":"""",""Restroom_Presence"":""Unknown"",""Restroom_Verification"":""candidate_unverified"",""Source"":""OSM"",""Source_ID"":""node/5091422821"",""Temporary_Record_ID"":""osm_node_5091422821"",""Venue_Category"":""food_major""}"
buttler_loc_a981c9d0047ed6a75bd6,node/5135842122,OSM,node/5135842122,restroom_acquisition,Donie's foodhaus,9.2997437,123.3051939,Governor M. F. Perdices Street,unknown,unknown,Unknown,Unknown,candidate_unverified,"{""Access"":""unknown"",""Acquisition_Date"":""2026-09-01"",""Address"":""Governor M. F. Perdices Street"",""Bidet_Presence"":""Unknown"",""Candidate_Priority"":""High"",""Candidate_Reason"":""Restaurant or fast-food venue (amenity=fast_food)"",""Fee"":""unknown"",""Last_Source_Update"":""2025-02-19T22:01:28Z"",""Latitude"":9.2997437,""Longitude"":123.3051939,""Match_Confidence"":"""",""Match_Reason"":"""",""Name"":""Donie's foodhaus"",""Notes"":"""",""OSM_ID"":""5135842122"",""OSM_Type"":""node"",""Parent_Venue"":"""",""Restroom_Presence"":""Unknown"",""Restroom_Verification"":""candidate_unverified"",""Source"":""OSM"",""Source_ID"":""node/5135842122"",""Temporary_Record_ID"":""osm_node_5135842122"",""Venue_Category"":""food_major""}"
buttler_loc_0508027bd26afbcbdef8,node/5137345826,OSM,node/5137345826,restroom_acquisition,Ong Dental Clinic,9.3035576,123.3053041,Santa Rosa Street,unknown,unknown,Unknown,Unknown,candidate_unverified,"{""Access"":""unknown"",""Acquisition_Date"":""2026-09-01"",""Address"":""Santa Rosa Street"",""Bidet_Presence"":""Unknown"",""Candidate_Priority"":""Medium"",""Candidate_Reason"":""Clinic; customer restroom plausible (amenity=dentist)"",""Fee"":""unknown"",""Last_Source_Update"":""2025-04-08T08:06:01Z"",""Latitude"":9.3035576,""Longitude"":123.3053041,""Match_Confidence"":"""",""Match_Reason"":"""",""Name"":""Ong Dental Clinic"",""Notes"":"""",""OSM_ID"":""5137345826"",""OSM_Type"":""node"",""Parent_Venue"":"""",""Restroom_Presence"":""Unknown"",""Restroom_Verification"":""candidate_unverified"",""Source"":""OSM"",""Source_ID"":""node/5137345826"",""Temporary_Record_ID"":""osm_node_5137345826"",""Venue_Category"":""clinic""}"
buttler_loc_92b7cb3d1bd136145a78,node/5259032921,OSM,node/5259032921,restroom_acquisition,Islands Leisure Boutique Hotel & Spa,9.3252314,123.3070563,Hibbard Avenue,unknown,unknown,Unknown,Unknown,candidate_unverified,"{""Access"":""unknown"",""Acquisition_Date"":""2026-09-01"",""Address"":""Hibbard Avenue"",""Bidet_Presence"":""Unknown"",""Candidate_Priority"":""High"",""Candidate_Reason"":""Substantial accommodation (tourism=hotel)"",""Fee"":""unknown"",""Last_Source_Update"":""2025-05-22T23:51:00Z"",""Latitude"":9.3252314,""Longitude"":123.3070563,""Match_Confidence"":"""",""Match_Reason"":"""",""Name"":""Islands Leisure Boutique Hotel & Spa"",""Notes"":"""",""OSM_ID"":""5259032921"",""OSM_Type"":""node"",""Parent_Venue"":"""",""Restroom_Presence"":""Unknown"",""Restroom_Verification"":""candidate_unverified"",""Source"":""OSM"",""Source_ID"":""node/5259032921"",""Temporary_Record_ID"":""osm_node_5259032921"",""Venue_Category"":""accommodation""}"
buttler_loc_e06f34259fc32a71cf66,node/5281585521,OSM,node/5281585521,restroom_acquisition,J and N Eatery,9.3119609,123.309377,,unknown,unknown,Unknown,Unknown,candidate_unverified,"{""Access"":""unknown"",""Acquisition_Date"":""2026-09-01"",""Address"":"""",""Bidet_Presence"":""Unknown"",""Candidate_Priority"":""High"",""Candidate_Reason"":""Restaurant or fast-food venue (amenity=fast_food)"",""Fee"":""unknown"",""Last_Source_Update"":""2025-03-03T04:26:03Z"",""Latitude"":9.3119609,""Longitude"":123.309377,""Match_Confidence"":"""",""Match_Reason"":"""",""Name"":""J and N Eatery"",""Notes"":"""",""OSM_ID"":""5281585521"",""OSM_Type"":""node"",""Parent_Venue"":"""",""Restroom_Presence"":""Unknown"",""Restroom_Verification"":""candidate_unverified"",""Source"":""OSM"",""Source_ID"":""node/5281585521"",""Temporary_Record_ID"":""osm_node_5281585521"",""Venue_Category"":""food_major""}"
buttler_loc_dfdb785b6cdf15624e33,node/5423649359,OSM,node/5423649359,restroom_acquisition,Institute of Environmental & Marine Sciences,9.3311395,123.3092643,,unknown,unknown,Unknown,Unknown,candidate_unverified,"{""Access"":""unknown"",""Acquisition_Date"":""2026-09-01"",""Address"":"""",""Bidet_Presence"":""Unknown"",""Candidate_Priority"":""High"",""Candidate_Reason"":""University or college (amenity=college)"",""Fee"":""unknown"",""Last_Source_Update"":""2025-12-31T04:01:22Z"",""Latitude"":9.3311395,""Longitude"":123.3092643,""Match_Confidence"":"""",""Match_Reason"":"""",""Name"":""Institute of Environmental & Marine Sciences"",""Notes"":"""",""OSM_ID"":""5423649359"",""OSM_Type"":""node"",""Parent_Venue"":"""",""Restroom_Presence"":""Unknown"",""Restroom_Verification"":""candidate_unverified"",""Source"":""OSM"",""Source_ID"":""node/5423649359"",""Temporary_Record_ID"":""osm_node_5423649359"",""Venue_Category"":""higher_education""}"
buttler_loc_938144d335f9a59caf14,node/5459329521,OSM,node/5459329521,restroom_acquisition,Adamo,9.3178408,123.3017687,,unknown,unknown,Unknown,Unknown,candidate_unverified,"{""Access"":""unknown"",""Acquisition_Date"":""2026-09-01"",""Address"":"""",""Bidet_Presence"":""Unknown"",""Candidate_Priority"":""High"",""Candidate_Reason"":""Restaurant or fast-food venue (amenity=restaurant)"",""Fee"":""unknown"",""Last_Source_Update"":""2025-02-26T11:35:23Z"",""Latitude"":9.3178408,""Longitude"":123.3017687,""Match_Confidence"":"""",""Match_Reason"":"""",""Name"":""Adamo"",""Notes"":"""",""OSM_ID"":""5459329521"",""OSM_Type"":""node"",""Parent_Venue"":"""",""Restroom_Presence"":""Unknown"",""Restroom_Verification"":""candidate_unverified"",""Source"":""OSM"",""Source_ID"":""node/5459329521"",""Temporary_Record_ID"":""osm_node_5459329521"",""Venue_Category"":""food_major""}"
buttler_loc_a29bb72bcddd91c65193,node/5468456921,OSM,node/5468456921,restroom_acquisition,Kapitan's Kebab,9.3082126,123.3081014,6 San Jose Street,unknown,unknown,Unknown,Unknown,candidate_unverified,"{""Access"":""unknown"",""Acquisition_Date"":""2026-09-01"",""Address"":""6 San Jose Street"",""Bidet_Presence"":""Unknown"",""Candidate_Priority"":""High"",""Candidate_Reason"":""Restaurant or fast-food venue (amenity=fast_food)"",""Fee"":""unknown"",""Last_Source_Update"":""2023-11-27T04:58:53Z"",""Latitude"":9.3082126,""Longitude"":123.3081014,""Match_Confidence"":"""",""Match_Reason"":"""",""Name"":""Kapitan's Kebab"",""Notes"":"""",""OSM_ID"":""5468456921"",""OSM_Type"":""node"",""Parent_Venue"":"""",""Restroom_Presence"":""Unknown"",""Restroom_Verification"":""candidate_unverified"",""Source"":""OSM"",""Source_ID"":""node/5468456921"",""Temporary_Record_ID"":""osm_node_5468456921"",""Venue_Category"":""food_major""}"
buttler_loc_0b27380252ff876172b8,node/5474394222,OSM,node/5474394222,restroom_acquisition,Fmidc hub,9.289982,123.3007492,,unknown,unknown,Unknown,Unknown,candidate_unverified,"{""Access"":""unknown"",""Acquisition_Date"":""2026-09-01"",""Address"":"""",""Bidet_Presence"":""Unknown"",""Candidate_Priority"":""High"",""Candidate_Reason"":""Substantial accommodation (tourism=guest_house)"",""Fee"":""unknown"",""Last_Source_Update"":""2025-10-26T04:51:07Z"",""Latitude"":9.289982,""Longitude"":123.3007492,""Match_Confidence"":"""",""Match_Reason"":"""",""Name"":""Fmidc hub"",""Notes"":"""",""OSM_ID"":""5474394222"",""OSM_Type"":""node"",""Parent_Venue"":"""",""Restroom_Presence"":""Unknown"",""Restroom_Verification"":""candidate_unverified"",""Source"":""OSM"",""Source_ID"":""node/5474394222"",""Temporary_Record_ID"":""osm_node_5474394222"",""Venue_Category"":""accommodation""}"
buttler_loc_c51a8a2e14929a670455,node/5483220123,OSM,node/5483220123,restroom_acquisition,FiveTans,9.2985785,123.2994997,,unknown,unknown,Unknown,Unknown,candidate_unverified,"{""Access"":""unknown"",""Acquisition_Date"":""2026-09-01"",""Address"":"""",""Bidet_Presence"":""Unknown"",""Candidate_Priority"":""High"",""Candidate_Reason"":""Substantial accommodation (tourism=guest_house)"",""Fee"":""unknown"",""Last_Source_Update"":""2025-05-16T09:36:36Z"",""Latitude"":9.2985785,""Longitude"":123.2994997,""Match_Confidence"":"""",""Match_Reason"":"""",""Name"":""FiveTans"",""Notes"":"""",""OSM_ID"":""5483220123"",""OSM_Type"":""node"",""Parent_Venue"":"""",""Restroom_Presence"":""Unknown"",""Restroom_Verification"":""candidate_unverified"",""Source"":""OSM"",""Source_ID"":""node/5483220123"",""Temporary_Record_ID"":""osm_node_5483220123"",""Venue_Category"":""accommodation""}"
buttler_loc_41c4e8a06a9b8ff34e34,node/5483229721,OSM,node/5483229721,restroom_acquisition,B.S. Trading,9.3064006,123.3067019,Bishop Epifanio B. Surban Street,unknown,unknown,Unknown,Unknown,candidate_unverified,"{""Access"":""unknown"",""Acquisition_Date"":""2026-09-01"",""Address"":""Bishop Epifanio B. Surban Street"",""Bidet_Presence"":""Unknown"",""Candidate_Priority"":""Medium"",""Candidate_Reason"":""Convenience store; restroom uncertain (shop=convenience)"",""Fee"":""unknown"",""Last_Source_Update"":""2018-03-18T07:40:02Z"",""Latitude"":9.3064006,""Longitude"":123.3067019,""Match_Confidence"":"""",""Match_Reason"":"""",""Name"":""B.S. Trading"",""Notes"":"""",""OSM_ID"":""5483229721"",""OSM_Type"":""node"",""Parent_Venue"":"""",""Restroom_Presence"":""Unknown"",""Restroom_Verification"":""candidate_unverified"",""Source"":""OSM"",""Source_ID"":""node/5483229721"",""Temporary_Record_ID"":""osm_node_5483229721"",""Venue_Category"":""convenience""}"
buttler_loc_0ea2a2066d3ff2803719,node/5540660521,OSM,node/5540660521,restroom_acquisition,ND Lodge,9.3173558,123.3073405,Hibbard Avenue,unknown,unknown,Unknown,Unknown,candidate_unverified,"{""Access"":""unknown"",""Acquisition_Date"":""2026-09-01"",""Address"":""Hibbard Avenue"",""Bidet_Presence"":""Unknown"",""Candidate_Priority"":""High"",""Candidate_Reason"":""Substantial accommodation (tourism=guest_house)"",""Fee"":""unknown"",""Last_Source_Update"":""2025-05-09T14:30:03Z"",""Latitude"":9.3173558,""Longitude"":123.3073405,""Match_Confidence"":"""",""Match_Reason"":"""",""Name"":""ND Lodge"",""Notes"":"""",""OSM_ID"":""5540660521"",""OSM_Type"":""node"",""Parent_Venue"":"""",""Restroom_Presence"":""Unknown"",""Restroom_Verification"":""candidate_unverified"",""Source"":""OSM"",""Source_ID"":""node/5540660521"",""Temporary_Record_ID"":""osm_node_5540660521"",""Venue_Category"":""accommodation""}"
buttler_loc_ef6c15cc1716b04a905f,node/5542614024,OSM,node/5542614024,restroom_acquisition,7-Eleven,9.310463,123.3076825,,unknown,unknown,Unknown,Unknown,candidate_unverified,"{""Access"":""unknown"",""Acquisition_Date"":""2026-09-01"",""Address"":"""",""Bidet_Presence"":""Unknown"",""Candidate_Priority"":""Medium"",""Candidate_Reason"":""Convenience store; restroom uncertain (shop=convenience)"",""Fee"":""unknown"",""Last_Source_Update"":""2022-05-16T20:25:59Z"",""Latitude"":9.310463,""Longitude"":123.3076825,""Match_Confidence"":"""",""Match_Reason"":"""",""Name"":""7-Eleven"",""Notes"":"""",""OSM_ID"":""5542614024"",""OSM_Type"":""node"",""Parent_Venue"":"""",""Restroom_Presence"":""Unknown"",""Restroom_Verification"":""candidate_unverified"",""Source"":""OSM"",""Source_ID"":""node/5542614024"",""Temporary_Record_ID"":""osm_node_5542614024"",""Venue_Category"":""convenience""}"
buttler_loc_13afdf47189cae64b91b,node/5543987721,OSM,node/5543987721,restroom_acquisition,Sola guesthouse and restaurant,9.3256695,123.3068732,,unknown,unknown,Unknown,Unknown,candidate_unverified,"{""Access"":""unknown"",""Acquisition_Date"":""2026-09-01"",""Address"":"""",""Bidet_Presence"":""Unknown"",""Candidate_Priority"":""High"",""Candidate_Reason"":""Substantial accommodation (tourism=guest_house)"",""Fee"":""unknown"",""Last_Source_Update"":""2025-06-24T13:11:49Z"",""Latitude"":9.3256695,""Longitude"":123.3068732,""Match_Confidence"":"""",""Match_Reason"":"""",""Name"":""Sola guesthouse and restaurant"",""Notes"":"""",""OSM_ID"":""5543987721"",""OSM_Type"":""node"",""Parent_Venue"":"""",""Restroom_Presence"":""Unknown"",""Restroom_Verification"":""candidate_unverified"",""Source"":""OSM"",""Source_ID"":""node/5543987721"",""Temporary_Record_ID"":""osm_node_5543987721"",""Venue_Category"":""accommodation""}"
buttler_loc_7f776d38356b4fe9122e,node/5634862021,OSM,node/5634862021,restroom_acquisition,Pika-Chu Office and Supplies Trading,9.3102003,123.3070479,,unknown,unknown,Unknown,Unknown,candidate_unverified,"{""Access"":""unknown"",""Acquisition_Date"":""2026-09-01"",""Address"":"""",""Bidet_Presence"":""Unknown"",""Candidate_Priority"":""Medium"",""Candidate_Reason"":""Convenience store; restroom uncertain (shop=convenience)"",""Fee"":""unknown"",""Last_Source_Update"":""2025-02-21T05:35:21Z"",""Latitude"":9.3102003,""Longitude"":123.3070479,""Match_Confidence"":"""",""Match_Reason"":"""",""Name"":""Pika-Chu Office and Supplies Trading"",""Notes"":"""",""OSM_ID"":""5634862021"",""OSM_Type"":""node"",""Parent_Venue"":"""",""Restroom_Presence"":""Unknown"",""Restroom_Verification"":""candidate_unverified"",""Source"":""OSM"",""Source_ID"":""node/5634862021"",""Temporary_Record_ID"":""osm_node_5634862021"",""Venue_Category"":""convenience""}"
buttler_loc_7ec74e2e2d93dd9c292d,node/5662296122,OSM,node/5662296122,restroom_acquisition,Blue Pearl,9.3187608,123.3072651,Hibbard Avenue,unknown,unknown,Unknown,Unknown,candidate_unverified,"{""Access"":""unknown"",""Acquisition_Date"":""2026-09-01"",""Address"":""Hibbard Avenue"",""Bidet_Presence"":""Unknown"",""Candidate_Priority"":""High"",""Candidate_Reason"":""Restaurant or fast-food venue (amenity=restaurant)"",""Fee"":""unknown"",""Last_Source_Update"":""2025-04-09T02:55:24Z"",""Latitude"":9.3187608,""Longitude"":123.3072651,""Match_Confidence"":"""",""Match_Reason"":"""",""Name"":""Blue Pearl"",""Notes"":"""",""OSM_ID"":""5662296122"",""OSM_Type"":""node"",""Parent_Venue"":"""",""Restroom_Presence"":""Unknown"",""Restroom_Verification"":""candidate_unverified"",""Source"":""OSM"",""Source_ID"":""node/5662296122"",""Temporary_Record_ID"":""osm_node_5662296122"",""Venue_Category"":""food_major""}"
buttler_loc_9a3e7187640befa20f4a,node/5728701723,OSM,node/5728701723,restroom_acquisition,Jarison Pension House,9.2999185,123.3054059,,unknown,unknown,Unknown,Unknown,candidate_unverified,"{""Access"":""unknown"",""Acquisition_Date"":""2026-09-01"",""Address"":"""",""Bidet_Presence"":""Unknown"",""Candidate_Priority"":""High"",""Candidate_Reason"":""Substantial accommodation (tourism=guest_house)"",""Fee"":""unknown"",""Last_Source_Update"":""2025-08-07T14:50:51Z"",""Latitude"":9.2999185,""Longitude"":123.3054059,""Match_Confidence"":"""",""Match_Reason"":"""",""Name"":""Jarison Pension House"",""Notes"":"""",""OSM_ID"":""5728701723"",""OSM_Type"":""node"",""Parent_Venue"":"""",""Restroom_Presence"":""Unknown"",""Restroom_Verification"":""candidate_unverified"",""Source"":""OSM"",""Source_ID"":""node/5728701723"",""Temporary_Record_ID"":""osm_node_5728701723"",""Venue_Category"":""accommodation""}"
buttler_loc_a18438e80aa556de4c63,node/5870283971,OSM,node/5870283971,restroom_acquisition,The Rollin Pin,9.311935,123.3078489,,unknown,unknown,Unknown,Unknown,candidate_unverified,"{""Access"":""unknown"",""Acquisition_Date"":""2026-09-01"",""Address"":"""",""Bidet_Presence"":""Unknown"",""Candidate_Priority"":""Medium"",""Candidate_Reason"":""Food/drink venue; restroom uncertain (amenity=cafe)"",""Fee"":""unknown"",""Last_Source_Update"":""2026-03-19T04:28:27Z"",""Latitude"":9.311935,""Longitude"":123.3078489,""Match_Confidence"":"""",""Match_Reason"":"""",""Name"":""The Rollin Pin"",""Notes"":"""",""OSM_ID"":""5870283971"",""OSM_Type"":""node"",""Parent_Venue"":"""",""Restroom_Presence"":""Unknown"",""Restroom_Verification"":""candidate_unverified"",""Source"":""OSM"",""Source_ID"":""node/5870283971"",""Temporary_Record_ID"":""osm_node_5870283971"",""Venue_Category"":""food_drink""}"
buttler_loc_40923490d0f9ed709606,node/6074222085,OSM,node/6074222085,restroom_acquisition,Montenegro new staff house,9.3093986,123.2969098,,unknown,unknown,Unknown,Unknown,candidate_unverified,"{""Access"":""unknown"",""Acquisition_Date"":""2026-09-01"",""Address"":"""",""Bidet_Presence"":""Unknown"",""Candidate_Priority"":""High"",""Candidate_Reason"":""Substantial accommodation (tourism=guest_house)"",""Fee"":""unknown"",""Last_Source_Update"":""2025-05-25T01:50:24Z"",""Latitude"":9.3093986,""Longitude"":123.2969098,""Match_Confidence"":"""",""Match_Reason"":"""",""Name"":""Montenegro new staff house"",""Notes"":"""",""OSM_ID"":""6074222085"",""OSM_Type"":""node"",""Parent_Venue"":"""",""Restroom_Presence"":""Unknown"",""Restroom_Verification"":""candidate_unverified"",""Source"":""OSM"",""Source_ID"":""node/6074222085"",""Temporary_Record_ID"":""osm_node_6074222085"",""Venue_Category"":""accommodation""}"
buttler_loc_0a951925453af66cb28f,node/6110222685,OSM,node/6110222685,restroom_acquisition,Robinsons Department Store,9.2985869,123.303855,Dumaguete,unknown,unknown,Yes,Unknown,osm_explicit,"{""Access"":""unknown"",""Acquisition_Date"":""2026-09-01"",""Address"":""Dumaguete"",""Bidet_Presence"":""Unknown"",""Candidate_Priority"":"""",""Candidate_Reason"":""toilets=yes"",""Fee"":""unknown"",""Last_Source_Update"":""2025-03-09T12:22:11Z"",""Latitude"":9.2985869,""Longitude"":123.303855,""Match_Confidence"":"""",""Match_Reason"":"""",""Name"":""Robinsons Department Store"",""Notes"":"""",""OSM_ID"":""6110222685"",""OSM_Type"":""node"",""Parent_Venue"":""Robinson's Place Dumaguete"",""Restroom_Presence"":""Yes"",""Restroom_Verification"":""osm_explicit"",""Source"":""OSM"",""Source_ID"":""node/6110222685"",""Temporary_Record_ID"":""osm_node_6110222685"",""Venue_Category"":""explicit_venue""}"
buttler_loc_d86d2eda8d5af5bad7d1,node/6112596886,OSM,node/6112596886,restroom_acquisition,FieSole Residence Inn,9.3092064,123.3068728,San Juan Street,unknown,unknown,Unknown,Unknown,candidate_unverified,"{""Access"":""unknown"",""Acquisition_Date"":""2026-09-01"",""Address"":""San Juan Street"",""Bidet_Presence"":""Unknown"",""Candidate_Priority"":""High"",""Candidate_Reason"":""Substantial accommodation (tourism=hotel)"",""Fee"":""unknown"",""Last_Source_Update"":""2025-04-06T03:29:53Z"",""Latitude"":9.3092064,""Longitude"":123.3068728,""Match_Confidence"":"""",""Match_Reason"":"""",""Name"":""FieSole Residence Inn"",""Notes"":"""",""OSM_ID"":""6112596886"",""OSM_Type"":""node"",""Parent_Venue"":"""",""Restroom_Presence"":""Unknown"",""Restroom_Verification"":""candidate_unverified"",""Source"":""OSM"",""Source_ID"":""node/6112596886"",""Temporary_Record_ID"":""osm_node_6112596886"",""Venue_Category"":""accommodation""}"
buttler_loc_61195fab23e9b7130a1f,node/6198176785,OSM,node/6198176785,restroom_acquisition,Wow hotel,9.3250424,123.3070427,,unknown,unknown,Unknown,Unknown,candidate_unverified,"{""Access"":""unknown"",""Acquisition_Date"":""2026-09-01"",""Address"":"""",""Bidet_Presence"":""Unknown"",""Candidate_Priority"":""High"",""Candidate_Reason"":""Substantial accommodation (tourism=hotel)"",""Fee"":""unknown"",""Last_Source_Update"":""2025-04-05T15:32:32Z"",""Latitude"":9.3250424,""Longitude"":123.3070427,""Match_Confidence"":"""",""Match_Reason"":"""",""Name"":""Wow hotel"",""Notes"":"""",""OSM_ID"":""6198176785"",""OSM_Type"":""node"",""Parent_Venue"":"""",""Restroom_Presence"":""Unknown"",""Restroom_Verification"":""candidate_unverified"",""Source"":""OSM"",""Source_ID"":""node/6198176785"",""Temporary_Record_ID"":""osm_node_6198176785"",""Venue_Category"":""accommodation""}"
buttler_loc_bc4e2bf5eee5919715a1,node/6318882185,OSM,node/6318882185,restroom_acquisition,Antwet Roofdeck Bar,9.3138143,123.3041262,Veterans Avenue,unknown,unknown,Unknown,Unknown,candidate_unverified,"{""Access"":""unknown"",""Acquisition_Date"":""2026-09-01"",""Address"":""Veterans Avenue"",""Bidet_Presence"":""Unknown"",""Candidate_Priority"":""Medium"",""Candidate_Reason"":""Food/drink venue; restroom uncertain (amenity=bar)"",""Fee"":""unknown"",""Last_Source_Update"":""2025-04-06T03:21:22Z"",""Latitude"":9.3138143,""Longitude"":123.3041262,""Match_Confidence"":"""",""Match_Reason"":"""",""Name"":""Antwet Roofdeck Bar"",""Notes"":"""",""OSM_ID"":""6318882185"",""OSM_Type"":""node"",""Parent_Venue"":"""",""Restroom_Presence"":""Unknown"",""Restroom_Verification"":""candidate_unverified"",""Source"":""OSM"",""Source_ID"":""node/6318882185"",""Temporary_Record_ID"":""osm_node_6318882185"",""Venue_Category"":""food_drink""}"
buttler_loc_0913f2ae960f3533b10d,node/6331449588,OSM,node/6331449588,restroom_acquisition,Seis Hostel,9.3097314,123.3008568,585 San Jose Extension,unknown,unknown,Unknown,Unknown,candidate_unverified,"{""Access"":""unknown"",""Acquisition_Date"":""2026-09-01"",""Address"":""585 San Jose Extension"",""Bidet_Presence"":""Unknown"",""Candidate_Priority"":""High"",""Candidate_Reason"":""Substantial accommodation (tourism=hostel)"",""Fee"":""unknown"",""Last_Source_Update"":""2025-02-20T02:03:53Z"",""Latitude"":9.3097314,""Longitude"":123.3008568,""Match_Confidence"":"""",""Match_Reason"":"""",""Name"":""Seis Hostel"",""Notes"":"""",""OSM_ID"":""6331449588"",""OSM_Type"":""node"",""Parent_Venue"":"""",""Restroom_Presence"":""Unknown"",""Restroom_Verification"":""candidate_unverified"",""Source"":""OSM"",""Source_ID"":""node/6331449588"",""Temporary_Record_ID"":""osm_node_6331449588"",""Venue_Category"":""accommodation""}"
buttler_loc_94ef19ad3e86227128a6,node/6351341688,OSM,node/6351341688,restroom_acquisition,PVL suites,9.3174184,123.3033965,,unknown,unknown,Unknown,Unknown,candidate_unverified,"{""Access"":""unknown"",""Acquisition_Date"":""2026-09-01"",""Address"":"""",""Bidet_Presence"":""Unknown"",""Candidate_Priority"":""High"",""Candidate_Reason"":""Substantial accommodation (tourism=hotel)"",""Fee"":""unknown"",""Last_Source_Update"":""2025-03-19T03:11:47Z"",""Latitude"":9.3174184,""Longitude"":123.3033965,""Match_Confidence"":"""",""Match_Reason"":"""",""Name"":""PVL suites"",""Notes"":"""",""OSM_ID"":""6351341688"",""OSM_Type"":""node"",""Parent_Venue"":"""",""Restroom_Presence"":""Unknown"",""Restroom_Verification"":""candidate_unverified"",""Source"":""OSM"",""Source_ID"":""node/6351341688"",""Temporary_Record_ID"":""osm_node_6351341688"",""Venue_Category"":""accommodation""}"
buttler_loc_097974080a187d4454eb,node/6361693587,OSM,node/6361693587,restroom_acquisition,Tres Bistro,9.3176686,123.3072259,,unknown,unknown,Unknown,Unknown,candidate_unverified,"{""Access"":""unknown"",""Acquisition_Date"":""2026-09-01"",""Address"":"""",""Bidet_Presence"":""Unknown"",""Candidate_Priority"":""High"",""Candidate_Reason"":""Restaurant or fast-food venue (amenity=restaurant)"",""Fee"":""unknown"",""Last_Source_Update"":""2026-03-19T04:28:27Z"",""Latitude"":9.3176686,""Longitude"":123.3072259,""Match_Confidence"":"""",""Match_Reason"":"""",""Name"":""Tres Bistro"",""Notes"":"""",""OSM_ID"":""6361693587"",""OSM_Type"":""node"",""Parent_Venue"":"""",""Restroom_Presence"":""Unknown"",""Restroom_Verification"":""candidate_unverified"",""Source"":""OSM"",""Source_ID"":""node/6361693587"",""Temporary_Record_ID"":""osm_node_6361693587"",""Venue_Category"":""food_major""}"
buttler_loc_b7559c41b69faea54658,node/6361726385,OSM,node/6361726385,restroom_acquisition,Tinto,9.3214311,123.3085364,,unknown,unknown,Unknown,Unknown,candidate_unverified,"{""Access"":""unknown"",""Acquisition_Date"":""2026-09-01"",""Address"":"""",""Bidet_Presence"":""Unknown"",""Candidate_Priority"":""High"",""Candidate_Reason"":""Restaurant or fast-food venue (amenity=restaurant)"",""Fee"":""unknown"",""Last_Source_Update"":""2025-02-14T12:33:11Z"",""Latitude"":9.3214311,""Longitude"":123.3085364,""Match_Confidence"":"""",""Match_Reason"":"""",""Name"":""Tinto"",""Notes"":"""",""OSM_ID"":""6361726385"",""OSM_Type"":""node"",""Parent_Venue"":"""",""Restroom_Presence"":""Unknown"",""Restroom_Verification"":""candidate_unverified"",""Source"":""OSM"",""Source_ID"":""node/6361726385"",""Temporary_Record_ID"":""osm_node_6361726385"",""Venue_Category"":""food_major""}"
buttler_loc_00698acac2ea5e3fc98b,node/6362522489,OSM,node/6362522489,restroom_acquisition,Antwet Backpackers Hostel,9.3139125,123.3043758,Veterans Avenue,unknown,unknown,Unknown,Unknown,candidate_unverified,"{""Access"":""unknown"",""Acquisition_Date"":""2026-09-01"",""Address"":""Veterans Avenue"",""Bidet_Presence"":""Unknown"",""Candidate_Priority"":""High"",""Candidate_Reason"":""Substantial accommodation (tourism=hostel)"",""Fee"":""unknown"",""Last_Source_Update"":""2025-04-12T08:46:04Z"",""Latitude"":9.3139125,""Longitude"":123.3043758,""Match_Confidence"":"""",""Match_Reason"":"""",""Name"":""Antwet Backpackers Hostel"",""Notes"":"""",""OSM_ID"":""6362522489"",""OSM_Type"":""node"",""Parent_Venue"":"""",""Restroom_Presence"":""Unknown"",""Restroom_Verification"":""candidate_unverified"",""Source"":""OSM"",""Source_ID"":""node/6362522489"",""Temporary_Record_ID"":""osm_node_6362522489"",""Venue_Category"":""accommodation""}"
buttler_loc_89fc3205c3dd930f51ae,node/6453770685,OSM,node/6453770685,restroom_acquisition,GraviTea,9.3069234,123.3089197,,unknown,unknown,Unknown,Unknown,candidate_unverified,"{""Access"":""unknown"",""Acquisition_Date"":""2026-09-01"",""Address"":"""",""Bidet_Presence"":""Unknown"",""Candidate_Priority"":""Medium"",""Candidate_Reason"":""Food/drink venue; restroom uncertain (amenity=cafe)"",""Fee"":""unknown"",""Last_Source_Update"":""2025-03-08T01:47:21Z"",""Latitude"":9.3069234,""Longitude"":123.3089197,""Match_Confidence"":"""",""Match_Reason"":"""",""Name"":""GraviTea"",""Notes"":"""",""OSM_ID"":""6453770685"",""OSM_Type"":""node"",""Parent_Venue"":"""",""Restroom_Presence"":""Unknown"",""Restroom_Verification"":""candidate_unverified"",""Source"":""OSM"",""Source_ID"":""node/6453770685"",""Temporary_Record_ID"":""osm_node_6453770685"",""Venue_Category"":""food_drink""}"
buttler_loc_61b3c75feabce13343bb,node/6465804285,OSM,node/6465804285,restroom_acquisition,Curry house,9.3167715,123.3059703,,unknown,unknown,Unknown,Unknown,candidate_unverified,"{""Access"":""unknown"",""Acquisition_Date"":""2026-09-01"",""Address"":"""",""Bidet_Presence"":""Unknown"",""Candidate_Priority"":""High"",""Candidate_Reason"":""Restaurant or fast-food venue (amenity=restaurant)"",""Fee"":""unknown"",""Last_Source_Update"":""2025-02-14T12:46:55Z"",""Latitude"":9.3167715,""Longitude"":123.3059703,""Match_Confidence"":"""",""Match_Reason"":"""",""Name"":""Curry house"",""Notes"":"""",""OSM_ID"":""6465804285"",""OSM_Type"":""node"",""Parent_Venue"":"""",""Restroom_Presence"":""Unknown"",""Restroom_Verification"":""candidate_unverified"",""Source"":""OSM"",""Source_ID"":""node/6465804285"",""Temporary_Record_ID"":""osm_node_6465804285"",""Venue_Category"":""food_major""}"
buttler_loc_fe9e9190b6d09f397872,node/6466057085,OSM,node/6466057085,restroom_acquisition,Café Mafioso,9.3236938,123.3116802,"Flores Avenue Extension, Dumaguete",unknown,unknown,Unknown,Unknown,candidate_unverified,"{""Access"":""unknown"",""Acquisition_Date"":""2026-09-01"",""Address"":""Flores Avenue Extension, Dumaguete"",""Bidet_Presence"":""Unknown"",""Candidate_Priority"":""High"",""Candidate_Reason"":""Restaurant or fast-food venue (amenity=restaurant)"",""Fee"":""unknown"",""Last_Source_Update"":""2020-12-17T13:09:23Z"",""Latitude"":9.3236938,""Longitude"":123.3116802,""Match_Confidence"":"""",""Match_Reason"":"""",""Name"":""Café Mafioso"",""Notes"":"""",""OSM_ID"":""6466057085"",""OSM_Type"":""node"",""Parent_Venue"":""way/709635982"",""Restroom_Presence"":""Unknown"",""Restroom_Verification"":""candidate_unverified"",""Source"":""OSM"",""Source_ID"":""node/6466057085"",""Temporary_Record_ID"":""osm_node_6466057085"",""Venue_Category"":""food_major""}"
buttler_loc_19001e1e4cd7583f42f2,node/6467398685,OSM,node/6467398685,restroom_acquisition,Chia Eatery,9.3197774,123.3086813,"Piapi, Dumaguete City",unknown,unknown,Unknown,Unknown,candidate_unverified,"{""Access"":""unknown"",""Acquisition_Date"":""2026-09-01"",""Address"":""Piapi, Dumaguete City"",""Bidet_Presence"":""Unknown"",""Candidate_Priority"":""High"",""Candidate_Reason"":""Restaurant or fast-food venue (amenity=restaurant)"",""Fee"":""unknown"",""Last_Source_Update"":""2024-11-21T12:54:28Z"",""Latitude"":9.3197774,""Longitude"":123.3086813,""Match_Confidence"":"""",""Match_Reason"":"""",""Name"":""Chia Eatery"",""Notes"":"""",""OSM_ID"":""6467398685"",""OSM_Type"":""node"",""Parent_Venue"":""Amigo Subdivision"",""Restroom_Presence"":""Unknown"",""Restroom_Verification"":""candidate_unverified"",""Source"":""OSM"",""Source_ID"":""node/6467398685"",""Temporary_Record_ID"":""osm_node_6467398685"",""Venue_Category"":""food_major""}"
buttler_loc_d7fffc5ae7443b459a29,node/6535261687,OSM,node/6535261687,restroom_acquisition,Elaine's Abode,9.3165221,123.3064903,17 Aldecoa Drive,unknown,unknown,Unknown,Unknown,candidate_unverified,"{""Access"":""unknown"",""Acquisition_Date"":""2026-09-01"",""Address"":""17 Aldecoa Drive"",""Bidet_Presence"":""Unknown"",""Candidate_Priority"":""High"",""Candidate_Reason"":""Substantial accommodation (tourism=guest_house)"",""Fee"":""unknown"",""Last_Source_Update"":""2025-05-14T10:02:48Z"",""Latitude"":9.3165221,""Longitude"":123.3064903,""Match_Confidence"":"""",""Match_Reason"":"""",""Name"":""Elaine's Abode"",""Notes"":"""",""OSM_ID"":""6535261687"",""OSM_Type"":""node"",""Parent_Venue"":"""",""Restroom_Presence"":""Unknown"",""Restroom_Verification"":""candidate_unverified"",""Source"":""OSM"",""Source_ID"":""node/6535261687"",""Temporary_Record_ID"":""osm_node_6535261687"",""Venue_Category"":""accommodation""}"
buttler_loc_d55643d3c4e604334463,node/6610189187,OSM,node/6610189187,restroom_acquisition,Cafe Lucio,9.3237944,123.3071067,,unknown,unknown,Unknown,Unknown,candidate_unverified,"{""Access"":""unknown"",""Acquisition_Date"":""2026-09-01"",""Address"":"""",""Bidet_Presence"":""Unknown"",""Candidate_Priority"":""Medium"",""Candidate_Reason"":""Food/drink venue; restroom uncertain (amenity=cafe)"",""Fee"":""unknown"",""Last_Source_Update"":""2019-07-12T14:57:58Z"",""Latitude"":9.3237944,""Longitude"":123.3071067,""Match_Confidence"":"""",""Match_Reason"":"""",""Name"":""Cafe Lucio"",""Notes"":"""",""OSM_ID"":""6610189187"",""OSM_Type"":""node"",""Parent_Venue"":"""",""Restroom_Presence"":""Unknown"",""Restroom_Verification"":""candidate_unverified"",""Source"":""OSM"",""Source_ID"":""node/6610189187"",""Temporary_Record_ID"":""osm_node_6610189187"",""Venue_Category"":""food_drink""}"
buttler_loc_2fbd910127f7422bedac,node/6637159485,OSM,node/6637159485,restroom_acquisition,Sizzlogan,9.3171424,123.3050113,,unknown,unknown,Unknown,Unknown,candidate_unverified,"{""Access"":""unknown"",""Acquisition_Date"":""2026-09-01"",""Address"":"""",""Bidet_Presence"":""Unknown"",""Candidate_Priority"":""High"",""Candidate_Reason"":""Restaurant or fast-food venue (amenity=restaurant)"",""Fee"":""unknown"",""Last_Source_Update"":""2025-02-22T04:23:48Z"",""Latitude"":9.3171424,""Longitude"":123.3050113,""Match_Confidence"":"""",""Match_Reason"":"""",""Name"":""Sizzlogan"",""Notes"":"""",""OSM_ID"":""6637159485"",""OSM_Type"":""node"",""Parent_Venue"":"""",""Restroom_Presence"":""Unknown"",""Restroom_Verification"":""candidate_unverified"",""Source"":""OSM"",""Source_ID"":""node/6637159485"",""Temporary_Record_ID"":""osm_node_6637159485"",""Venue_Category"":""food_major""}"
buttler_loc_371457994cc17d5bd527,node/6662961588,OSM,node/6662961588,restroom_acquisition,Unnamed venue,9.3001058,123.3074744,Canday-ong Road,unknown,unknown,Unknown,Unknown,candidate_unverified,"{""Access"":""unknown"",""Acquisition_Date"":""2026-09-01"",""Address"":""Canday-ong Road"",""Bidet_Presence"":""Unknown"",""Candidate_Priority"":""High"",""Candidate_Reason"":""Restaurant or fast-food venue (amenity=fast_food)"",""Fee"":""unknown"",""Last_Source_Update"":""2019-07-31T00:51:46Z"",""Latitude"":9.3001058,""Longitude"":123.3074744,""Match_Confidence"":"""",""Match_Reason"":"""",""Name"":""Unnamed venue"",""Notes"":"""",""OSM_ID"":""6662961588"",""OSM_Type"":""node"",""Parent_Venue"":"""",""Restroom_Presence"":""Unknown"",""Restroom_Verification"":""candidate_unverified"",""Source"":""OSM"",""Source_ID"":""node/6662961588"",""Temporary_Record_ID"":""osm_node_6662961588"",""Venue_Category"":""food_major""}"
buttler_loc_10d09094d22340982876,node/6664949855,OSM,node/6664949855,restroom_acquisition,Unnamed public toilet,9.3059476,123.3000873,,unknown,no,Yes,Unknown,osm_explicit,"{""Access"":""unknown"",""Acquisition_Date"":""2026-09-01"",""Address"":"""",""Bidet_Presence"":""Unknown"",""Candidate_Priority"":"""",""Candidate_Reason"":""amenity=toilets"",""Fee"":""no"",""Last_Source_Update"":""2025-11-13T06:43:23Z"",""Latitude"":9.3059476,""Longitude"":123.3000873,""Match_Confidence"":"""",""Match_Reason"":"""",""Name"":""Unnamed public toilet"",""Notes"":"""",""OSM_ID"":""6664949855"",""OSM_Type"":""node"",""Parent_Venue"":"""",""Restroom_Presence"":""Yes"",""Restroom_Verification"":""osm_explicit"",""Source"":""OSM"",""Source_ID"":""node/6664949855"",""Temporary_Record_ID"":""osm_node_6664949855"",""Venue_Category"":""standalone_toilet""}"
buttler_loc_e4f9710fbbdc020f975e,node/6670032928,OSM,node/6670032928,restroom_acquisition,Hyde,9.3233349,123.3116404,"Flores Avenue Extension, Dumaguete",unknown,unknown,Unknown,Unknown,candidate_unverified,"{""Access"":""unknown"",""Acquisition_Date"":""2026-09-01"",""Address"":""Flores Avenue Extension, Dumaguete"",""Bidet_Presence"":""Unknown"",""Candidate_Priority"":""Medium"",""Candidate_Reason"":""Food/drink venue; restroom uncertain (amenity=bar)"",""Fee"":""unknown"",""Last_Source_Update"":""2025-03-09T07:40:16Z"",""Latitude"":9.3233349,""Longitude"":123.3116404,""Match_Confidence"":"""",""Match_Reason"":"""",""Name"":""Hyde"",""Notes"":"""",""OSM_ID"":""6670032928"",""OSM_Type"":""node"",""Parent_Venue"":""way/709635982"",""Restroom_Presence"":""Unknown"",""Restroom_Verification"":""candidate_unverified"",""Source"":""OSM"",""Source_ID"":""node/6670032928"",""Temporary_Record_ID"":""osm_node_6670032928"",""Venue_Category"":""food_drink""}"
buttler_loc_a6a84f75eac32c25aa2b,node/6678154851,OSM,node/6678154851,restroom_acquisition,White Cansas,9.3047671,123.2987626,,unknown,unknown,Unknown,Unknown,candidate_unverified,"{""Access"":""unknown"",""Acquisition_Date"":""2026-09-01"",""Address"":"""",""Bidet_Presence"":""Unknown"",""Candidate_Priority"":""High"",""Candidate_Reason"":""Substantial accommodation (tourism=guest_house)"",""Fee"":""unknown"",""Last_Source_Update"":""2026-06-21T16:37:44Z"",""Latitude"":9.3047671,""Longitude"":123.2987626,""Match_Confidence"":"""",""Match_Reason"":"""",""Name"":""White Cansas"",""Notes"":"""",""OSM_ID"":""6678154851"",""OSM_Type"":""node"",""Parent_Venue"":"""",""Restroom_Presence"":""Unknown"",""Restroom_Verification"":""candidate_unverified"",""Source"":""OSM"",""Source_ID"":""node/6678154851"",""Temporary_Record_ID"":""osm_node_6678154851"",""Venue_Category"":""accommodation""}"
buttler_loc_c296b57277eccaf8a2d8,node/6678154852,OSM,node/6678154852,restroom_acquisition,Kevin and Alma Lady Bedspace,9.304934,123.2983039,,unknown,unknown,Unknown,Unknown,candidate_unverified,"{""Access"":""unknown"",""Acquisition_Date"":""2026-09-01"",""Address"":"""",""Bidet_Presence"":""Unknown"",""Candidate_Priority"":""High"",""Candidate_Reason"":""Substantial accommodation (tourism=hostel)"",""Fee"":""unknown"",""Last_Source_Update"":""2019-08-21T01:33:27Z"",""Latitude"":9.304934,""Longitude"":123.2983039,""Match_Confidence"":"""",""Match_Reason"":"""",""Name"":""Kevin and Alma Lady Bedspace"",""Notes"":"""",""OSM_ID"":""6678154852"",""OSM_Type"":""node"",""Parent_Venue"":"""",""Restroom_Presence"":""Unknown"",""Restroom_Verification"":""candidate_unverified"",""Source"":""OSM"",""Source_ID"":""node/6678154852"",""Temporary_Record_ID"":""osm_node_6678154852"",""Venue_Category"":""accommodation""}"
buttler_loc_355615c90279659fbf6c,node/6678154853,OSM,node/6678154853,restroom_acquisition,Kevin and Alma Sari-sari Store,9.3049307,123.2982955,,unknown,unknown,Unknown,Unknown,candidate_unverified,"{""Access"":""unknown"",""Acquisition_Date"":""2026-09-01"",""Address"":"""",""Bidet_Presence"":""Unknown"",""Candidate_Priority"":""Medium"",""Candidate_Reason"":""Convenience store; restroom uncertain (shop=convenience)"",""Fee"":""unknown"",""Last_Source_Update"":""2019-08-03T02:55:00Z"",""Latitude"":9.3049307,""Longitude"":123.2982955,""Match_Confidence"":"""",""Match_Reason"":"""",""Name"":""Kevin and Alma Sari-sari Store"",""Notes"":"""",""OSM_ID"":""6678154853"",""OSM_Type"":""node"",""Parent_Venue"":"""",""Restroom_Presence"":""Unknown"",""Restroom_Verification"":""candidate_unverified"",""Source"":""OSM"",""Source_ID"":""node/6678154853"",""Temporary_Record_ID"":""osm_node_6678154853"",""Venue_Category"":""convenience""}"
buttler_loc_1f69d6fd320575b46c75,node/6678154854,OSM,node/6678154854,restroom_acquisition,Unnamed venue,9.3049786,123.2981733,,unknown,unknown,Unknown,Unknown,candidate_unverified,"{""Access"":""unknown"",""Acquisition_Date"":""2026-09-01"",""Address"":"""",""Bidet_Presence"":""Unknown"",""Candidate_Priority"":""Medium"",""Candidate_Reason"":""Convenience store; restroom uncertain (shop=convenience)"",""Fee"":""unknown"",""Last_Source_Update"":""2019-08-03T02:55:00Z"",""Latitude"":9.3049786,""Longitude"":123.2981733,""Match_Confidence"":"""",""Match_Reason"":"""",""Name"":""Unnamed venue"",""Notes"":"""",""OSM_ID"":""6678154854"",""OSM_Type"":""node"",""Parent_Venue"":"""",""Restroom_Presence"":""Unknown"",""Restroom_Verification"":""candidate_unverified"",""Source"":""OSM"",""Source_ID"":""node/6678154854"",""Temporary_Record_ID"":""osm_node_6678154854"",""Venue_Category"":""convenience""}"
buttler_loc_adf5cb715e9fc03c263b,node/6678167322,OSM,node/6678167322,restroom_acquisition,Ailyn Store,9.304311,123.3009439,,unknown,unknown,Unknown,Unknown,candidate_unverified,"{""Access"":""unknown"",""Acquisition_Date"":""2026-09-01"",""Address"":"""",""Bidet_Presence"":""Unknown"",""Candidate_Priority"":""Medium"",""Candidate_Reason"":""Convenience store; restroom uncertain (shop=convenience)"",""Fee"":""unknown"",""Last_Source_Update"":""2019-08-03T02:38:03Z"",""Latitude"":9.304311,""Longitude"":123.3009439,""Match_Confidence"":"""",""Match_Reason"":"""",""Name"":""Ailyn Store"",""Notes"":"""",""OSM_ID"":""6678167322"",""OSM_Type"":""node"",""Parent_Venue"":"""",""Restroom_Presence"":""Unknown"",""Restroom_Verification"":""candidate_unverified"",""Source"":""OSM"",""Source_ID"":""node/6678167322"",""Temporary_Record_ID"":""osm_node_6678167322"",""Venue_Category"":""convenience""}"
buttler_loc_c49884940ea28a45668c,node/6678167326,OSM,node/6678167326,restroom_acquisition,Real Eatery,9.3045281,123.301652,Senator Lorenzo G. Teves Extension,unknown,unknown,Unknown,Unknown,candidate_unverified,"{""Access"":""unknown"",""Acquisition_Date"":""2026-09-01"",""Address"":""Senator Lorenzo G. Teves Extension"",""Bidet_Presence"":""Unknown"",""Candidate_Priority"":""High"",""Candidate_Reason"":""Restaurant or fast-food venue (amenity=fast_food)"",""Fee"":""unknown"",""Last_Source_Update"":""2025-03-25T07:55:41Z"",""Latitude"":9.3045281,""Longitude"":123.301652,""Match_Confidence"":"""",""Match_Reason"":"""",""Name"":""Real Eatery"",""Notes"":"""",""OSM_ID"":""6678167326"",""OSM_Type"":""node"",""Parent_Venue"":"""",""Restroom_Presence"":""Unknown"",""Restroom_Verification"":""candidate_unverified"",""Source"":""OSM"",""Source_ID"":""node/6678167326"",""Temporary_Record_ID"":""osm_node_6678167326"",""Venue_Category"":""food_major""}"
buttler_loc_76c3a7a987728bc1a527,node/6678180521,OSM,node/6678180521,restroom_acquisition,Canoli Store,9.3045341,123.3017756,,unknown,unknown,Unknown,Unknown,candidate_unverified,"{""Access"":""unknown"",""Acquisition_Date"":""2026-09-01"",""Address"":"""",""Bidet_Presence"":""Unknown"",""Candidate_Priority"":""Medium"",""Candidate_Reason"":""Convenience store; restroom uncertain (shop=convenience)"",""Fee"":""unknown"",""Last_Source_Update"":""2019-08-03T02:47:55Z"",""Latitude"":9.3045341,""Longitude"":123.3017756,""Match_Confidence"":"""",""Match_Reason"":"""",""Name"":""Canoli Store"",""Notes"":"""",""OSM_ID"":""6678180521"",""OSM_Type"":""node"",""Parent_Venue"":"""",""Restroom_Presence"":""Unknown"",""Restroom_Verification"":""candidate_unverified"",""Source"":""OSM"",""Source_ID"":""node/6678180521"",""Temporary_Record_ID"":""osm_node_6678180521"",""Venue_Category"":""convenience""}"
buttler_loc_da27ba9b5801b5e6c46e,node/6678180522,OSM,node/6678180522,restroom_acquisition,Heaven's Hamburger,9.3043884,123.3017696,,unknown,unknown,Unknown,Unknown,candidate_unverified,"{""Access"":""unknown"",""Acquisition_Date"":""2026-09-01"",""Address"":"""",""Bidet_Presence"":""Unknown"",""Candidate_Priority"":""High"",""Candidate_Reason"":""Restaurant or fast-food venue (amenity=fast_food)"",""Fee"":""unknown"",""Last_Source_Update"":""2019-08-03T02:47:55Z"",""Latitude"":9.3043884,""Longitude"":123.3017696,""Match_Confidence"":"""",""Match_Reason"":"""",""Name"":""Heaven's Hamburger"",""Notes"":"""",""OSM_ID"":""6678180522"",""OSM_Type"":""node"",""Parent_Venue"":"""",""Restroom_Presence"":""Unknown"",""Restroom_Verification"":""candidate_unverified"",""Source"":""OSM"",""Source_ID"":""node/6678180522"",""Temporary_Record_ID"":""osm_node_6678180522"",""Venue_Category"":""food_major""}"
buttler_loc_042e9fe8899dd309319d,node/6678180524,OSM,node/6678180524,restroom_acquisition,Najo Dental Laboratory,9.3043675,123.301866,,unknown,unknown,Unknown,Unknown,candidate_unverified,"{""Access"":""unknown"",""Acquisition_Date"":""2026-09-01"",""Address"":"""",""Bidet_Presence"":""Unknown"",""Candidate_Priority"":""Medium"",""Candidate_Reason"":""Clinic; customer restroom plausible (amenity=dentist)"",""Fee"":""unknown"",""Last_Source_Update"":""2019-08-03T02:47:55Z"",""Latitude"":9.3043675,""Longitude"":123.301866,""Match_Confidence"":"""",""Match_Reason"":"""",""Name"":""Najo Dental Laboratory"",""Notes"":"""",""OSM_ID"":""6678180524"",""OSM_Type"":""node"",""Parent_Venue"":"""",""Restroom_Presence"":""Unknown"",""Restroom_Verification"":""candidate_unverified"",""Source"":""OSM"",""Source_ID"":""node/6678180524"",""Temporary_Record_ID"":""osm_node_6678180524"",""Venue_Category"":""clinic""}"
buttler_loc_4b4ead71163c8f0892ca,node/6678180527,OSM,node/6678180527,restroom_acquisition,Alfredo Miguel Store,9.3045354,123.3021223,,unknown,unknown,Unknown,Unknown,candidate_unverified,"{""Access"":""unknown"",""Acquisition_Date"":""2026-09-01"",""Address"":"""",""Bidet_Presence"":""Unknown"",""Candidate_Priority"":""Medium"",""Candidate_Reason"":""Convenience store; restroom uncertain (shop=convenience)"",""Fee"":""unknown"",""Last_Source_Update"":""2019-08-03T03:15:16Z"",""Latitude"":9.3045354,""Longitude"":123.3021223,""Match_Confidence"":"""",""Match_Reason"":"""",""Name"":""Alfredo Miguel Store"",""Notes"":"""",""OSM_ID"":""6678180527"",""OSM_Type"":""node"",""Parent_Venue"":"""",""Restroom_Presence"":""Unknown"",""Restroom_Verification"":""candidate_unverified"",""Source"":""OSM"",""Source_ID"":""node/6678180527"",""Temporary_Record_ID"":""osm_node_6678180527"",""Venue_Category"":""convenience""}"
buttler_loc_31039d0e63c29d019ff2,node/6678180531,OSM,node/6678180531,restroom_acquisition,Jill Eatery,9.30456,123.3026389,,unknown,unknown,Unknown,Unknown,candidate_unverified,"{""Access"":""unknown"",""Acquisition_Date"":""2026-09-01"",""Address"":"""",""Bidet_Presence"":""Unknown"",""Candidate_Priority"":""High"",""Candidate_Reason"":""Restaurant or fast-food venue (amenity=fast_food)"",""Fee"":""unknown"",""Last_Source_Update"":""2019-08-21T00:18:06Z"",""Latitude"":9.30456,""Longitude"":123.3026389,""Match_Confidence"":"""",""Match_Reason"":"""",""Name"":""Jill Eatery"",""Notes"":"""",""OSM_ID"":""6678180531"",""OSM_Type"":""node"",""Parent_Venue"":"""",""Restroom_Presence"":""Unknown"",""Restroom_Verification"":""candidate_unverified"",""Source"":""OSM"",""Source_ID"":""node/6678180531"",""Temporary_Record_ID"":""osm_node_6678180531"",""Venue_Category"":""food_major""}"
buttler_loc_89751ffcaa6aead9ebd2,node/6678180532,OSM,node/6678180532,restroom_acquisition,Johann's Kamaisan,9.3044586,123.3028259,,unknown,unknown,Unknown,Unknown,candidate_unverified,"{""Access"":""unknown"",""Acquisition_Date"":""2026-09-01"",""Address"":"""",""Bidet_Presence"":""Unknown"",""Candidate_Priority"":""Medium"",""Candidate_Reason"":""Convenience store; restroom uncertain (shop=convenience)"",""Fee"":""unknown"",""Last_Source_Update"":""2019-08-03T02:47:55Z"",""Latitude"":9.3044586,""Longitude"":123.3028259,""Match_Confidence"":"""",""Match_Reason"":"""",""Name"":""Johann's Kamaisan"",""Notes"":"""",""OSM_ID"":""6678180532"",""OSM_Type"":""node"",""Parent_Venue"":"""",""Restroom_Presence"":""Unknown"",""Restroom_Verification"":""candidate_unverified"",""Source"":""OSM"",""Source_ID"":""node/6678180532"",""Temporary_Record_ID"":""osm_node_6678180532"",""Venue_Category"":""convenience""}"
buttler_loc_d375813356a868b17465,node/6678180533,OSM,node/6678180533,restroom_acquisition,Unnamed venue,9.3041799,123.301317,,unknown,unknown,Unknown,Unknown,candidate_unverified,"{""Access"":""unknown"",""Acquisition_Date"":""2026-09-01"",""Address"":"""",""Bidet_Presence"":""Unknown"",""Candidate_Priority"":""Medium"",""Candidate_Reason"":""Convenience store; restroom uncertain (shop=convenience)"",""Fee"":""unknown"",""Last_Source_Update"":""2019-08-03T02:47:55Z"",""Latitude"":9.3041799,""Longitude"":123.301317,""Match_Confidence"":"""",""Match_Reason"":"""",""Name"":""Unnamed venue"",""Notes"":"""",""OSM_ID"":""6678180533"",""OSM_Type"":""node"",""Parent_Venue"":"""",""Restroom_Presence"":""Unknown"",""Restroom_Verification"":""candidate_unverified"",""Source"":""OSM"",""Source_ID"":""node/6678180533"",""Temporary_Record_ID"":""osm_node_6678180533"",""Venue_Category"":""convenience""}"
buttler_loc_a236c361eab937fe8b3c,node/6678191495,OSM,node/6678191495,restroom_acquisition,Jennalyn Store,9.3024138,123.3013355,,unknown,unknown,Unknown,Unknown,candidate_unverified,"{""Access"":""unknown"",""Acquisition_Date"":""2026-09-01"",""Address"":"""",""Bidet_Presence"":""Unknown"",""Candidate_Priority"":""Medium"",""Candidate_Reason"":""Convenience store; restroom uncertain (shop=convenience)"",""Fee"":""unknown"",""Last_Source_Update"":""2025-04-04T06:12:40Z"",""Latitude"":9.3024138,""Longitude"":123.3013355,""Match_Confidence"":"""",""Match_Reason"":"""",""Name"":""Jennalyn Store"",""Notes"":"""",""OSM_ID"":""6678191495"",""OSM_Type"":""node"",""Parent_Venue"":""Baltimar"",""Restroom_Presence"":""Unknown"",""Restroom_Verification"":""candidate_unverified"",""Source"":""OSM"",""Source_ID"":""node/6678191495"",""Temporary_Record_ID"":""osm_node_6678191495"",""Venue_Category"":""convenience""}"
buttler_loc_a172c9fef1e942526f37,node/6678191496,OSM,node/6678191496,restroom_acquisition,Panyang Store,9.302456,123.3014765,,unknown,unknown,Unknown,Unknown,candidate_unverified,"{""Access"":""unknown"",""Acquisition_Date"":""2026-09-01"",""Address"":"""",""Bidet_Presence"":""Unknown"",""Candidate_Priority"":""Medium"",""Candidate_Reason"":""Convenience store; restroom uncertain (shop=convenience)"",""Fee"":""unknown"",""Last_Source_Update"":""2025-04-04T06:12:40Z"",""Latitude"":9.302456,""Longitude"":123.3014765,""Match_Confidence"":"""",""Match_Reason"":"""",""Name"":""Panyang Store"",""Notes"":"""",""OSM_ID"":""6678191496"",""OSM_Type"":""node"",""Parent_Venue"":""Baltimar"",""Restroom_Presence"":""Unknown"",""Restroom_Verification"":""candidate_unverified"",""Source"":""OSM"",""Source_ID"":""node/6678191496"",""Temporary_Record_ID"":""osm_node_6678191496"",""Venue_Category"":""convenience""}"
buttler_loc_413151b4aa4403de64e5,node/6678191497,OSM,node/6678191497,restroom_acquisition,Sermilliom Store,9.3026397,123.30142,,unknown,unknown,Unknown,Unknown,candidate_unverified,"{""Access"":""unknown"",""Acquisition_Date"":""2026-09-01"",""Address"":"""",""Bidet_Presence"":""Unknown"",""Candidate_Priority"":""Medium"",""Candidate_Reason"":""Convenience store; restroom uncertain (shop=convenience)"",""Fee"":""unknown"",""Last_Source_Update"":""2025-04-04T06:12:40Z"",""Latitude"":9.3026397,""Longitude"":123.30142,""Match_Confidence"":"""",""Match_Reason"":"""",""Name"":""Sermilliom Store"",""Notes"":"""",""OSM_ID"":""6678191497"",""OSM_Type"":""node"",""Parent_Venue"":""Baltimar"",""Restroom_Presence"":""Unknown"",""Restroom_Verification"":""candidate_unverified"",""Source"":""OSM"",""Source_ID"":""node/6678191497"",""Temporary_Record_ID"":""osm_node_6678191497"",""Venue_Category"":""convenience""}"
buttler_loc_631250ddf97796028f5f,node/6678191498,OSM,node/6678191498,restroom_acquisition,Dagunton Pisonet,9.3027422,123.3014376,,unknown,unknown,Unknown,Unknown,candidate_unverified,"{""Access"":""unknown"",""Acquisition_Date"":""2026-09-01"",""Address"":"""",""Bidet_Presence"":""Unknown"",""Candidate_Priority"":""Medium"",""Candidate_Reason"":""Smaller entertainment venue (amenity=internet_cafe)"",""Fee"":""unknown"",""Last_Source_Update"":""2025-04-04T06:12:40Z"",""Latitude"":9.3027422,""Longitude"":123.3014376,""Match_Confidence"":"""",""Match_Reason"":"""",""Name"":""Dagunton Pisonet"",""Notes"":"""",""OSM_ID"":""6678191498"",""OSM_Type"":""node"",""Parent_Venue"":""Baltimar"",""Restroom_Presence"":""Unknown"",""Restroom_Verification"":""candidate_unverified"",""Source"":""OSM"",""Source_ID"":""node/6678191498"",""Temporary_Record_ID"":""osm_node_6678191498"",""Venue_Category"":""entertainment_small""}"
buttler_loc_3a399c3430fe00b03e4c,node/6678196083,OSM,node/6678196083,restroom_acquisition,Karylle Faith Store,9.3060263,123.3020198,Doctor Miciano Road,unknown,unknown,Unknown,Unknown,candidate_unverified,"{""Access"":""unknown"",""Acquisition_Date"":""2026-09-01"",""Address"":""Doctor Miciano Road"",""Bidet_Presence"":""Unknown"",""Candidate_Priority"":""Medium"",""Candidate_Reason"":""Convenience store; restroom uncertain (shop=convenience)"",""Fee"":""unknown"",""Last_Source_Update"":""2025-04-04T06:23:58Z"",""Latitude"":9.3060263,""Longitude"":123.3020198,""Match_Confidence"":"""",""Match_Reason"":"""",""Name"":""Karylle Faith Store"",""Notes"":"""",""OSM_ID"":""6678196083"",""OSM_Type"":""node"",""Parent_Venue"":"""",""Restroom_Presence"":""Unknown"",""Restroom_Verification"":""candidate_unverified"",""Source"":""OSM"",""Source_ID"":""node/6678196083"",""Temporary_Record_ID"":""osm_node_6678196083"",""Venue_Category"":""convenience""}"
buttler_loc_fc27e10a17ec80850444,node/6678199149,OSM,node/6678199149,restroom_acquisition,Jaycee Store,9.3060525,123.3016474,Doctor Miciano Road,unknown,unknown,Unknown,Unknown,candidate_unverified,"{""Access"":""unknown"",""Acquisition_Date"":""2026-09-01"",""Address"":""Doctor Miciano Road"",""Bidet_Presence"":""Unknown"",""Candidate_Priority"":""Medium"",""Candidate_Reason"":""Convenience store; restroom uncertain (shop=convenience)"",""Fee"":""unknown"",""Last_Source_Update"":""2025-04-04T06:23:58Z"",""Latitude"":9.3060525,""Longitude"":123.3016474,""Match_Confidence"":"""",""Match_Reason"":"""",""Name"":""Jaycee Store"",""Notes"":"""",""OSM_ID"":""6678199149"",""OSM_Type"":""node"",""Parent_Venue"":""way/710384305"",""Restroom_Presence"":""Unknown"",""Restroom_Verification"":""candidate_unverified"",""Source"":""OSM"",""Source_ID"":""node/6678199149"",""Temporary_Record_ID"":""osm_node_6678199149"",""Venue_Category"":""convenience""}"
buttler_loc_c4f839b3b25cbea276b5,node/6678199150,OSM,node/6678199150,restroom_acquisition,Marah's Store,9.3060441,123.3018483,Doctor Miciano Road,unknown,unknown,Unknown,Unknown,candidate_unverified,"{""Access"":""unknown"",""Acquisition_Date"":""2026-09-01"",""Address"":""Doctor Miciano Road"",""Bidet_Presence"":""Unknown"",""Candidate_Priority"":""Medium"",""Candidate_Reason"":""Convenience store; restroom uncertain (shop=convenience)"",""Fee"":""unknown"",""Last_Source_Update"":""2025-03-25T07:55:41Z"",""Latitude"":9.3060441,""Longitude"":123.3018483,""Match_Confidence"":"""",""Match_Reason"":"""",""Name"":""Marah's Store"",""Notes"":"""",""OSM_ID"":""6678199150"",""OSM_Type"":""node"",""Parent_Venue"":""way/710384305"",""Restroom_Presence"":""Unknown"",""Restroom_Verification"":""candidate_unverified"",""Source"":""OSM"",""Source_ID"":""node/6678199150"",""Temporary_Record_ID"":""osm_node_6678199150"",""Venue_Category"":""convenience""}"
buttler_loc_caad5735413746e65617,node/6678199151,OSM,node/6678199151,restroom_acquisition,Imee's Store,9.3060431,123.3018922,Doctor Miciano Road,unknown,unknown,Unknown,Unknown,candidate_unverified,"{""Access"":""unknown"",""Acquisition_Date"":""2026-09-01"",""Address"":""Doctor Miciano Road"",""Bidet_Presence"":""Unknown"",""Candidate_Priority"":""Medium"",""Candidate_Reason"":""Convenience store; restroom uncertain (shop=convenience)"",""Fee"":""unknown"",""Last_Source_Update"":""2025-03-25T07:55:41Z"",""Latitude"":9.3060431,""Longitude"":123.3018922,""Match_Confidence"":"""",""Match_Reason"":"""",""Name"":""Imee's Store"",""Notes"":"""",""OSM_ID"":""6678199151"",""OSM_Type"":""node"",""Parent_Venue"":"""",""Restroom_Presence"":""Unknown"",""Restroom_Verification"":""candidate_unverified"",""Source"":""OSM"",""Source_ID"":""node/6678199151"",""Temporary_Record_ID"":""osm_node_6678199151"",""Venue_Category"":""convenience""}"
buttler_loc_8152d67467bd5fb3c625,node/6678199152,OSM,node/6678199152,restroom_acquisition,Liffel's Hobbies Box,9.3060461,123.3017843,,unknown,unknown,Unknown,Unknown,candidate_unverified,"{""Access"":""unknown"",""Acquisition_Date"":""2026-09-01"",""Address"":"""",""Bidet_Presence"":""Unknown"",""Candidate_Priority"":""High"",""Candidate_Reason"":""Restaurant or fast-food venue (amenity=restaurant)"",""Fee"":""unknown"",""Last_Source_Update"":""2019-08-03T02:54:04Z"",""Latitude"":9.3060461,""Longitude"":123.3017843,""Match_Confidence"":"""",""Match_Reason"":"""",""Name"":""Liffel's Hobbies Box"",""Notes"":"""",""OSM_ID"":""6678199152"",""OSM_Type"":""node"",""Parent_Venue"":"""",""Restroom_Presence"":""Unknown"",""Restroom_Verification"":""candidate_unverified"",""Source"":""OSM"",""Source_ID"":""node/6678199152"",""Temporary_Record_ID"":""osm_node_6678199152"",""Venue_Category"":""food_major""}"
buttler_loc_1f746d00ec3b379aa13c,node/6678199154,OSM,node/6678199154,restroom_acquisition,Chanez Food House,9.3060343,123.3022778,,unknown,unknown,Unknown,Unknown,candidate_unverified,"{""Access"":""unknown"",""Acquisition_Date"":""2026-09-01"",""Address"":"""",""Bidet_Presence"":""Unknown"",""Candidate_Priority"":""High"",""Candidate_Reason"":""Restaurant or fast-food venue (amenity=fast_food)"",""Fee"":""unknown"",""Last_Source_Update"":""2025-03-25T07:55:41Z"",""Latitude"":9.3060343,""Longitude"":123.3022778,""Match_Confidence"":"""",""Match_Reason"":"""",""Name"":""Chanez Food House"",""Notes"":"""",""OSM_ID"":""6678199154"",""OSM_Type"":""node"",""Parent_Venue"":"""",""Restroom_Presence"":""Unknown"",""Restroom_Verification"":""candidate_unverified"",""Source"":""OSM"",""Source_ID"":""node/6678199154"",""Temporary_Record_ID"":""osm_node_6678199154"",""Venue_Category"":""food_major""}"
buttler_loc_df253a24cfdff00376ba,node/6678199161,OSM,node/6678199161,restroom_acquisition,"Michael Sindiong, D. M. D.",9.3060356,123.3021458,,unknown,unknown,Unknown,Unknown,candidate_unverified,"{""Access"":""unknown"",""Acquisition_Date"":""2026-09-01"",""Address"":"""",""Bidet_Presence"":""Unknown"",""Candidate_Priority"":""Medium"",""Candidate_Reason"":""Clinic; customer restroom plausible (amenity=dentist)"",""Fee"":""unknown"",""Last_Source_Update"":""2025-03-25T07:55:41Z"",""Latitude"":9.3060356,""Longitude"":123.3021458,""Match_Confidence"":"""",""Match_Reason"":"""",""Name"":""Michael Sindiong, D. M. D."",""Notes"":"""",""OSM_ID"":""6678199161"",""OSM_Type"":""node"",""Parent_Venue"":"""",""Restroom_Presence"":""Unknown"",""Restroom_Verification"":""candidate_unverified"",""Source"":""OSM"",""Source_ID"":""node/6678199161"",""Temporary_Record_ID"":""osm_node_6678199161"",""Venue_Category"":""clinic""}"
buttler_loc_25324d7cc38bf7b9b014,node/6680772184,OSM,node/6680772184,restroom_acquisition,Ryu Sushi,9.3236469,123.3115192,,unknown,unknown,Unknown,Unknown,candidate_unverified,"{""Access"":""unknown"",""Acquisition_Date"":""2026-09-01"",""Address"":"""",""Bidet_Presence"":""Unknown"",""Candidate_Priority"":""High"",""Candidate_Reason"":""Restaurant or fast-food venue (amenity=restaurant)"",""Fee"":""unknown"",""Last_Source_Update"":""2019-08-14T08:52:15Z"",""Latitude"":9.3236469,""Longitude"":123.3115192,""Match_Confidence"":"""",""Match_Reason"":"""",""Name"":""Ryu Sushi"",""Notes"":"""",""OSM_ID"":""6680772184"",""OSM_Type"":""node"",""Parent_Venue"":"""",""Restroom_Presence"":""Unknown"",""Restroom_Verification"":""candidate_unverified"",""Source"":""OSM"",""Source_ID"":""node/6680772184"",""Temporary_Record_ID"":""osm_node_6680772184"",""Venue_Category"":""food_major""}"
buttler_loc_bc16b99bbc532db666f5,node/6680785234,OSM,node/6680785234,restroom_acquisition,Unnamed public toilet,9.3236161,123.3114104,,public,no,Yes,Unknown,osm_explicit,"{""Access"":""public"",""Acquisition_Date"":""2026-09-01"",""Address"":"""",""Bidet_Presence"":""Unknown"",""Candidate_Priority"":"""",""Candidate_Reason"":""amenity=toilets"",""Fee"":""no"",""Last_Source_Update"":""2026-04-08T16:02:20Z"",""Latitude"":9.3236161,""Longitude"":123.3114104,""Match_Confidence"":"""",""Match_Reason"":"""",""Name"":""Unnamed public toilet"",""Notes"":"""",""OSM_ID"":""6680785234"",""OSM_Type"":""node"",""Parent_Venue"":"""",""Restroom_Presence"":""Yes"",""Restroom_Verification"":""osm_explicit"",""Source"":""OSM"",""Source_ID"":""node/6680785234"",""Temporary_Record_ID"":""osm_node_6680785234"",""Venue_Category"":""standalone_toilet""}"
buttler_loc_f6ab86de60ff7e8871c3,node/6680788655,OSM,node/6680788655,restroom_acquisition,Roots,9.3237338,123.311692,Flores Avenue Extension,unknown,unknown,Unknown,Unknown,candidate_unverified,"{""Access"":""unknown"",""Acquisition_Date"":""2026-09-01"",""Address"":""Flores Avenue Extension"",""Bidet_Presence"":""Unknown"",""Candidate_Priority"":""Medium"",""Candidate_Reason"":""Food/drink venue; restroom uncertain (amenity=cafe)"",""Fee"":""unknown"",""Last_Source_Update"":""2019-08-04T03:34:14Z"",""Latitude"":9.3237338,""Longitude"":123.311692,""Match_Confidence"":"""",""Match_Reason"":"""",""Name"":""Roots"",""Notes"":"""",""OSM_ID"":""6680788655"",""OSM_Type"":""node"",""Parent_Venue"":"""",""Restroom_Presence"":""Unknown"",""Restroom_Verification"":""candidate_unverified"",""Source"":""OSM"",""Source_ID"":""node/6680788655"",""Temporary_Record_ID"":""osm_node_6680788655"",""Venue_Category"":""food_drink""}"
buttler_loc_2f2a54091dad894c4a25,node/6687179148,OSM,node/6687179148,restroom_acquisition,Unnamed public toilet,9.2979011,123.3053152,,unknown,no,Yes,Unknown,osm_explicit,"{""Access"":""unknown"",""Acquisition_Date"":""2026-09-01"",""Address"":"""",""Bidet_Presence"":""Unknown"",""Candidate_Priority"":"""",""Candidate_Reason"":""amenity=toilets"",""Fee"":""no"",""Last_Source_Update"":""2025-05-16T09:35:57Z"",""Latitude"":9.2979011,""Longitude"":123.3053152,""Match_Confidence"":"""",""Match_Reason"":"""",""Name"":""Unnamed public toilet"",""Notes"":"""",""OSM_ID"":""6687179148"",""OSM_Type"":""node"",""Parent_Venue"":"""",""Restroom_Presence"":""Yes"",""Restroom_Verification"":""osm_explicit"",""Source"":""OSM"",""Source_ID"":""node/6687179148"",""Temporary_Record_ID"":""osm_node_6687179148"",""Venue_Category"":""standalone_toilet""}"
buttler_loc_e28a6a9014d76557249b,node/6687581231,OSM,node/6687581231,restroom_acquisition,Unnamed public toilet,9.3052662,123.299752,,customers,unknown,Yes,Unknown,osm_explicit,"{""Access"":""customers"",""Acquisition_Date"":""2026-09-01"",""Address"":"""",""Bidet_Presence"":""Unknown"",""Candidate_Priority"":"""",""Candidate_Reason"":""amenity=toilets"",""Fee"":""unknown"",""Last_Source_Update"":""2025-08-27T12:53:46Z"",""Latitude"":9.3052662,""Longitude"":123.299752,""Match_Confidence"":"""",""Match_Reason"":"""",""Name"":""Unnamed public toilet"",""Notes"":"""",""OSM_ID"":""6687581231"",""OSM_Type"":""node"",""Parent_Venue"":"""",""Restroom_Presence"":""Yes"",""Restroom_Verification"":""osm_explicit"",""Source"":""OSM"",""Source_ID"":""node/6687581231"",""Temporary_Record_ID"":""osm_node_6687581231"",""Venue_Category"":""standalone_toilet""}"
buttler_loc_74b07170315b22cc3929,node/6687581232,OSM,node/6687581232,restroom_acquisition,Unnamed public toilet,9.3052576,123.2998241,,customers,unknown,Yes,Unknown,osm_explicit,"{""Access"":""customers"",""Acquisition_Date"":""2026-09-01"",""Address"":"""",""Bidet_Presence"":""Unknown"",""Candidate_Priority"":"""",""Candidate_Reason"":""amenity=toilets"",""Fee"":""unknown"",""Last_Source_Update"":""2025-08-26T14:31:50Z"",""Latitude"":9.3052576,""Longitude"":123.2998241,""Match_Confidence"":"""",""Match_Reason"":"""",""Name"":""Unnamed public toilet"",""Notes"":"""",""OSM_ID"":""6687581232"",""OSM_Type"":""node"",""Parent_Venue"":"""",""Restroom_Presence"":""Yes"",""Restroom_Verification"":""osm_explicit"",""Source"":""OSM"",""Source_ID"":""node/6687581232"",""Temporary_Record_ID"":""osm_node_6687581232"",""Venue_Category"":""standalone_toilet""}"
buttler_loc_f7995904b67c6654a5f6,node/6687581233,OSM,node/6687581233,restroom_acquisition,Unnamed venue,9.3054062,123.2995143,,unknown,unknown,Unknown,Unknown,candidate_unverified,"{""Access"":""unknown"",""Acquisition_Date"":""2026-09-01"",""Address"":"""",""Bidet_Presence"":""Unknown"",""Candidate_Priority"":""High"",""Candidate_Reason"":""Major entertainment venue (amenity=theatre)"",""Fee"":""unknown"",""Last_Source_Update"":""2019-08-06T10:13:19Z"",""Latitude"":9.3054062,""Longitude"":123.2995143,""Match_Confidence"":"""",""Match_Reason"":"""",""Name"":""Unnamed venue"",""Notes"":"""",""OSM_ID"":""6687581233"",""OSM_Type"":""node"",""Parent_Venue"":"""",""Restroom_Presence"":""Unknown"",""Restroom_Verification"":""candidate_unverified"",""Source"":""OSM"",""Source_ID"":""node/6687581233"",""Temporary_Record_ID"":""osm_node_6687581233"",""Venue_Category"":""entertainment_major""}"
buttler_loc_2f7ddae51f8cbb304919,node/6696705182,OSM,node/6696705182,restroom_acquisition,Unnamed public toilet,9.3060037,123.2995061,,unknown,unknown,Yes,Unknown,osm_explicit,"{""Access"":""unknown"",""Acquisition_Date"":""2026-09-01"",""Address"":"""",""Bidet_Presence"":""Unknown"",""Candidate_Priority"":"""",""Candidate_Reason"":""amenity=toilets"",""Fee"":""unknown"",""Last_Source_Update"":""2025-09-14T00:29:36Z"",""Latitude"":9.3060037,""Longitude"":123.2995061,""Match_Confidence"":"""",""Match_Reason"":"""",""Name"":""Unnamed public toilet"",""Notes"":"""",""OSM_ID"":""6696705182"",""OSM_Type"":""node"",""Parent_Venue"":"""",""Restroom_Presence"":""Yes"",""Restroom_Verification"":""osm_explicit"",""Source"":""OSM"",""Source_ID"":""node/6696705182"",""Temporary_Record_ID"":""osm_node_6696705182"",""Venue_Category"":""standalone_toilet""}"
buttler_loc_bfb3f65b4b73deb84dde,node/6741844750,OSM,node/6741844750,restroom_acquisition,7-Eleven,9.3065731,123.2986566,Doctor Vicente Locsin Street,unknown,unknown,Unknown,Unknown,candidate_unverified,"{""Access"":""unknown"",""Acquisition_Date"":""2026-09-01"",""Address"":""Doctor Vicente Locsin Street"",""Bidet_Presence"":""Unknown"",""Candidate_Priority"":""Medium"",""Candidate_Reason"":""Convenience store; restroom uncertain (shop=convenience)"",""Fee"":""unknown"",""Last_Source_Update"":""2025-04-04T06:20:10Z"",""Latitude"":9.3065731,""Longitude"":123.2986566,""Match_Confidence"":"""",""Match_Reason"":"""",""Name"":""7-Eleven"",""Notes"":"""",""OSM_ID"":""6741844750"",""OSM_Type"":""node"",""Parent_Venue"":"""",""Restroom_Presence"":""Unknown"",""Restroom_Verification"":""candidate_unverified"",""Source"":""OSM"",""Source_ID"":""node/6741844750"",""Temporary_Record_ID"":""osm_node_6741844750"",""Venue_Category"":""convenience""}"
buttler_loc_475bb12a3dbd0766c210,node/6741844752,OSM,node/6741844752,restroom_acquisition,Unnamed venue,9.3063657,123.2983197,,unknown,unknown,Unknown,Unknown,candidate_unverified,"{""Access"":""unknown"",""Acquisition_Date"":""2026-09-01"",""Address"":"""",""Bidet_Presence"":""Unknown"",""Candidate_Priority"":""High"",""Candidate_Reason"":""Restaurant or fast-food venue (amenity=fast_food)"",""Fee"":""unknown"",""Last_Source_Update"":""2025-02-26T03:12:35Z"",""Latitude"":9.3063657,""Longitude"":123.2983197,""Match_Confidence"":"""",""Match_Reason"":"""",""Name"":""Unnamed venue"",""Notes"":"""",""OSM_ID"":""6741844752"",""OSM_Type"":""node"",""Parent_Venue"":"""",""Restroom_Presence"":""Unknown"",""Restroom_Verification"":""candidate_unverified"",""Source"":""OSM"",""Source_ID"":""node/6741844752"",""Temporary_Record_ID"":""osm_node_6741844752"",""Venue_Category"":""food_major""}"
buttler_loc_f5930e44744f32394309,node/6829151585,OSM,node/6829151585,restroom_acquisition,Starbucks,9.306049,123.3101633,4 & 6 Rizal Boulevard,unknown,unknown,Unknown,Unknown,candidate_unverified,"{""Access"":""unknown"",""Acquisition_Date"":""2026-09-01"",""Address"":""4 & 6 Rizal Boulevard"",""Bidet_Presence"":""Unknown"",""Candidate_Priority"":""Medium"",""Candidate_Reason"":""Food/drink venue; restroom uncertain (amenity=cafe)"",""Fee"":""unknown"",""Last_Source_Update"":""2025-02-19T04:44:31Z"",""Latitude"":9.306049,""Longitude"":123.3101633,""Match_Confidence"":"""",""Match_Reason"":"""",""Name"":""Starbucks"",""Notes"":"""",""OSM_ID"":""6829151585"",""OSM_Type"":""node"",""Parent_Venue"":"""",""Restroom_Presence"":""Unknown"",""Restroom_Verification"":""candidate_unverified"",""Source"":""OSM"",""Source_ID"":""node/6829151585"",""Temporary_Record_ID"":""osm_node_6829151585"",""Venue_Category"":""food_drink""}"
buttler_loc_fa728be06f4db6ae8c3e,node/6860573009,OSM,node/6860573009,restroom_acquisition,Sulit Budget Hotel,9.326158,123.3013151,71 L. Rovira East Road,unknown,unknown,Unknown,Unknown,candidate_unverified,"{""Access"":""unknown"",""Acquisition_Date"":""2026-09-01"",""Address"":""71 L. Rovira East Road"",""Bidet_Presence"":""Unknown"",""Candidate_Priority"":""High"",""Candidate_Reason"":""Substantial accommodation (tourism=hotel)"",""Fee"":""unknown"",""Last_Source_Update"":""2025-04-09T04:02:42Z"",""Latitude"":9.326158,""Longitude"":123.3013151,""Match_Confidence"":"""",""Match_Reason"":"""",""Name"":""Sulit Budget Hotel"",""Notes"":"""",""OSM_ID"":""6860573009"",""OSM_Type"":""node"",""Parent_Venue"":"""",""Restroom_Presence"":""Unknown"",""Restroom_Verification"":""candidate_unverified"",""Source"":""OSM"",""Source_ID"":""node/6860573009"",""Temporary_Record_ID"":""osm_node_6860573009"",""Venue_Category"":""accommodation""}"
buttler_loc_ed0aa7c06f07834070b4,node/7052411986,OSM,node/7052411986,restroom_acquisition,Shao Bao,9.3102935,123.3078098,,unknown,unknown,Unknown,Unknown,candidate_unverified,"{""Access"":""unknown"",""Acquisition_Date"":""2026-09-01"",""Address"":"""",""Bidet_Presence"":""Unknown"",""Candidate_Priority"":""High"",""Candidate_Reason"":""Restaurant or fast-food venue (amenity=restaurant)"",""Fee"":""unknown"",""Last_Source_Update"":""2025-02-16T02:44:14Z"",""Latitude"":9.3102935,""Longitude"":123.3078098,""Match_Confidence"":"""",""Match_Reason"":"""",""Name"":""Shao Bao"",""Notes"":"""",""OSM_ID"":""7052411986"",""OSM_Type"":""node"",""Parent_Venue"":"""",""Restroom_Presence"":""Unknown"",""Restroom_Verification"":""candidate_unverified"",""Source"":""OSM"",""Source_ID"":""node/7052411986"",""Temporary_Record_ID"":""osm_node_7052411986"",""Venue_Category"":""food_major""}"
buttler_loc_d599e1198f88f368fed4,node/7258425386,OSM,node/7258425386,restroom_acquisition,#Hashtag,9.3104913,123.3002466,,unknown,unknown,Unknown,Unknown,candidate_unverified,"{""Access"":""unknown"",""Acquisition_Date"":""2026-09-01"",""Address"":"""",""Bidet_Presence"":""Unknown"",""Candidate_Priority"":""Medium"",""Candidate_Reason"":""Food/drink venue; restroom uncertain (amenity=cafe)"",""Fee"":""unknown"",""Last_Source_Update"":""2025-02-13T01:26:15Z"",""Latitude"":9.3104913,""Longitude"":123.3002466,""Match_Confidence"":"""",""Match_Reason"":"""",""Name"":""#Hashtag"",""Notes"":"""",""OSM_ID"":""7258425386"",""OSM_Type"":""node"",""Parent_Venue"":"""",""Restroom_Presence"":""Unknown"",""Restroom_Verification"":""candidate_unverified"",""Source"":""OSM"",""Source_ID"":""node/7258425386"",""Temporary_Record_ID"":""osm_node_7258425386"",""Venue_Category"":""food_drink""}"
buttler_loc_cb85592a51a88a325508,node/7553715130,OSM,node/7553715130,restroom_acquisition,Unnamed public toilet,9.311987,123.3037902,,unknown,no,Yes,Unknown,osm_explicit,"{""Access"":""unknown"",""Acquisition_Date"":""2026-09-01"",""Address"":"""",""Bidet_Presence"":""Unknown"",""Candidate_Priority"":"""",""Candidate_Reason"":""amenity=toilets"",""Fee"":""no"",""Last_Source_Update"":""2021-01-19T14:48:43Z"",""Latitude"":9.311987,""Longitude"":123.3037902,""Match_Confidence"":"""",""Match_Reason"":"""",""Name"":""Unnamed public toilet"",""Notes"":"""",""OSM_ID"":""7553715130"",""OSM_Type"":""node"",""Parent_Venue"":"""",""Restroom_Presence"":""Yes"",""Restroom_Verification"":""osm_explicit"",""Source"":""OSM"",""Source_ID"":""node/7553715130"",""Temporary_Record_ID"":""osm_node_7553715130"",""Venue_Category"":""standalone_toilet""}"
buttler_loc_3680a79b70ab74a85a19,node/8345260776,OSM,node/8345260776,restroom_acquisition,Negros Oriental Provincial Hospital,9.32212,123.3003652,,unknown,unknown,Unknown,Unknown,candidate_unverified,"{""Access"":""unknown"",""Acquisition_Date"":""2026-09-01"",""Address"":"""",""Bidet_Presence"":""Unknown"",""Candidate_Priority"":""Medium"",""Candidate_Reason"":""Clinic; customer restroom plausible (amenity=doctors)"",""Fee"":""unknown"",""Last_Source_Update"":""2023-04-03T03:19:48Z"",""Latitude"":9.32212,""Longitude"":123.3003652,""Match_Confidence"":"""",""Match_Reason"":"""",""Name"":""Negros Oriental Provincial Hospital"",""Notes"":"""",""OSM_ID"":""8345260776"",""OSM_Type"":""node"",""Parent_Venue"":"""",""Restroom_Presence"":""Unknown"",""Restroom_Verification"":""candidate_unverified"",""Source"":""OSM"",""Source_ID"":""node/8345260776"",""Temporary_Record_ID"":""osm_node_8345260776"",""Venue_Category"":""clinic""}"
buttler_loc_509cefdca60b6e4344b3,node/8630406129,OSM,node/8630406129,restroom_acquisition,Dagsaan Restaurant,9.3259723,123.3111837,"North Boulevard, Dumaguete",unknown,unknown,Unknown,Unknown,candidate_unverified,"{""Access"":""unknown"",""Acquisition_Date"":""2026-09-01"",""Address"":""North Boulevard, Dumaguete"",""Bidet_Presence"":""Unknown"",""Candidate_Priority"":""High"",""Candidate_Reason"":""Restaurant or fast-food venue (amenity=restaurant)"",""Fee"":""unknown"",""Last_Source_Update"":""2025-04-09T03:29:35Z"",""Latitude"":9.3259723,""Longitude"":123.3111837,""Match_Confidence"":"""",""Match_Reason"":"""",""Name"":""Dagsaan Restaurant"",""Notes"":"""",""OSM_ID"":""8630406129"",""OSM_Type"":""node"",""Parent_Venue"":"""",""Restroom_Presence"":""Unknown"",""Restroom_Verification"":""candidate_unverified"",""Source"":""OSM"",""Source_ID"":""node/8630406129"",""Temporary_Record_ID"":""osm_node_8630406129"",""Venue_Category"":""food_major""}"
buttler_loc_4670c192b5097473d0ea,node/8869843186,OSM,node/8869843186,restroom_acquisition,Mangnao Wet Market,9.293379,123.2987823,,unknown,unknown,Unknown,Unknown,candidate_unverified,"{""Access"":""unknown"",""Acquisition_Date"":""2026-09-01"",""Address"":"""",""Bidet_Presence"":""Unknown"",""Candidate_Priority"":""High"",""Candidate_Reason"":""Public market (amenity=marketplace)"",""Fee"":""unknown"",""Last_Source_Update"":""2022-03-08T05:51:21Z"",""Latitude"":9.293379,""Longitude"":123.2987823,""Match_Confidence"":"""",""Match_Reason"":"""",""Name"":""Mangnao Wet Market"",""Notes"":"""",""OSM_ID"":""8869843186"",""OSM_Type"":""node"",""Parent_Venue"":"""",""Restroom_Presence"":""Unknown"",""Restroom_Verification"":""candidate_unverified"",""Source"":""OSM"",""Source_ID"":""node/8869843186"",""Temporary_Record_ID"":""osm_node_8869843186"",""Venue_Category"":""public_market""}"
buttler_loc_d94c0c63f89fc7b4babb,node/9528851012,OSM,node/9528851012,restroom_acquisition,STI College Dumaguete,9.3060562,123.3044046,"Libertad Street, Dumaguete",unknown,unknown,Unknown,Unknown,candidate_unverified,"{""Access"":""unknown"",""Acquisition_Date"":""2026-09-01"",""Address"":""Libertad Street, Dumaguete"",""Bidet_Presence"":""Unknown"",""Candidate_Priority"":""High"",""Candidate_Reason"":""University or college (amenity=college)"",""Fee"":""unknown"",""Last_Source_Update"":""2025-04-06T04:07:21Z"",""Latitude"":9.3060562,""Longitude"":123.3044046,""Match_Confidence"":"""",""Match_Reason"":"""",""Name"":""STI College Dumaguete"",""Notes"":"""",""OSM_ID"":""9528851012"",""OSM_Type"":""node"",""Parent_Venue"":"""",""Restroom_Presence"":""Unknown"",""Restroom_Verification"":""candidate_unverified"",""Source"":""OSM"",""Source_ID"":""node/9528851012"",""Temporary_Record_ID"":""osm_node_9528851012"",""Venue_Category"":""higher_education""}"
buttler_loc_29d2b768ecfb7b654339,node/9555873053,OSM,node/9555873053,restroom_acquisition,Golden Gate Suites,9.3071199,123.3051544,Doctor Vicente Locsin Street,unknown,unknown,Unknown,Unknown,candidate_unverified,"{""Access"":""unknown"",""Acquisition_Date"":""2026-09-01"",""Address"":""Doctor Vicente Locsin Street"",""Bidet_Presence"":""Unknown"",""Candidate_Priority"":""High"",""Candidate_Reason"":""Substantial accommodation (tourism=hotel)"",""Fee"":""unknown"",""Last_Source_Update"":""2025-02-04T10:52:30Z"",""Latitude"":9.3071199,""Longitude"":123.3051544,""Match_Confidence"":"""",""Match_Reason"":"""",""Name"":""Golden Gate Suites"",""Notes"":"""",""OSM_ID"":""9555873053"",""OSM_Type"":""node"",""Parent_Venue"":"""",""Restroom_Presence"":""Unknown"",""Restroom_Verification"":""candidate_unverified"",""Source"":""OSM"",""Source_ID"":""node/9555873053"",""Temporary_Record_ID"":""osm_node_9555873053"",""Venue_Category"":""accommodation""}"
buttler_loc_22e445a42421fa54cb6d,node/9576654529,OSM,node/9576654529,restroom_acquisition,Unnamed public toilet,9.3044719,123.3108589,,unknown,no,Yes,Unknown,osm_explicit,"{""Access"":""unknown"",""Acquisition_Date"":""2026-09-01"",""Address"":"""",""Bidet_Presence"":""Unknown"",""Candidate_Priority"":"""",""Candidate_Reason"":""amenity=toilets"",""Fee"":""no"",""Last_Source_Update"":""2026-04-12T16:41:01Z"",""Latitude"":9.3044719,""Longitude"":123.3108589,""Match_Confidence"":"""",""Match_Reason"":"""",""Name"":""Unnamed public toilet"",""Notes"":"""",""OSM_ID"":""9576654529"",""OSM_Type"":""node"",""Parent_Venue"":"""",""Restroom_Presence"":""Yes"",""Restroom_Verification"":""osm_explicit"",""Source"":""OSM"",""Source_ID"":""node/9576654529"",""Temporary_Record_ID"":""osm_node_9576654529"",""Venue_Category"":""standalone_toilet""}"
buttler_loc_20f89fdf66847657b4e6,node/9576657287,OSM,node/9576657287,restroom_acquisition,Ground Zero,9.309414,123.3083192,,unknown,unknown,Unknown,Unknown,candidate_unverified,"{""Access"":""unknown"",""Acquisition_Date"":""2026-09-01"",""Address"":"""",""Bidet_Presence"":""Unknown"",""Candidate_Priority"":""Medium"",""Candidate_Reason"":""Food/drink venue; restroom uncertain (amenity=cafe)"",""Fee"":""unknown"",""Last_Source_Update"":""2025-02-25T03:36:08Z"",""Latitude"":9.309414,""Longitude"":123.3083192,""Match_Confidence"":"""",""Match_Reason"":"""",""Name"":""Ground Zero"",""Notes"":"""",""OSM_ID"":""9576657287"",""OSM_Type"":""node"",""Parent_Venue"":"""",""Restroom_Presence"":""Unknown"",""Restroom_Verification"":""candidate_unverified"",""Source"":""OSM"",""Source_ID"":""node/9576657287"",""Temporary_Record_ID"":""osm_node_9576657287"",""Venue_Category"":""food_drink""}"
buttler_loc_d5f240e8909fe3654175,node/9576657296,OSM,node/9576657296,restroom_acquisition,Bulwagang Barangay ng Poblacion 5,9.3096576,123.3078403,,unknown,unknown,Unknown,Unknown,candidate_unverified,"{""Access"":""unknown"",""Acquisition_Date"":""2026-09-01"",""Address"":"""",""Bidet_Presence"":""Unknown"",""Candidate_Priority"":""High"",""Candidate_Reason"":""Public/civic facility (amenity=townhall)"",""Fee"":""unknown"",""Last_Source_Update"":""2022-03-14T01:48:17Z"",""Latitude"":9.3096576,""Longitude"":123.3078403,""Match_Confidence"":"""",""Match_Reason"":"""",""Name"":""Bulwagang Barangay ng Poblacion 5"",""Notes"":"""",""OSM_ID"":""9576657296"",""OSM_Type"":""node"",""Parent_Venue"":""Poblacion 5"",""Restroom_Presence"":""Unknown"",""Restroom_Verification"":""candidate_unverified"",""Source"":""OSM"",""Source_ID"":""node/9576657296"",""Temporary_Record_ID"":""osm_node_9576657296"",""Venue_Category"":""civic""}"
buttler_loc_16e1685531edea6c7cf8,node/9833148436,OSM,node/9833148436,restroom_acquisition,Skewers,9.2998481,123.3030324,,unknown,unknown,Unknown,Unknown,candidate_unverified,"{""Access"":""unknown"",""Acquisition_Date"":""2026-09-01"",""Address"":"""",""Bidet_Presence"":""Unknown"",""Candidate_Priority"":""High"",""Candidate_Reason"":""Restaurant or fast-food venue (amenity=restaurant)"",""Fee"":""unknown"",""Last_Source_Update"":""2025-02-26T06:40:52Z"",""Latitude"":9.2998481,""Longitude"":123.3030324,""Match_Confidence"":"""",""Match_Reason"":"""",""Name"":""Skewers"",""Notes"":"""",""OSM_ID"":""9833148436"",""OSM_Type"":""node"",""Parent_Venue"":"""",""Restroom_Presence"":""Unknown"",""Restroom_Verification"":""candidate_unverified"",""Source"":""OSM"",""Source_ID"":""node/9833148436"",""Temporary_Record_ID"":""osm_node_9833148436"",""Venue_Category"":""food_major""}"
buttler_loc_f7da499f2f9ba75b8855,node/9835939060,OSM,node/9835939060,restroom_acquisition,Hacienda Sr. Pedro Grill,9.3183444,123.2895988,"Larena Drive, Dumaguete",unknown,unknown,Unknown,Unknown,candidate_unverified,"{""Access"":""unknown"",""Acquisition_Date"":""2026-09-01"",""Address"":""Larena Drive, Dumaguete"",""Bidet_Presence"":""Unknown"",""Candidate_Priority"":""High"",""Candidate_Reason"":""Restaurant or fast-food venue (amenity=fast_food)"",""Fee"":""unknown"",""Last_Source_Update"":""2025-02-16T11:37:31Z"",""Latitude"":9.3183444,""Longitude"":123.2895988,""Match_Confidence"":"""",""Match_Reason"":"""",""Name"":""Hacienda Sr. Pedro Grill"",""Notes"":"""",""OSM_ID"":""9835939060"",""OSM_Type"":""node"",""Parent_Venue"":"""",""Restroom_Presence"":""Unknown"",""Restroom_Verification"":""candidate_unverified"",""Source"":""OSM"",""Source_ID"":""node/9835939060"",""Temporary_Record_ID"":""osm_node_9835939060"",""Venue_Category"":""food_major""}"
buttler_loc_2d23e47fd95d39fa96a3,node/9845465353,OSM,node/9845465353,restroom_acquisition,Bacong Terminal,9.3036695,123.3067876,,unknown,unknown,Unknown,Unknown,candidate_unverified,"{""Access"":""unknown"",""Acquisition_Date"":""2026-09-01"",""Address"":"""",""Bidet_Presence"":""Unknown"",""Candidate_Priority"":""High"",""Candidate_Reason"":""Passenger terminal (amenity=bus_station)"",""Fee"":""unknown"",""Last_Source_Update"":""2024-12-06T10:22:25Z"",""Latitude"":9.3036695,""Longitude"":123.3067876,""Match_Confidence"":"""",""Match_Reason"":"""",""Name"":""Bacong Terminal"",""Notes"":"""",""OSM_ID"":""9845465353"",""OSM_Type"":""node"",""Parent_Venue"":"""",""Restroom_Presence"":""Unknown"",""Restroom_Verification"":""candidate_unverified"",""Source"":""OSM"",""Source_ID"":""node/9845465353"",""Temporary_Record_ID"":""osm_node_9845465353"",""Venue_Category"":""transport_terminal""}"
buttler_loc_a934c257b61d917a1911,node/9878773596,OSM,node/9878773596,restroom_acquisition,Mag Atchan's Toccino,9.3066635,123.3018636,Dr. Vicente Locsin Street,unknown,unknown,Unknown,Unknown,candidate_unverified,"{""Access"":""unknown"",""Acquisition_Date"":""2026-09-01"",""Address"":""Dr. Vicente Locsin Street"",""Bidet_Presence"":""Unknown"",""Candidate_Priority"":""High"",""Candidate_Reason"":""Restaurant or fast-food venue (amenity=fast_food)"",""Fee"":""unknown"",""Last_Source_Update"":""2023-06-15T05:46:29Z"",""Latitude"":9.3066635,""Longitude"":123.3018636,""Match_Confidence"":"""",""Match_Reason"":"""",""Name"":""Mag Atchan's Toccino"",""Notes"":"""",""OSM_ID"":""9878773596"",""OSM_Type"":""node"",""Parent_Venue"":"""",""Restroom_Presence"":""Unknown"",""Restroom_Verification"":""candidate_unverified"",""Source"":""OSM"",""Source_ID"":""node/9878773596"",""Temporary_Record_ID"":""osm_node_9878773596"",""Venue_Category"":""food_major""}"
buttler_loc_3b5f10bdcbfbe82d6f7f,node/9884839217,OSM,node/9884839217,restroom_acquisition,Chill Out,9.3291036,123.3103685,,unknown,unknown,Unknown,Unknown,candidate_unverified,"{""Access"":""unknown"",""Acquisition_Date"":""2026-09-01"",""Address"":"""",""Bidet_Presence"":""Unknown"",""Candidate_Priority"":""Medium"",""Candidate_Reason"":""Food/drink venue; restroom uncertain (amenity=bar)"",""Fee"":""unknown"",""Last_Source_Update"":""2025-05-22T08:23:22Z"",""Latitude"":9.3291036,""Longitude"":123.3103685,""Match_Confidence"":"""",""Match_Reason"":"""",""Name"":""Chill Out"",""Notes"":"""",""OSM_ID"":""9884839217"",""OSM_Type"":""node"",""Parent_Venue"":"""",""Restroom_Presence"":""Unknown"",""Restroom_Verification"":""candidate_unverified"",""Source"":""OSM"",""Source_ID"":""node/9884839217"",""Temporary_Record_ID"":""osm_node_9884839217"",""Venue_Category"":""food_drink""}"
buttler_loc_9c2e0775e7e2223ddf8b,node/9889497168,OSM,node/9889497168,restroom_acquisition,Coffee Collective,9.3271427,123.3101615,,unknown,unknown,Unknown,Unknown,candidate_unverified,"{""Access"":""unknown"",""Acquisition_Date"":""2026-09-01"",""Address"":"""",""Bidet_Presence"":""Unknown"",""Candidate_Priority"":""Medium"",""Candidate_Reason"":""Food/drink venue; restroom uncertain (amenity=cafe)"",""Fee"":""unknown"",""Last_Source_Update"":""2025-04-09T03:59:52Z"",""Latitude"":9.3271427,""Longitude"":123.3101615,""Match_Confidence"":"""",""Match_Reason"":"""",""Name"":""Coffee Collective"",""Notes"":"""",""OSM_ID"":""9889497168"",""OSM_Type"":""node"",""Parent_Venue"":"""",""Restroom_Presence"":""Unknown"",""Restroom_Verification"":""candidate_unverified"",""Source"":""OSM"",""Source_ID"":""node/9889497168"",""Temporary_Record_ID"":""osm_node_9889497168"",""Venue_Category"":""food_drink""}"
buttler_loc_669170011cdb4192d252,node/10023154517,OSM,node/10023154517,restroom_acquisition,Ikura Sushi Bar,9.3021064,123.2974751,Senator Lorenzo G. Teves Street Extension,unknown,unknown,Unknown,Unknown,candidate_unverified,"{""Access"":""unknown"",""Acquisition_Date"":""2026-09-01"",""Address"":""Senator Lorenzo G. Teves Street Extension"",""Bidet_Presence"":""Unknown"",""Candidate_Priority"":""High"",""Candidate_Reason"":""Restaurant or fast-food venue (amenity=fast_food)"",""Fee"":""unknown"",""Last_Source_Update"":""2025-04-04T06:26:48Z"",""Latitude"":9.3021064,""Longitude"":123.2974751,""Match_Confidence"":"""",""Match_Reason"":"""",""Name"":""Ikura Sushi Bar"",""Notes"":"""",""OSM_ID"":""10023154517"",""OSM_Type"":""node"",""Parent_Venue"":"""",""Restroom_Presence"":""Unknown"",""Restroom_Verification"":""candidate_unverified"",""Source"":""OSM"",""Source_ID"":""node/10023154517"",""Temporary_Record_ID"":""osm_node_10023154517"",""Venue_Category"":""food_major""}"
buttler_loc_6fa77904972a6a634475,node/10050226056,OSM,node/10050226056,restroom_acquisition,The Breakroom  Cafe,9.3079731,123.3083254,"San Jose Street, Dumaguete City",unknown,unknown,Unknown,Unknown,candidate_unverified,"{""Access"":""unknown"",""Acquisition_Date"":""2026-09-01"",""Address"":""San Jose Street, Dumaguete City"",""Bidet_Presence"":""Unknown"",""Candidate_Priority"":""Medium"",""Candidate_Reason"":""Food/drink venue; restroom uncertain (amenity=cafe)"",""Fee"":""unknown"",""Last_Source_Update"":""2025-09-30T15:53:03Z"",""Latitude"":9.3079731,""Longitude"":123.3083254,""Match_Confidence"":"""",""Match_Reason"":"""",""Name"":""The Breakroom  Cafe"",""Notes"":"""",""OSM_ID"":""10050226056"",""OSM_Type"":""node"",""Parent_Venue"":"""",""Restroom_Presence"":""Unknown"",""Restroom_Verification"":""candidate_unverified"",""Source"":""OSM"",""Source_ID"":""node/10050226056"",""Temporary_Record_ID"":""osm_node_10050226056"",""Venue_Category"":""food_drink""}"
buttler_loc_54f23dda5581c666b0bc,node/10050423982,OSM,node/10050423982,restroom_acquisition,Jollibee,9.2990206,123.3024481,,unknown,unknown,Unknown,Unknown,candidate_unverified,"{""Access"":""unknown"",""Acquisition_Date"":""2026-09-01"",""Address"":"""",""Bidet_Presence"":""Unknown"",""Candidate_Priority"":""High"",""Candidate_Reason"":""Restaurant or fast-food venue (amenity=fast_food)"",""Fee"":""unknown"",""Last_Source_Update"":""2025-02-26T06:41:05Z"",""Latitude"":9.2990206,""Longitude"":123.3024481,""Match_Confidence"":"""",""Match_Reason"":"""",""Name"":""Jollibee"",""Notes"":"""",""OSM_ID"":""10050423982"",""OSM_Type"":""node"",""Parent_Venue"":"""",""Restroom_Presence"":""Unknown"",""Restroom_Verification"":""candidate_unverified"",""Source"":""OSM"",""Source_ID"":""node/10050423982"",""Temporary_Record_ID"":""osm_node_10050423982"",""Venue_Category"":""food_major""}"
buttler_loc_d691a5b0ba84513ee241,node/10110515872,OSM,node/10110515872,restroom_acquisition,Robinsons Movieworld,9.2984107,123.3043588,,unknown,unknown,Unknown,Unknown,candidate_unverified,"{""Access"":""unknown"",""Acquisition_Date"":""2026-09-01"",""Address"":"""",""Bidet_Presence"":""Unknown"",""Candidate_Priority"":""High"",""Candidate_Reason"":""Major entertainment venue (amenity=cinema)"",""Fee"":""unknown"",""Last_Source_Update"":""2025-05-16T09:35:14Z"",""Latitude"":9.2984107,""Longitude"":123.3043588,""Match_Confidence"":"""",""Match_Reason"":"""",""Name"":""Robinsons Movieworld"",""Notes"":"""",""OSM_ID"":""10110515872"",""OSM_Type"":""node"",""Parent_Venue"":"""",""Restroom_Presence"":""Unknown"",""Restroom_Verification"":""candidate_unverified"",""Source"":""OSM"",""Source_ID"":""node/10110515872"",""Temporary_Record_ID"":""osm_node_10110515872"",""Venue_Category"":""entertainment_major""}"
buttler_loc_34559c25228d09317b5b,node/10110515879,OSM,node/10110515879,restroom_acquisition,Unnamed public toilet,9.2985638,123.3041599,,unknown,no,Yes,Unknown,osm_explicit,"{""Access"":""unknown"",""Acquisition_Date"":""2026-09-01"",""Address"":"""",""Bidet_Presence"":""Unknown"",""Candidate_Priority"":"""",""Candidate_Reason"":""amenity=toilets"",""Fee"":""no"",""Last_Source_Update"":""2026-03-16T13:08:07Z"",""Latitude"":9.2985638,""Longitude"":123.3041599,""Match_Confidence"":"""",""Match_Reason"":"""",""Name"":""Unnamed public toilet"",""Notes"":"""",""OSM_ID"":""10110515879"",""OSM_Type"":""node"",""Parent_Venue"":"""",""Restroom_Presence"":""Yes"",""Restroom_Verification"":""osm_explicit"",""Source"":""OSM"",""Source_ID"":""node/10110515879"",""Temporary_Record_ID"":""osm_node_10110515879"",""Venue_Category"":""standalone_toilet""}"
buttler_loc_a9c12939bbccba21527d,node/10140172674,OSM,node/10140172674,restroom_acquisition,Novo Department Store,9.3077105,123.3075254,,unknown,unknown,Unknown,Unknown,candidate_unverified,"{""Access"":""unknown"",""Acquisition_Date"":""2026-09-01"",""Address"":"""",""Bidet_Presence"":""Unknown"",""Candidate_Priority"":""High"",""Candidate_Reason"":""High-traffic major retail venue (shop=department_store)"",""Fee"":""unknown"",""Last_Source_Update"":""2022-10-30T15:06:32Z"",""Latitude"":9.3077105,""Longitude"":123.3075254,""Match_Confidence"":"""",""Match_Reason"":"""",""Name"":""Novo Department Store"",""Notes"":"""",""OSM_ID"":""10140172674"",""OSM_Type"":""node"",""Parent_Venue"":"""",""Restroom_Presence"":""Unknown"",""Restroom_Verification"":""candidate_unverified"",""Source"":""OSM"",""Source_ID"":""node/10140172674"",""Temporary_Record_ID"":""osm_node_10140172674"",""Venue_Category"":""retail_major""}"
buttler_loc_3eebcc4fe54dfb194772,node/10243629156,OSM,node/10243629156,restroom_acquisition,Jollibee,9.3235251,123.298479,,unknown,unknown,Unknown,Unknown,candidate_unverified,"{""Access"":""unknown"",""Acquisition_Date"":""2026-09-01"",""Address"":"""",""Bidet_Presence"":""Unknown"",""Candidate_Priority"":""High"",""Candidate_Reason"":""Restaurant or fast-food venue (amenity=fast_food)"",""Fee"":""unknown"",""Last_Source_Update"":""2025-03-06T06:34:51Z"",""Latitude"":9.3235251,""Longitude"":123.298479,""Match_Confidence"":"""",""Match_Reason"":"""",""Name"":""Jollibee"",""Notes"":"""",""OSM_ID"":""10243629156"",""OSM_Type"":""node"",""Parent_Venue"":"""",""Restroom_Presence"":""Unknown"",""Restroom_Verification"":""candidate_unverified"",""Source"":""OSM"",""Source_ID"":""node/10243629156"",""Temporary_Record_ID"":""osm_node_10243629156"",""Venue_Category"":""food_major""}"
buttler_loc_01387947bb5484985718,node/10243629164,OSM,node/10243629164,restroom_acquisition,Savemore,9.3233103,123.2975914,,unknown,unknown,Unknown,Unknown,candidate_unverified,"{""Access"":""unknown"",""Acquisition_Date"":""2026-09-01"",""Address"":"""",""Bidet_Presence"":""Unknown"",""Candidate_Priority"":""High"",""Candidate_Reason"":""High-traffic major retail venue (shop=supermarket)"",""Fee"":""unknown"",""Last_Source_Update"":""2025-03-06T01:18:36Z"",""Latitude"":9.3233103,""Longitude"":123.2975914,""Match_Confidence"":"""",""Match_Reason"":"""",""Name"":""Savemore"",""Notes"":"""",""OSM_ID"":""10243629164"",""OSM_Type"":""node"",""Parent_Venue"":""CityMall Dumaguete"",""Restroom_Presence"":""Unknown"",""Restroom_Verification"":""candidate_unverified"",""Source"":""OSM"",""Source_ID"":""node/10243629164"",""Temporary_Record_ID"":""osm_node_10243629164"",""Venue_Category"":""retail_major""}"
buttler_loc_30ee7ced8566e3459690,node/10243629165,OSM,node/10243629165,restroom_acquisition,CityMall Cinema,9.3235604,123.2975054,,unknown,unknown,Unknown,Unknown,candidate_unverified,"{""Access"":""unknown"",""Acquisition_Date"":""2026-09-01"",""Address"":"""",""Bidet_Presence"":""Unknown"",""Candidate_Priority"":""High"",""Candidate_Reason"":""Major entertainment venue (amenity=cinema)"",""Fee"":""unknown"",""Last_Source_Update"":""2025-03-06T01:18:36Z"",""Latitude"":9.3235604,""Longitude"":123.2975054,""Match_Confidence"":"""",""Match_Reason"":"""",""Name"":""CityMall Cinema"",""Notes"":"""",""OSM_ID"":""10243629165"",""OSM_Type"":""node"",""Parent_Venue"":"""",""Restroom_Presence"":""Unknown"",""Restroom_Verification"":""candidate_unverified"",""Source"":""OSM"",""Source_ID"":""node/10243629165"",""Temporary_Record_ID"":""osm_node_10243629165"",""Venue_Category"":""entertainment_major""}"
buttler_loc_9b1c2522f169a9aebd94,node/10556356355,OSM,node/10556356355,restroom_acquisition,Extended Stay,9.309019,123.3025189,,unknown,unknown,Unknown,Unknown,candidate_unverified,"{""Access"":""unknown"",""Acquisition_Date"":""2026-09-01"",""Address"":"""",""Bidet_Presence"":""Unknown"",""Candidate_Priority"":""High"",""Candidate_Reason"":""Substantial accommodation (tourism=hotel)"",""Fee"":""unknown"",""Last_Source_Update"":""2025-11-07T03:55:54Z"",""Latitude"":9.309019,""Longitude"":123.3025189,""Match_Confidence"":"""",""Match_Reason"":"""",""Name"":""Extended Stay"",""Notes"":"""",""OSM_ID"":""10556356355"",""OSM_Type"":""node"",""Parent_Venue"":"""",""Restroom_Presence"":""Unknown"",""Restroom_Verification"":""candidate_unverified"",""Source"":""OSM"",""Source_ID"":""node/10556356355"",""Temporary_Record_ID"":""osm_node_10556356355"",""Venue_Category"":""accommodation""}"
buttler_loc_af66c183eaa8b8a79fbc,node/10572586399,OSM,node/10572586399,restroom_acquisition,Kobe's Grill,9.3002838,123.2956726,,unknown,unknown,Unknown,Unknown,candidate_unverified,"{""Access"":""unknown"",""Acquisition_Date"":""2026-09-01"",""Address"":"""",""Bidet_Presence"":""Unknown"",""Candidate_Priority"":""Medium"",""Candidate_Reason"":""Food/drink venue; restroom uncertain (amenity=bar)"",""Fee"":""unknown"",""Last_Source_Update"":""2023-01-21T12:44:34Z"",""Latitude"":9.3002838,""Longitude"":123.2956726,""Match_Confidence"":"""",""Match_Reason"":"""",""Name"":""Kobe's Grill"",""Notes"":"""",""OSM_ID"":""10572586399"",""OSM_Type"":""node"",""Parent_Venue"":"""",""Restroom_Presence"":""Unknown"",""Restroom_Verification"":""candidate_unverified"",""Source"":""OSM"",""Source_ID"":""node/10572586399"",""Temporary_Record_ID"":""osm_node_10572586399"",""Venue_Category"":""food_drink""}"
buttler_loc_cbadeab08b7dfadbc011,node/10755778535,OSM,node/10755778535,restroom_acquisition,K-Egg Point,9.3098919,123.3049427,"Silliman Avenue Extension, Dumaguete",unknown,unknown,Unknown,Unknown,candidate_unverified,"{""Access"":""unknown"",""Acquisition_Date"":""2026-09-01"",""Address"":""Silliman Avenue Extension, Dumaguete"",""Bidet_Presence"":""Unknown"",""Candidate_Priority"":""High"",""Candidate_Reason"":""Restaurant or fast-food venue (amenity=fast_food)"",""Fee"":""unknown"",""Last_Source_Update"":""2023-03-24T09:29:49Z"",""Latitude"":9.3098919,""Longitude"":123.3049427,""Match_Confidence"":"""",""Match_Reason"":"""",""Name"":""K-Egg Point"",""Notes"":"""",""OSM_ID"":""10755778535"",""OSM_Type"":""node"",""Parent_Venue"":"""",""Restroom_Presence"":""Unknown"",""Restroom_Verification"":""candidate_unverified"",""Source"":""OSM"",""Source_ID"":""node/10755778535"",""Temporary_Record_ID"":""osm_node_10755778535"",""Venue_Category"":""food_major""}"
buttler_loc_7b4f7a752139d7512666,node/10758194505,OSM,node/10758194505,restroom_acquisition,Sam’s Bed And Breakfast,9.3178183,123.2917154,,unknown,unknown,Unknown,Unknown,candidate_unverified,"{""Access"":""unknown"",""Acquisition_Date"":""2026-09-01"",""Address"":"""",""Bidet_Presence"":""Unknown"",""Candidate_Priority"":""High"",""Candidate_Reason"":""Substantial accommodation (tourism=guest_house)"",""Fee"":""unknown"",""Last_Source_Update"":""2025-05-04T14:40:19Z"",""Latitude"":9.3178183,""Longitude"":123.2917154,""Match_Confidence"":"""",""Match_Reason"":"""",""Name"":""Sam’s Bed And Breakfast"",""Notes"":"""",""OSM_ID"":""10758194505"",""OSM_Type"":""node"",""Parent_Venue"":"""",""Restroom_Presence"":""Unknown"",""Restroom_Verification"":""candidate_unverified"",""Source"":""OSM"",""Source_ID"":""node/10758194505"",""Temporary_Record_ID"":""osm_node_10758194505"",""Venue_Category"":""accommodation""}"
buttler_loc_8556a22caefdf93aade9,node/10799244597,OSM,node/10799244597,restroom_acquisition,Z Pension,9.3033578,123.3066419,"Mabini Street, Poblacion 2, Dumaguete City",unknown,unknown,Unknown,Unknown,candidate_unverified,"{""Access"":""unknown"",""Acquisition_Date"":""2026-09-01"",""Address"":""Mabini Street, Poblacion 2, Dumaguete City"",""Bidet_Presence"":""Unknown"",""Candidate_Priority"":""High"",""Candidate_Reason"":""Substantial accommodation (tourism=hotel)"",""Fee"":""unknown"",""Last_Source_Update"":""2025-10-01T08:36:52Z"",""Latitude"":9.3033578,""Longitude"":123.3066419,""Match_Confidence"":"""",""Match_Reason"":"""",""Name"":""Z Pension"",""Notes"":"""",""OSM_ID"":""10799244597"",""OSM_Type"":""node"",""Parent_Venue"":""way/1184890346"",""Restroom_Presence"":""Unknown"",""Restroom_Verification"":""candidate_unverified"",""Source"":""OSM"",""Source_ID"":""node/10799244597"",""Temporary_Record_ID"":""osm_node_10799244597"",""Venue_Category"":""accommodation""}"
buttler_loc_0fe0d5d53b71bd163820,node/10814311443,OSM,node/10814311443,restroom_acquisition,DYNASTY Dimsym Bar,9.3230992,123.3069215,Hibbard Avenue,unknown,unknown,Unknown,Unknown,candidate_unverified,"{""Access"":""unknown"",""Acquisition_Date"":""2026-09-01"",""Address"":""Hibbard Avenue"",""Bidet_Presence"":""Unknown"",""Candidate_Priority"":""High"",""Candidate_Reason"":""Restaurant or fast-food venue (amenity=restaurant)"",""Fee"":""unknown"",""Last_Source_Update"":""2023-04-15T11:52:17Z"",""Latitude"":9.3230992,""Longitude"":123.3069215,""Match_Confidence"":"""",""Match_Reason"":"""",""Name"":""DYNASTY Dimsym Bar"",""Notes"":"""",""OSM_ID"":""10814311443"",""OSM_Type"":""node"",""Parent_Venue"":"""",""Restroom_Presence"":""Unknown"",""Restroom_Verification"":""candidate_unverified"",""Source"":""OSM"",""Source_ID"":""node/10814311443"",""Temporary_Record_ID"":""osm_node_10814311443"",""Venue_Category"":""food_major""}"
buttler_loc_779df2ab6d236543ee3f,node/10814329449,OSM,node/10814329449,restroom_acquisition,FIKA,9.3230815,123.3068909,,unknown,unknown,Unknown,Unknown,candidate_unverified,"{""Access"":""unknown"",""Acquisition_Date"":""2026-09-01"",""Address"":"""",""Bidet_Presence"":""Unknown"",""Candidate_Priority"":""High"",""Candidate_Reason"":""Restaurant or fast-food venue (amenity=restaurant)"",""Fee"":""unknown"",""Last_Source_Update"":""2025-03-07T08:08:20Z"",""Latitude"":9.3230815,""Longitude"":123.3068909,""Match_Confidence"":"""",""Match_Reason"":"""",""Name"":""FIKA"",""Notes"":"""",""OSM_ID"":""10814329449"",""OSM_Type"":""node"",""Parent_Venue"":"""",""Restroom_Presence"":""Unknown"",""Restroom_Verification"":""candidate_unverified"",""Source"":""OSM"",""Source_ID"":""node/10814329449"",""Temporary_Record_ID"":""osm_node_10814329449"",""Venue_Category"":""food_major""}"
buttler_loc_e9466022b67ad49e6113,node/10848125257,OSM,node/10848125257,restroom_acquisition,Babii Tea,9.3096,123.3082864,,unknown,unknown,Unknown,Unknown,candidate_unverified,"{""Access"":""unknown"",""Acquisition_Date"":""2026-09-01"",""Address"":"""",""Bidet_Presence"":""Unknown"",""Candidate_Priority"":""Medium"",""Candidate_Reason"":""Food/drink venue; restroom uncertain (amenity=cafe)"",""Fee"":""unknown"",""Last_Source_Update"":""2025-02-25T03:36:09Z"",""Latitude"":9.3096,""Longitude"":123.3082864,""Match_Confidence"":"""",""Match_Reason"":"""",""Name"":""Babii Tea"",""Notes"":"""",""OSM_ID"":""10848125257"",""OSM_Type"":""node"",""Parent_Venue"":"""",""Restroom_Presence"":""Unknown"",""Restroom_Verification"":""candidate_unverified"",""Source"":""OSM"",""Source_ID"":""node/10848125257"",""Temporary_Record_ID"":""osm_node_10848125257"",""Venue_Category"":""food_drink""}"
buttler_loc_7a9dd20f05a219cee2b1,node/10848130291,OSM,node/10848130291,restroom_acquisition,Kōhī,9.3151361,123.3072399,Hibbard Avenue,unknown,unknown,Unknown,Unknown,candidate_unverified,"{""Access"":""unknown"",""Acquisition_Date"":""2026-09-01"",""Address"":""Hibbard Avenue"",""Bidet_Presence"":""Unknown"",""Candidate_Priority"":""Medium"",""Candidate_Reason"":""Food/drink venue; restroom uncertain (amenity=cafe)"",""Fee"":""unknown"",""Last_Source_Update"":""2025-05-13T08:32:46Z"",""Latitude"":9.3151361,""Longitude"":123.3072399,""Match_Confidence"":"""",""Match_Reason"":"""",""Name"":""Kōhī"",""Notes"":"""",""OSM_ID"":""10848130291"",""OSM_Type"":""node"",""Parent_Venue"":"""",""Restroom_Presence"":""Unknown"",""Restroom_Verification"":""candidate_unverified"",""Source"":""OSM"",""Source_ID"":""node/10848130291"",""Temporary_Record_ID"":""osm_node_10848130291"",""Venue_Category"":""food_drink""}"
buttler_loc_a6c6ab00f86c96c23071,node/10861524285,OSM,node/10861524285,restroom_acquisition,3 J&M,9.3097688,123.3048453,,unknown,unknown,Unknown,Unknown,candidate_unverified,"{""Access"":""unknown"",""Acquisition_Date"":""2026-09-01"",""Address"":"""",""Bidet_Presence"":""Unknown"",""Candidate_Priority"":""High"",""Candidate_Reason"":""Restaurant or fast-food venue (amenity=fast_food)"",""Fee"":""unknown"",""Last_Source_Update"":""2023-05-02T02:20:08Z"",""Latitude"":9.3097688,""Longitude"":123.3048453,""Match_Confidence"":"""",""Match_Reason"":"""",""Name"":""3 J&M"",""Notes"":"""",""OSM_ID"":""10861524285"",""OSM_Type"":""node"",""Parent_Venue"":"""",""Restroom_Presence"":""Unknown"",""Restroom_Verification"":""candidate_unverified"",""Source"":""OSM"",""Source_ID"":""node/10861524285"",""Temporary_Record_ID"":""osm_node_10861524285"",""Venue_Category"":""food_major""}"
buttler_loc_d70eecf81e56385979ff,node/10861524557,OSM,node/10861524557,restroom_acquisition,Tikk a Bite,9.3098256,123.3048476,,unknown,unknown,Unknown,Unknown,candidate_unverified,"{""Access"":""unknown"",""Acquisition_Date"":""2026-09-01"",""Address"":"""",""Bidet_Presence"":""Unknown"",""Candidate_Priority"":""High"",""Candidate_Reason"":""Restaurant or fast-food venue (amenity=fast_food)"",""Fee"":""unknown"",""Last_Source_Update"":""2023-05-02T02:36:51Z"",""Latitude"":9.3098256,""Longitude"":123.3048476,""Match_Confidence"":"""",""Match_Reason"":"""",""Name"":""Tikk a Bite"",""Notes"":"""",""OSM_ID"":""10861524557"",""OSM_Type"":""node"",""Parent_Venue"":"""",""Restroom_Presence"":""Unknown"",""Restroom_Verification"":""candidate_unverified"",""Source"":""OSM"",""Source_ID"":""node/10861524557"",""Temporary_Record_ID"":""osm_node_10861524557"",""Venue_Category"":""food_major""}"
buttler_loc_76b3c7feca08e5499622,node/10861783378,OSM,node/10861783378,restroom_acquisition,StreetStyle Fried Chicken,9.3094008,123.3017118,,unknown,unknown,Unknown,Unknown,candidate_unverified,"{""Access"":""unknown"",""Acquisition_Date"":""2026-09-01"",""Address"":"""",""Bidet_Presence"":""Unknown"",""Candidate_Priority"":""High"",""Candidate_Reason"":""Restaurant or fast-food venue (amenity=fast_food)"",""Fee"":""unknown"",""Last_Source_Update"":""2025-03-11T07:32:57Z"",""Latitude"":9.3094008,""Longitude"":123.3017118,""Match_Confidence"":"""",""Match_Reason"":"""",""Name"":""StreetStyle Fried Chicken"",""Notes"":"""",""OSM_ID"":""10861783378"",""OSM_Type"":""node"",""Parent_Venue"":"""",""Restroom_Presence"":""Unknown"",""Restroom_Verification"":""candidate_unverified"",""Source"":""OSM"",""Source_ID"":""node/10861783378"",""Temporary_Record_ID"":""osm_node_10861783378"",""Venue_Category"":""food_major""}"
buttler_loc_7404e035d4d2f7506b01,node/10861811823,OSM,node/10861811823,restroom_acquisition,Cafe Estacion,9.3035505,123.3073133,,unknown,unknown,Unknown,Unknown,candidate_unverified,"{""Access"":""unknown"",""Acquisition_Date"":""2026-09-01"",""Address"":"""",""Bidet_Presence"":""Unknown"",""Candidate_Priority"":""Medium"",""Candidate_Reason"":""Food/drink venue; restroom uncertain (amenity=cafe)"",""Fee"":""unknown"",""Last_Source_Update"":""2023-05-02T07:36:10Z"",""Latitude"":9.3035505,""Longitude"":123.3073133,""Match_Confidence"":"""",""Match_Reason"":"""",""Name"":""Cafe Estacion"",""Notes"":"""",""OSM_ID"":""10861811823"",""OSM_Type"":""node"",""Parent_Venue"":"""",""Restroom_Presence"":""Unknown"",""Restroom_Verification"":""candidate_unverified"",""Source"":""OSM"",""Source_ID"":""node/10861811823"",""Temporary_Record_ID"":""osm_node_10861811823"",""Venue_Category"":""food_drink""}"
buttler_loc_a3798213902fb7c96016,node/10863939563,OSM,node/10863939563,restroom_acquisition,Candia's Printing Shop,9.3060016,123.3038187,Doctor Miciano Road,unknown,unknown,Unknown,Unknown,candidate_unverified,"{""Access"":""unknown"",""Acquisition_Date"":""2026-09-01"",""Address"":""Doctor Miciano Road"",""Bidet_Presence"":""Unknown"",""Candidate_Priority"":""High"",""Candidate_Reason"":""High-traffic major retail venue (shop=supermarket)"",""Fee"":""unknown"",""Last_Source_Update"":""2025-04-06T04:21:10Z"",""Latitude"":9.3060016,""Longitude"":123.3038187,""Match_Confidence"":"""",""Match_Reason"":"""",""Name"":""Candia's Printing Shop"",""Notes"":"""",""OSM_ID"":""10863939563"",""OSM_Type"":""node"",""Parent_Venue"":"""",""Restroom_Presence"":""Unknown"",""Restroom_Verification"":""candidate_unverified"",""Source"":""OSM"",""Source_ID"":""node/10863939563"",""Temporary_Record_ID"":""osm_node_10863939563"",""Venue_Category"":""retail_major""}"
buttler_loc_1c9aa3ae3ad4dadfc846,node/10864312242,OSM,node/10864312242,restroom_acquisition,Ka Nang Aida's,9.3163714,123.3012537,,unknown,unknown,Unknown,Unknown,candidate_unverified,"{""Access"":""unknown"",""Acquisition_Date"":""2026-09-01"",""Address"":"""",""Bidet_Presence"":""Unknown"",""Candidate_Priority"":""High"",""Candidate_Reason"":""Restaurant or fast-food venue (amenity=fast_food)"",""Fee"":""unknown"",""Last_Source_Update"":""2023-05-03T08:46:46Z"",""Latitude"":9.3163714,""Longitude"":123.3012537,""Match_Confidence"":"""",""Match_Reason"":"""",""Name"":""Ka Nang Aida's"",""Notes"":"""",""OSM_ID"":""10864312242"",""OSM_Type"":""node"",""Parent_Venue"":"""",""Restroom_Presence"":""Unknown"",""Restroom_Verification"":""candidate_unverified"",""Source"":""OSM"",""Source_ID"":""node/10864312242"",""Temporary_Record_ID"":""osm_node_10864312242"",""Venue_Category"":""food_major""}"
buttler_loc_222bc74214745b6dd886,node/10864377208,OSM,node/10864377208,restroom_acquisition,Flavors of Manila,9.3161034,123.3008579,,unknown,unknown,Unknown,Unknown,candidate_unverified,"{""Access"":""unknown"",""Acquisition_Date"":""2026-09-01"",""Address"":"""",""Bidet_Presence"":""Unknown"",""Candidate_Priority"":""High"",""Candidate_Reason"":""Restaurant or fast-food venue (amenity=fast_food)"",""Fee"":""unknown"",""Last_Source_Update"":""2023-05-03T08:58:05Z"",""Latitude"":9.3161034,""Longitude"":123.3008579,""Match_Confidence"":"""",""Match_Reason"":"""",""Name"":""Flavors of Manila"",""Notes"":"""",""OSM_ID"":""10864377208"",""OSM_Type"":""node"",""Parent_Venue"":"""",""Restroom_Presence"":""Unknown"",""Restroom_Verification"":""candidate_unverified"",""Source"":""OSM"",""Source_ID"":""node/10864377208"",""Temporary_Record_ID"":""osm_node_10864377208"",""Venue_Category"":""food_major""}"
buttler_loc_73cb9fda770e382bda09,node/10866507254,OSM,node/10866507254,restroom_acquisition,Brewskis,9.3150235,123.2991696,,unknown,unknown,Unknown,Unknown,candidate_unverified,"{""Access"":""unknown"",""Acquisition_Date"":""2026-09-01"",""Address"":"""",""Bidet_Presence"":""Unknown"",""Candidate_Priority"":""Medium"",""Candidate_Reason"":""Food/drink venue; restroom uncertain (amenity=cafe)"",""Fee"":""unknown"",""Last_Source_Update"":""2025-02-20T14:33:41Z"",""Latitude"":9.3150235,""Longitude"":123.2991696,""Match_Confidence"":"""",""Match_Reason"":"""",""Name"":""Brewskis"",""Notes"":"""",""OSM_ID"":""10866507254"",""OSM_Type"":""node"",""Parent_Venue"":"""",""Restroom_Presence"":""Unknown"",""Restroom_Verification"":""candidate_unverified"",""Source"":""OSM"",""Source_ID"":""node/10866507254"",""Temporary_Record_ID"":""osm_node_10866507254"",""Venue_Category"":""food_drink""}"
buttler_loc_df95b4aa89251ee632cf,node/10869713364,OSM,node/10869713364,restroom_acquisition,Naah Choose,9.3159669,123.3007133,,unknown,unknown,Unknown,Unknown,candidate_unverified,"{""Access"":""unknown"",""Acquisition_Date"":""2026-09-01"",""Address"":"""",""Bidet_Presence"":""Unknown"",""Candidate_Priority"":""High"",""Candidate_Reason"":""Restaurant or fast-food venue (amenity=fast_food)"",""Fee"":""unknown"",""Last_Source_Update"":""2025-03-14T12:32:30Z"",""Latitude"":9.3159669,""Longitude"":123.3007133,""Match_Confidence"":"""",""Match_Reason"":"""",""Name"":""Naah Choose"",""Notes"":"""",""OSM_ID"":""10869713364"",""OSM_Type"":""node"",""Parent_Venue"":"""",""Restroom_Presence"":""Unknown"",""Restroom_Verification"":""candidate_unverified"",""Source"":""OSM"",""Source_ID"":""node/10869713364"",""Temporary_Record_ID"":""osm_node_10869713364"",""Venue_Category"":""food_major""}"
buttler_loc_d3910bf40c4da05c98c1,node/10933527982,OSM,node/10933527982,restroom_acquisition,The Bricks Hotel,9.3102518,123.3090358,,unknown,unknown,Unknown,Unknown,candidate_unverified,"{""Access"":""unknown"",""Acquisition_Date"":""2026-09-01"",""Address"":"""",""Bidet_Presence"":""Unknown"",""Candidate_Priority"":""High"",""Candidate_Reason"":""Substantial accommodation (tourism=hotel)"",""Fee"":""unknown"",""Last_Source_Update"":""2025-02-26T06:27:36Z"",""Latitude"":9.3102518,""Longitude"":123.3090358,""Match_Confidence"":"""",""Match_Reason"":"""",""Name"":""The Bricks Hotel"",""Notes"":"""",""OSM_ID"":""10933527982"",""OSM_Type"":""node"",""Parent_Venue"":"""",""Restroom_Presence"":""Unknown"",""Restroom_Verification"":""candidate_unverified"",""Source"":""OSM"",""Source_ID"":""node/10933527982"",""Temporary_Record_ID"":""osm_node_10933527982"",""Venue_Category"":""accommodation""}"
buttler_loc_bc338bb8353fdc76be1a,node/10933860905,OSM,node/10933860905,restroom_acquisition,Pasta King,9.3264516,123.3093882,,unknown,unknown,Unknown,Unknown,candidate_unverified,"{""Access"":""unknown"",""Acquisition_Date"":""2026-09-01"",""Address"":"""",""Bidet_Presence"":""Unknown"",""Candidate_Priority"":""High"",""Candidate_Reason"":""Restaurant or fast-food venue (amenity=restaurant)"",""Fee"":""unknown"",""Last_Source_Update"":""2025-02-14T06:54:10Z"",""Latitude"":9.3264516,""Longitude"":123.3093882,""Match_Confidence"":"""",""Match_Reason"":"""",""Name"":""Pasta King"",""Notes"":"""",""OSM_ID"":""10933860905"",""OSM_Type"":""node"",""Parent_Venue"":"""",""Restroom_Presence"":""Unknown"",""Restroom_Verification"":""candidate_unverified"",""Source"":""OSM"",""Source_ID"":""node/10933860905"",""Temporary_Record_ID"":""osm_node_10933860905"",""Venue_Category"":""food_major""}"
buttler_loc_df8e6e51335e1cf734ad,node/11190515926,OSM,node/11190515926,restroom_acquisition,Andok's,9.3169592,123.3059978,,unknown,unknown,Unknown,Unknown,candidate_unverified,"{""Access"":""unknown"",""Acquisition_Date"":""2026-09-01"",""Address"":"""",""Bidet_Presence"":""Unknown"",""Candidate_Priority"":""High"",""Candidate_Reason"":""Restaurant or fast-food venue (amenity=fast_food)"",""Fee"":""unknown"",""Last_Source_Update"":""2025-02-23T06:57:53Z"",""Latitude"":9.3169592,""Longitude"":123.3059978,""Match_Confidence"":"""",""Match_Reason"":"""",""Name"":""Andok's"",""Notes"":"""",""OSM_ID"":""11190515926"",""OSM_Type"":""node"",""Parent_Venue"":"""",""Restroom_Presence"":""Unknown"",""Restroom_Verification"":""candidate_unverified"",""Source"":""OSM"",""Source_ID"":""node/11190515926"",""Temporary_Record_ID"":""osm_node_11190515926"",""Venue_Category"":""food_major""}"
buttler_loc_b909942295c894514450,node/11217880365,OSM,node/11217880365,restroom_acquisition,Crispy King,9.3058804,123.3047885,,unknown,unknown,Unknown,Unknown,candidate_unverified,"{""Access"":""unknown"",""Acquisition_Date"":""2026-09-01"",""Address"":"""",""Bidet_Presence"":""Unknown"",""Candidate_Priority"":""High"",""Candidate_Reason"":""Restaurant or fast-food venue (amenity=fast_food)"",""Fee"":""unknown"",""Last_Source_Update"":""2025-02-16T05:43:11Z"",""Latitude"":9.3058804,""Longitude"":123.3047885,""Match_Confidence"":"""",""Match_Reason"":"""",""Name"":""Crispy King"",""Notes"":"""",""OSM_ID"":""11217880365"",""OSM_Type"":""node"",""Parent_Venue"":"""",""Restroom_Presence"":""Unknown"",""Restroom_Verification"":""candidate_unverified"",""Source"":""OSM"",""Source_ID"":""node/11217880365"",""Temporary_Record_ID"":""osm_node_11217880365"",""Venue_Category"":""food_major""}"
buttler_loc_2db3a8a246b1e839043e,node/11217880392,OSM,node/11217880392,restroom_acquisition,Macao Imperial Tea,9.2987677,123.3033047,,unknown,unknown,Unknown,Unknown,candidate_unverified,"{""Access"":""unknown"",""Acquisition_Date"":""2026-09-01"",""Address"":"""",""Bidet_Presence"":""Unknown"",""Candidate_Priority"":""Medium"",""Candidate_Reason"":""Food/drink venue; restroom uncertain (amenity=cafe)"",""Fee"":""unknown"",""Last_Source_Update"":""2025-05-16T09:34:15Z"",""Latitude"":9.2987677,""Longitude"":123.3033047,""Match_Confidence"":"""",""Match_Reason"":"""",""Name"":""Macao Imperial Tea"",""Notes"":"""",""OSM_ID"":""11217880392"",""OSM_Type"":""node"",""Parent_Venue"":"""",""Restroom_Presence"":""Unknown"",""Restroom_Verification"":""candidate_unverified"",""Source"":""OSM"",""Source_ID"":""node/11217880392"",""Temporary_Record_ID"":""osm_node_11217880392"",""Venue_Category"":""food_drink""}"
buttler_loc_0bd6363910004a345fd6,node/11217880393,OSM,node/11217880393,restroom_acquisition,Gong Cha,9.2982089,123.3040745,,unknown,unknown,Unknown,Unknown,candidate_unverified,"{""Access"":""unknown"",""Acquisition_Date"":""2026-09-01"",""Address"":"""",""Bidet_Presence"":""Unknown"",""Candidate_Priority"":""Medium"",""Candidate_Reason"":""Food/drink venue; restroom uncertain (amenity=cafe)"",""Fee"":""unknown"",""Last_Source_Update"":""2025-07-25T12:17:43Z"",""Latitude"":9.2982089,""Longitude"":123.3040745,""Match_Confidence"":"""",""Match_Reason"":"""",""Name"":""Gong Cha"",""Notes"":"""",""OSM_ID"":""11217880393"",""OSM_Type"":""node"",""Parent_Venue"":"""",""Restroom_Presence"":""Unknown"",""Restroom_Verification"":""candidate_unverified"",""Source"":""OSM"",""Source_ID"":""node/11217880393"",""Temporary_Record_ID"":""osm_node_11217880393"",""Venue_Category"":""food_drink""}"
buttler_loc_18d792aca0c9645f391e,node/11217880397,OSM,node/11217880397,restroom_acquisition,Ribshack,9.2990095,123.3033027,,unknown,unknown,Unknown,Unknown,candidate_unverified,"{""Access"":""unknown"",""Acquisition_Date"":""2026-09-01"",""Address"":"""",""Bidet_Presence"":""Unknown"",""Candidate_Priority"":""High"",""Candidate_Reason"":""Restaurant or fast-food venue (amenity=restaurant)"",""Fee"":""unknown"",""Last_Source_Update"":""2025-03-09T12:20:41Z"",""Latitude"":9.2990095,""Longitude"":123.3033027,""Match_Confidence"":"""",""Match_Reason"":"""",""Name"":""Ribshack"",""Notes"":"""",""OSM_ID"":""11217880397"",""OSM_Type"":""node"",""Parent_Venue"":"""",""Restroom_Presence"":""Unknown"",""Restroom_Verification"":""candidate_unverified"",""Source"":""OSM"",""Source_ID"":""node/11217880397"",""Temporary_Record_ID"":""osm_node_11217880397"",""Venue_Category"":""food_major""}"
buttler_loc_669768918c4fca30d137,node/11378919787,OSM,node/11378919787,restroom_acquisition,Dumaguete Transport Terminal,9.2984631,123.3058226,,unknown,unknown,Unknown,Unknown,candidate_unverified,"{""Access"":""unknown"",""Acquisition_Date"":""2026-09-01"",""Address"":"""",""Bidet_Presence"":""Unknown"",""Candidate_Priority"":""High"",""Candidate_Reason"":""Passenger terminal (amenity=bus_station)"",""Fee"":""unknown"",""Last_Source_Update"":""2023-11-27T04:58:53Z"",""Latitude"":9.2984631,""Longitude"":123.3058226,""Match_Confidence"":"""",""Match_Reason"":"""",""Name"":""Dumaguete Transport Terminal"",""Notes"":"""",""OSM_ID"":""11378919787"",""OSM_Type"":""node"",""Parent_Venue"":"""",""Restroom_Presence"":""Unknown"",""Restroom_Verification"":""candidate_unverified"",""Source"":""OSM"",""Source_ID"":""node/11378919787"",""Temporary_Record_ID"":""osm_node_11378919787"",""Venue_Category"":""transport_terminal""}"
buttler_loc_e56310c2a6b6e40ff2ba,node/11378919812,OSM,node/11378919812,restroom_acquisition,Hankki,9.3083686,123.3081034,,unknown,unknown,Unknown,Unknown,candidate_unverified,"{""Access"":""unknown"",""Acquisition_Date"":""2026-09-01"",""Address"":"""",""Bidet_Presence"":""Unknown"",""Candidate_Priority"":""High"",""Candidate_Reason"":""Restaurant or fast-food venue (amenity=restaurant)"",""Fee"":""unknown"",""Last_Source_Update"":""2025-03-08T01:47:48Z"",""Latitude"":9.3083686,""Longitude"":123.3081034,""Match_Confidence"":"""",""Match_Reason"":"""",""Name"":""Hankki"",""Notes"":"""",""OSM_ID"":""11378919812"",""OSM_Type"":""node"",""Parent_Venue"":"""",""Restroom_Presence"":""Unknown"",""Restroom_Verification"":""candidate_unverified"",""Source"":""OSM"",""Source_ID"":""node/11378919812"",""Temporary_Record_ID"":""osm_node_11378919812"",""Venue_Category"":""food_major""}"
buttler_loc_a4a9753346bacd056d66,node/11381175131,OSM,node/11381175131,restroom_acquisition,Honeybee's Inn,9.3293386,123.2883203,"Buñao Road, Dumaguete",unknown,unknown,Unknown,Unknown,candidate_unverified,"{""Access"":""unknown"",""Acquisition_Date"":""2026-09-01"",""Address"":""Buñao Road, Dumaguete"",""Bidet_Presence"":""Unknown"",""Candidate_Priority"":""High"",""Candidate_Reason"":""Substantial accommodation (tourism=motel)"",""Fee"":""unknown"",""Last_Source_Update"":""2026-02-14T09:16:00Z"",""Latitude"":9.3293386,""Longitude"":123.2883203,""Match_Confidence"":"""",""Match_Reason"":"""",""Name"":""Honeybee's Inn"",""Notes"":"""",""OSM_ID"":""11381175131"",""OSM_Type"":""node"",""Parent_Venue"":"""",""Restroom_Presence"":""Unknown"",""Restroom_Verification"":""candidate_unverified"",""Source"":""OSM"",""Source_ID"":""node/11381175131"",""Temporary_Record_ID"":""osm_node_11381175131"",""Venue_Category"":""accommodation""}"
buttler_loc_c1cc0f8186ee03bc583a,node/11393158675,OSM,node/11393158675,restroom_acquisition,Hangout Cafe,9.311895,123.3075487,Hibbard Avenue,unknown,unknown,Unknown,Unknown,candidate_unverified,"{""Access"":""unknown"",""Acquisition_Date"":""2026-09-01"",""Address"":""Hibbard Avenue"",""Bidet_Presence"":""Unknown"",""Candidate_Priority"":""Medium"",""Candidate_Reason"":""Food/drink venue; restroom uncertain (amenity=cafe)"",""Fee"":""unknown"",""Last_Source_Update"":""2025-04-09T01:26:09Z"",""Latitude"":9.311895,""Longitude"":123.3075487,""Match_Confidence"":"""",""Match_Reason"":"""",""Name"":""Hangout Cafe"",""Notes"":"""",""OSM_ID"":""11393158675"",""OSM_Type"":""node"",""Parent_Venue"":"""",""Restroom_Presence"":""Unknown"",""Restroom_Verification"":""candidate_unverified"",""Source"":""OSM"",""Source_ID"":""node/11393158675"",""Temporary_Record_ID"":""osm_node_11393158675"",""Venue_Category"":""food_drink""}"
buttler_loc_8e4f36bd1e9ce2f6d68e,node/11472014261,OSM,node/11472014261,restroom_acquisition,Why Not? Disco,9.307482,123.3096587,,unknown,unknown,Unknown,Unknown,candidate_unverified,"{""Access"":""unknown"",""Acquisition_Date"":""2026-09-01"",""Address"":"""",""Bidet_Presence"":""Unknown"",""Candidate_Priority"":""Medium"",""Candidate_Reason"":""Smaller entertainment venue (amenity=nightclub)"",""Fee"":""unknown"",""Last_Source_Update"":""2023-12-31T05:43:12Z"",""Latitude"":9.307482,""Longitude"":123.3096587,""Match_Confidence"":"""",""Match_Reason"":"""",""Name"":""Why Not? Disco"",""Notes"":"""",""OSM_ID"":""11472014261"",""OSM_Type"":""node"",""Parent_Venue"":"""",""Restroom_Presence"":""Unknown"",""Restroom_Verification"":""candidate_unverified"",""Source"":""OSM"",""Source_ID"":""node/11472014261"",""Temporary_Record_ID"":""osm_node_11472014261"",""Venue_Category"":""entertainment_small""}"
buttler_loc_8aae77b583dd9235221d,node/11472014263,OSM,node/11472014263,restroom_acquisition,Why Not? Dumaguete,9.3075588,123.3097137,Rizal Boulevard,unknown,unknown,Unknown,Unknown,candidate_unverified,"{""Access"":""unknown"",""Acquisition_Date"":""2026-09-01"",""Address"":""Rizal Boulevard"",""Bidet_Presence"":""Unknown"",""Candidate_Priority"":""Medium"",""Candidate_Reason"":""Food/drink venue; restroom uncertain (amenity=pub)"",""Fee"":""unknown"",""Last_Source_Update"":""2025-02-19T04:44:33Z"",""Latitude"":9.3075588,""Longitude"":123.3097137,""Match_Confidence"":"""",""Match_Reason"":"""",""Name"":""Why Not? Dumaguete"",""Notes"":"""",""OSM_ID"":""11472014263"",""OSM_Type"":""node"",""Parent_Venue"":""Why Not?"",""Restroom_Presence"":""Unknown"",""Restroom_Verification"":""candidate_unverified"",""Source"":""OSM"",""Source_ID"":""node/11472014263"",""Temporary_Record_ID"":""osm_node_11472014263"",""Venue_Category"":""food_drink""}"
buttler_loc_5ec2964839d105f6c148,node/11572204769,OSM,node/11572204769,restroom_acquisition,Hai Inn,9.3129372,123.2781879,Metro Dumaguete Diversion Road,unknown,unknown,Unknown,Unknown,candidate_unverified,"{""Access"":""unknown"",""Acquisition_Date"":""2026-09-01"",""Address"":""Metro Dumaguete Diversion Road"",""Bidet_Presence"":""Unknown"",""Candidate_Priority"":""High"",""Candidate_Reason"":""Substantial accommodation (tourism=hotel)"",""Fee"":""unknown"",""Last_Source_Update"":""2024-01-31T08:22:40Z"",""Latitude"":9.3129372,""Longitude"":123.2781879,""Match_Confidence"":"""",""Match_Reason"":"""",""Name"":""Hai Inn"",""Notes"":"""",""OSM_ID"":""11572204769"",""OSM_Type"":""node"",""Parent_Venue"":"""",""Restroom_Presence"":""Unknown"",""Restroom_Verification"":""candidate_unverified"",""Source"":""OSM"",""Source_ID"":""node/11572204769"",""Temporary_Record_ID"":""osm_node_11572204769"",""Venue_Category"":""accommodation""}"
buttler_loc_8759aa1e15398f0eb88d,node/11612210813,OSM,node/11612210813,restroom_acquisition,Binary R Fitness Center,9.313681,123.3036417,,unknown,unknown,Unknown,Unknown,candidate_unverified,"{""Access"":""unknown"",""Acquisition_Date"":""2026-09-01"",""Address"":"""",""Bidet_Presence"":""Unknown"",""Candidate_Priority"":""Medium"",""Candidate_Reason"":""Fitness venue (leisure=fitness_centre)"",""Fee"":""unknown"",""Last_Source_Update"":""2024-02-12T00:24:14Z"",""Latitude"":9.313681,""Longitude"":123.3036417,""Match_Confidence"":"""",""Match_Reason"":"""",""Name"":""Binary R Fitness Center"",""Notes"":"""",""OSM_ID"":""11612210813"",""OSM_Type"":""node"",""Parent_Venue"":"""",""Restroom_Presence"":""Unknown"",""Restroom_Verification"":""candidate_unverified"",""Source"":""OSM"",""Source_ID"":""node/11612210813"",""Temporary_Record_ID"":""osm_node_11612210813"",""Venue_Category"":""fitness""}"
buttler_loc_b7cd2afef95390b0dfdb,node/11808950287,OSM,node/11808950287,restroom_acquisition,Charos Dormitel,9.3195037,123.2910928,,unknown,unknown,Unknown,Unknown,candidate_unverified,"{""Access"":""unknown"",""Acquisition_Date"":""2026-09-01"",""Address"":"""",""Bidet_Presence"":""Unknown"",""Candidate_Priority"":""High"",""Candidate_Reason"":""Substantial accommodation (tourism=hotel)"",""Fee"":""unknown"",""Last_Source_Update"":""2025-02-26T06:12:38Z"",""Latitude"":9.3195037,""Longitude"":123.2910928,""Match_Confidence"":"""",""Match_Reason"":"""",""Name"":""Charos Dormitel"",""Notes"":"""",""OSM_ID"":""11808950287"",""OSM_Type"":""node"",""Parent_Venue"":"""",""Restroom_Presence"":""Unknown"",""Restroom_Verification"":""candidate_unverified"",""Source"":""OSM"",""Source_ID"":""node/11808950287"",""Temporary_Record_ID"":""osm_node_11808950287"",""Venue_Category"":""accommodation""}"
buttler_loc_c4c5e59f24eeafb47eed,node/11837187213,OSM,node/11837187213,restroom_acquisition,Gerry's Restaurant,9.3059002,123.3102224,,unknown,unknown,Unknown,Unknown,candidate_unverified,"{""Access"":""unknown"",""Acquisition_Date"":""2026-09-01"",""Address"":"""",""Bidet_Presence"":""Unknown"",""Candidate_Priority"":""High"",""Candidate_Reason"":""Restaurant or fast-food venue (amenity=restaurant)"",""Fee"":""unknown"",""Last_Source_Update"":""2024-04-22T11:11:41Z"",""Latitude"":9.3059002,""Longitude"":123.3102224,""Match_Confidence"":"""",""Match_Reason"":"""",""Name"":""Gerry's Restaurant"",""Notes"":"""",""OSM_ID"":""11837187213"",""OSM_Type"":""node"",""Parent_Venue"":"""",""Restroom_Presence"":""Unknown"",""Restroom_Verification"":""candidate_unverified"",""Source"":""OSM"",""Source_ID"":""node/11837187213"",""Temporary_Record_ID"":""osm_node_11837187213"",""Venue_Category"":""food_major""}"
buttler_loc_888e2ab2d90c608ee61d,node/11880885287,OSM,node/11880885287,restroom_acquisition,BOTEJYU,9.2987671,123.3031116,Robinsons Place Dumaguete,unknown,unknown,Unknown,Unknown,candidate_unverified,"{""Access"":""unknown"",""Acquisition_Date"":""2026-09-01"",""Address"":""Robinsons Place Dumaguete"",""Bidet_Presence"":""Unknown"",""Candidate_Priority"":""High"",""Candidate_Reason"":""Restaurant or fast-food venue (amenity=restaurant)"",""Fee"":""unknown"",""Last_Source_Update"":""2025-03-09T12:20:55Z"",""Latitude"":9.2987671,""Longitude"":123.3031116,""Match_Confidence"":"""",""Match_Reason"":"""",""Name"":""BOTEJYU"",""Notes"":"""",""OSM_ID"":""11880885287"",""OSM_Type"":""node"",""Parent_Venue"":""Robinson's Place Dumaguete"",""Restroom_Presence"":""Unknown"",""Restroom_Verification"":""candidate_unverified"",""Source"":""OSM"",""Source_ID"":""node/11880885287"",""Temporary_Record_ID"":""osm_node_11880885287"",""Venue_Category"":""food_major""}"
buttler_loc_c4ac6d50dc094be6c0be,node/11896433090,OSM,node/11896433090,restroom_acquisition,Breadworth,9.3076404,123.3094966,"Rizal Boulevard, Poblacion 4, Dumaguete City",unknown,unknown,Unknown,Unknown,candidate_unverified,"{""Access"":""unknown"",""Acquisition_Date"":""2026-09-01"",""Address"":""Rizal Boulevard, Poblacion 4, Dumaguete City"",""Bidet_Presence"":""Unknown"",""Candidate_Priority"":""Medium"",""Candidate_Reason"":""Food/drink venue; restroom uncertain (amenity=cafe)"",""Fee"":""unknown"",""Last_Source_Update"":""2025-11-03T10:28:22Z"",""Latitude"":9.3076404,""Longitude"":123.3094966,""Match_Confidence"":"""",""Match_Reason"":"""",""Name"":""Breadworth"",""Notes"":"""",""OSM_ID"":""11896433090"",""OSM_Type"":""node"",""Parent_Venue"":""Paseo Perdices"",""Restroom_Presence"":""Unknown"",""Restroom_Verification"":""candidate_unverified"",""Source"":""OSM"",""Source_ID"":""node/11896433090"",""Temporary_Record_ID"":""osm_node_11896433090"",""Venue_Category"":""food_drink""}"
buttler_loc_92eba5b66997b6b96c95,node/12125788243,OSM,node/12125788243,restroom_acquisition,Biryani Point,9.3192482,123.2905126,"E. J. Blanco Extension, Daro, Dumaguete",unknown,unknown,Unknown,Unknown,candidate_unverified,"{""Access"":""unknown"",""Acquisition_Date"":""2026-09-01"",""Address"":""E. J. Blanco Extension, Daro, Dumaguete"",""Bidet_Presence"":""Unknown"",""Candidate_Priority"":""High"",""Candidate_Reason"":""Restaurant or fast-food venue (amenity=restaurant)"",""Fee"":""unknown"",""Last_Source_Update"":""2025-02-26T06:14:56Z"",""Latitude"":9.3192482,""Longitude"":123.2905126,""Match_Confidence"":"""",""Match_Reason"":"""",""Name"":""Biryani Point"",""Notes"":"""",""OSM_ID"":""12125788243"",""OSM_Type"":""node"",""Parent_Venue"":"""",""Restroom_Presence"":""Unknown"",""Restroom_Verification"":""candidate_unverified"",""Source"":""OSM"",""Source_ID"":""node/12125788243"",""Temporary_Record_ID"":""osm_node_12125788243"",""Venue_Category"":""food_major""}"
buttler_loc_1a2d1996008053d532b4,node/12125901401,OSM,node/12125901401,restroom_acquisition,Tiffles,9.3262572,123.2978526,,unknown,unknown,Unknown,Unknown,candidate_unverified,"{""Access"":""unknown"",""Acquisition_Date"":""2026-09-01"",""Address"":"""",""Bidet_Presence"":""Unknown"",""Candidate_Priority"":""Medium"",""Candidate_Reason"":""Food/drink venue; restroom uncertain (amenity=cafe)"",""Fee"":""unknown"",""Last_Source_Update"":""2025-02-15T08:42:15Z"",""Latitude"":9.3262572,""Longitude"":123.2978526,""Match_Confidence"":"""",""Match_Reason"":"""",""Name"":""Tiffles"",""Notes"":"""",""OSM_ID"":""12125901401"",""OSM_Type"":""node"",""Parent_Venue"":"""",""Restroom_Presence"":""Unknown"",""Restroom_Verification"":""candidate_unverified"",""Source"":""OSM"",""Source_ID"":""node/12125901401"",""Temporary_Record_ID"":""osm_node_12125901401"",""Venue_Category"":""food_drink""}"
buttler_loc_a9f4e083704891b5a124,node/12163413842,OSM,node/12163413842,restroom_acquisition,Firehouse Restaurant,9.3253584,123.2936629,"L. Rovira West Road, Dumaguete",unknown,unknown,Unknown,Unknown,candidate_unverified,"{""Access"":""unknown"",""Acquisition_Date"":""2026-09-01"",""Address"":""L. Rovira West Road, Dumaguete"",""Bidet_Presence"":""Unknown"",""Candidate_Priority"":""High"",""Candidate_Reason"":""Restaurant or fast-food venue (amenity=restaurant)"",""Fee"":""unknown"",""Last_Source_Update"":""2025-02-14T04:10:03Z"",""Latitude"":9.3253584,""Longitude"":123.2936629,""Match_Confidence"":"""",""Match_Reason"":"""",""Name"":""Firehouse Restaurant"",""Notes"":"""",""OSM_ID"":""12163413842"",""OSM_Type"":""node"",""Parent_Venue"":"""",""Restroom_Presence"":""Unknown"",""Restroom_Verification"":""candidate_unverified"",""Source"":""OSM"",""Source_ID"":""node/12163413842"",""Temporary_Record_ID"":""osm_node_12163413842"",""Venue_Category"":""food_major""}"
buttler_loc_2045f491cb93bf310dd5,node/12272201988,OSM,node/12272201988,restroom_acquisition,Starbucks,9.3221969,123.299286,,unknown,unknown,Unknown,Unknown,candidate_unverified,"{""Access"":""unknown"",""Acquisition_Date"":""2026-09-01"",""Address"":"""",""Bidet_Presence"":""Unknown"",""Candidate_Priority"":""Medium"",""Candidate_Reason"":""Food/drink venue; restroom uncertain (amenity=cafe)"",""Fee"":""unknown"",""Last_Source_Update"":""2025-12-31T04:01:22Z"",""Latitude"":9.3221969,""Longitude"":123.299286,""Match_Confidence"":"""",""Match_Reason"":"""",""Name"":""Starbucks"",""Notes"":"""",""OSM_ID"":""12272201988"",""OSM_Type"":""node"",""Parent_Venue"":"""",""Restroom_Presence"":""Unknown"",""Restroom_Verification"":""candidate_unverified"",""Source"":""OSM"",""Source_ID"":""node/12272201988"",""Temporary_Record_ID"":""osm_node_12272201988"",""Venue_Category"":""food_drink""}"
buttler_loc_d7dd2d79f2ca8521a243,node/12347390901,OSM,node/12347390901,restroom_acquisition,Esther Eatery,9.3048831,123.306714,,unknown,unknown,Unknown,Unknown,candidate_unverified,"{""Access"":""unknown"",""Acquisition_Date"":""2026-09-01"",""Address"":"""",""Bidet_Presence"":""Unknown"",""Candidate_Priority"":""High"",""Candidate_Reason"":""Restaurant or fast-food venue (amenity=fast_food)"",""Fee"":""unknown"",""Last_Source_Update"":""2024-11-17T05:24:34Z"",""Latitude"":9.3048831,""Longitude"":123.306714,""Match_Confidence"":"""",""Match_Reason"":"""",""Name"":""Esther Eatery"",""Notes"":"""",""OSM_ID"":""12347390901"",""OSM_Type"":""node"",""Parent_Venue"":"""",""Restroom_Presence"":""Unknown"",""Restroom_Verification"":""candidate_unverified"",""Source"":""OSM"",""Source_ID"":""node/12347390901"",""Temporary_Record_ID"":""osm_node_12347390901"",""Venue_Category"":""food_major""}"
buttler_loc_df9dfb1dec344f7aad4d,node/12361321401,OSM,node/12361321401,restroom_acquisition,Lamias Tapokkan,9.3096546,123.3081943,San Juan Street,unknown,unknown,Unknown,Unknown,candidate_unverified,"{""Access"":""unknown"",""Acquisition_Date"":""2026-09-01"",""Address"":""San Juan Street"",""Bidet_Presence"":""Unknown"",""Candidate_Priority"":""High"",""Candidate_Reason"":""Restaurant or fast-food venue (amenity=restaurant)"",""Fee"":""unknown"",""Last_Source_Update"":""2026-08-14T10:22:19Z"",""Latitude"":9.3096546,""Longitude"":123.3081943,""Match_Confidence"":"""",""Match_Reason"":"""",""Name"":""Lamias Tapokkan"",""Notes"":"""",""OSM_ID"":""12361321401"",""OSM_Type"":""node"",""Parent_Venue"":"""",""Restroom_Presence"":""Unknown"",""Restroom_Verification"":""candidate_unverified"",""Source"":""OSM"",""Source_ID"":""node/12361321401"",""Temporary_Record_ID"":""osm_node_12361321401"",""Venue_Category"":""food_major""}"
buttler_loc_6ad234033031d2d0973e,node/12361439701,OSM,node/12361439701,restroom_acquisition,Señor Juan,9.3269105,123.3026933,"L. Rovira East Road, Dumaguete City",unknown,unknown,Unknown,Unknown,candidate_unverified,"{""Access"":""unknown"",""Acquisition_Date"":""2026-09-01"",""Address"":""L. Rovira East Road, Dumaguete City"",""Bidet_Presence"":""Unknown"",""Candidate_Priority"":""High"",""Candidate_Reason"":""Restaurant or fast-food venue (amenity=restaurant)"",""Fee"":""unknown"",""Last_Source_Update"":""2025-04-09T04:02:42Z"",""Latitude"":9.3269105,""Longitude"":123.3026933,""Match_Confidence"":"""",""Match_Reason"":"""",""Name"":""Señor Juan"",""Notes"":"""",""OSM_ID"":""12361439701"",""OSM_Type"":""node"",""Parent_Venue"":"""",""Restroom_Presence"":""Unknown"",""Restroom_Verification"":""candidate_unverified"",""Source"":""OSM"",""Source_ID"":""node/12361439701"",""Temporary_Record_ID"":""osm_node_12361439701"",""Venue_Category"":""food_major""}"
buttler_loc_e5659b2c517af0d8d6fc,node/12385614538,OSM,node/12385614538,restroom_acquisition,Bai Cafe Coffee & Resto,9.3180574,123.2971345,,unknown,unknown,Unknown,Unknown,candidate_unverified,"{""Access"":""unknown"",""Acquisition_Date"":""2026-09-01"",""Address"":"""",""Bidet_Presence"":""Unknown"",""Candidate_Priority"":""Medium"",""Candidate_Reason"":""Food/drink venue; restroom uncertain (amenity=cafe)"",""Fee"":""unknown"",""Last_Source_Update"":""2025-02-19T01:33:52Z"",""Latitude"":9.3180574,""Longitude"":123.2971345,""Match_Confidence"":"""",""Match_Reason"":"""",""Name"":""Bai Cafe Coffee & Resto"",""Notes"":"""",""OSM_ID"":""12385614538"",""OSM_Type"":""node"",""Parent_Venue"":"""",""Restroom_Presence"":""Unknown"",""Restroom_Verification"":""candidate_unverified"",""Source"":""OSM"",""Source_ID"":""node/12385614538"",""Temporary_Record_ID"":""osm_node_12385614538"",""Venue_Category"":""food_drink""}"
buttler_loc_2d39e53c50bc01c7339a,node/12389299379,OSM,node/12389299379,restroom_acquisition,Unnamed public toilet,9.3126094,123.3106204,,unknown,no,Yes,Unknown,osm_explicit,"{""Access"":""unknown"",""Acquisition_Date"":""2026-09-01"",""Address"":"""",""Bidet_Presence"":""Unknown"",""Candidate_Priority"":"""",""Candidate_Reason"":""amenity=toilets"",""Fee"":""no"",""Last_Source_Update"":""2025-04-30T12:34:35Z"",""Latitude"":9.3126094,""Longitude"":123.3106204,""Match_Confidence"":"""",""Match_Reason"":"""",""Name"":""Unnamed public toilet"",""Notes"":"""",""OSM_ID"":""12389299379"",""OSM_Type"":""node"",""Parent_Venue"":"""",""Restroom_Presence"":""Yes"",""Restroom_Verification"":""osm_explicit"",""Source"":""OSM"",""Source_ID"":""node/12389299379"",""Temporary_Record_ID"":""osm_node_12389299379"",""Venue_Category"":""standalone_toilet""}"
buttler_loc_0ca936da9b33833b5f56,node/12395019026,OSM,node/12395019026,restroom_acquisition,Green Cauldron,9.2787951,123.2758051,Dumaguete,unknown,unknown,Unknown,Unknown,candidate_unverified,"{""Access"":""unknown"",""Acquisition_Date"":""2026-09-01"",""Address"":""Dumaguete"",""Bidet_Presence"":""Unknown"",""Candidate_Priority"":""High"",""Candidate_Reason"":""Restaurant or fast-food venue (amenity=restaurant)"",""Fee"":""unknown"",""Last_Source_Update"":""2024-12-04T03:40:55Z"",""Latitude"":9.2787951,""Longitude"":123.2758051,""Match_Confidence"":"""",""Match_Reason"":"""",""Name"":""Green Cauldron"",""Notes"":"""",""OSM_ID"":""12395019026"",""OSM_Type"":""node"",""Parent_Venue"":"""",""Restroom_Presence"":""Unknown"",""Restroom_Verification"":""candidate_unverified"",""Source"":""OSM"",""Source_ID"":""node/12395019026"",""Temporary_Record_ID"":""osm_node_12395019026"",""Venue_Category"":""food_major""}"
buttler_loc_530719a95e1ff4d4ed54,node/12437947301,OSM,node/12437947301,restroom_acquisition,Buglas Isla Cafe,9.3203595,123.3106785,,unknown,unknown,Unknown,Unknown,candidate_unverified,"{""Access"":""unknown"",""Acquisition_Date"":""2026-09-01"",""Address"":"""",""Bidet_Presence"":""Unknown"",""Candidate_Priority"":""Medium"",""Candidate_Reason"":""Food/drink venue; restroom uncertain (amenity=cafe)"",""Fee"":""unknown"",""Last_Source_Update"":""2024-12-21T00:22:18Z"",""Latitude"":9.3203595,""Longitude"":123.3106785,""Match_Confidence"":"""",""Match_Reason"":"""",""Name"":""Buglas Isla Cafe"",""Notes"":"""",""OSM_ID"":""12437947301"",""OSM_Type"":""node"",""Parent_Venue"":"""",""Restroom_Presence"":""Unknown"",""Restroom_Verification"":""candidate_unverified"",""Source"":""OSM"",""Source_ID"":""node/12437947301"",""Temporary_Record_ID"":""osm_node_12437947301"",""Venue_Category"":""food_drink""}"
buttler_loc_a8f6a7ee7bebe0fa186b,node/12437947302,OSM,node/12437947302,restroom_acquisition,La Mensa Italian Chophouse,9.3202942,123.3106837,,unknown,unknown,Unknown,Unknown,candidate_unverified,"{""Access"":""unknown"",""Acquisition_Date"":""2026-09-01"",""Address"":"""",""Bidet_Presence"":""Unknown"",""Candidate_Priority"":""High"",""Candidate_Reason"":""Restaurant or fast-food venue (amenity=restaurant)"",""Fee"":""unknown"",""Last_Source_Update"":""2026-03-19T04:28:27Z"",""Latitude"":9.3202942,""Longitude"":123.3106837,""Match_Confidence"":"""",""Match_Reason"":"""",""Name"":""La Mensa Italian Chophouse"",""Notes"":"""",""OSM_ID"":""12437947302"",""OSM_Type"":""node"",""Parent_Venue"":"""",""Restroom_Presence"":""Unknown"",""Restroom_Verification"":""candidate_unverified"",""Source"":""OSM"",""Source_ID"":""node/12437947302"",""Temporary_Record_ID"":""osm_node_12437947302"",""Venue_Category"":""food_major""}"
buttler_loc_b82578c9e6d8705fbe01,node/12438420901,OSM,node/12438420901,restroom_acquisition,Unwnd Boutique Hotel,9.3291539,123.2906945,"Capitan De Leon Drive, Dumaguete",unknown,unknown,Unknown,Unknown,candidate_unverified,"{""Access"":""unknown"",""Acquisition_Date"":""2026-09-01"",""Address"":""Capitan De Leon Drive, Dumaguete"",""Bidet_Presence"":""Unknown"",""Candidate_Priority"":""High"",""Candidate_Reason"":""Substantial accommodation (tourism=hotel)"",""Fee"":""unknown"",""Last_Source_Update"":""2025-04-09T04:25:06Z"",""Latitude"":9.3291539,""Longitude"":123.2906945,""Match_Confidence"":"""",""Match_Reason"":"""",""Name"":""Unwnd Boutique Hotel"",""Notes"":"""",""OSM_ID"":""12438420901"",""OSM_Type"":""node"",""Parent_Venue"":"""",""Restroom_Presence"":""Unknown"",""Restroom_Verification"":""candidate_unverified"",""Source"":""OSM"",""Source_ID"":""node/12438420901"",""Temporary_Record_ID"":""osm_node_12438420901"",""Venue_Category"":""accommodation""}"
buttler_loc_5edd0a67083faa246576,node/12442689501,OSM,node/12442689501,restroom_acquisition,Bugtaw,9.3195445,123.3074993,,unknown,unknown,Unknown,Unknown,candidate_unverified,"{""Access"":""unknown"",""Acquisition_Date"":""2026-09-01"",""Address"":"""",""Bidet_Presence"":""Unknown"",""Candidate_Priority"":""High"",""Candidate_Reason"":""Restaurant or fast-food venue (amenity=restaurant)"",""Fee"":""unknown"",""Last_Source_Update"":""2024-12-23T01:44:58Z"",""Latitude"":9.3195445,""Longitude"":123.3074993,""Match_Confidence"":"""",""Match_Reason"":"""",""Name"":""Bugtaw"",""Notes"":"""",""OSM_ID"":""12442689501"",""OSM_Type"":""node"",""Parent_Venue"":"""",""Restroom_Presence"":""Unknown"",""Restroom_Verification"":""candidate_unverified"",""Source"":""OSM"",""Source_ID"":""node/12442689501"",""Temporary_Record_ID"":""osm_node_12442689501"",""Venue_Category"":""food_major""}"
buttler_loc_cb32e6351557e49c65d7,node/12442689502,OSM,node/12442689502,restroom_acquisition,Domus Resto,9.3195501,123.3075882,,unknown,unknown,Unknown,Unknown,candidate_unverified,"{""Access"":""unknown"",""Acquisition_Date"":""2026-09-01"",""Address"":"""",""Bidet_Presence"":""Unknown"",""Candidate_Priority"":""High"",""Candidate_Reason"":""Restaurant or fast-food venue (amenity=restaurant)"",""Fee"":""unknown"",""Last_Source_Update"":""2024-12-23T01:46:23Z"",""Latitude"":9.3195501,""Longitude"":123.3075882,""Match_Confidence"":"""",""Match_Reason"":"""",""Name"":""Domus Resto"",""Notes"":"""",""OSM_ID"":""12442689502"",""OSM_Type"":""node"",""Parent_Venue"":"""",""Restroom_Presence"":""Unknown"",""Restroom_Verification"":""candidate_unverified"",""Source"":""OSM"",""Source_ID"":""node/12442689502"",""Temporary_Record_ID"":""osm_node_12442689502"",""Venue_Category"":""food_major""}"
buttler_loc_b9725d9b32569dcc4eeb,node/12442691601,OSM,node/12442691601,restroom_acquisition,Esturya sa KRI Restaurant,9.3182919,123.3071713,,unknown,unknown,Unknown,Unknown,candidate_unverified,"{""Access"":""unknown"",""Acquisition_Date"":""2026-09-01"",""Address"":"""",""Bidet_Presence"":""Unknown"",""Candidate_Priority"":""High"",""Candidate_Reason"":""Restaurant or fast-food venue (amenity=restaurant)"",""Fee"":""unknown"",""Last_Source_Update"":""2024-12-23T01:48:03Z"",""Latitude"":9.3182919,""Longitude"":123.3071713,""Match_Confidence"":"""",""Match_Reason"":"""",""Name"":""Esturya sa KRI Restaurant"",""Notes"":"""",""OSM_ID"":""12442691601"",""OSM_Type"":""node"",""Parent_Venue"":"""",""Restroom_Presence"":""Unknown"",""Restroom_Verification"":""candidate_unverified"",""Source"":""OSM"",""Source_ID"":""node/12442691601"",""Temporary_Record_ID"":""osm_node_12442691601"",""Venue_Category"":""food_major""}"
buttler_loc_bfe9951680c39a3ee8a2,node/12442696301,OSM,node/12442696301,restroom_acquisition,Si Senor,9.3274627,123.3104614,North Boulevard,unknown,unknown,Unknown,Unknown,candidate_unverified,"{""Access"":""unknown"",""Acquisition_Date"":""2026-09-01"",""Address"":""North Boulevard"",""Bidet_Presence"":""Unknown"",""Candidate_Priority"":""High"",""Candidate_Reason"":""Restaurant or fast-food venue (amenity=restaurant)"",""Fee"":""unknown"",""Last_Source_Update"":""2025-04-09T03:59:52Z"",""Latitude"":9.3274627,""Longitude"":123.3104614,""Match_Confidence"":"""",""Match_Reason"":"""",""Name"":""Si Senor"",""Notes"":"""",""OSM_ID"":""12442696301"",""OSM_Type"":""node"",""Parent_Venue"":"""",""Restroom_Presence"":""Unknown"",""Restroom_Verification"":""candidate_unverified"",""Source"":""OSM"",""Source_ID"":""node/12442696301"",""Temporary_Record_ID"":""osm_node_12442696301"",""Venue_Category"":""food_major""}"
buttler_loc_f0bc49207a505b7f6c1d,node/12447102002,OSM,node/12447102002,restroom_acquisition,Kapeng Lokal,9.3284671,123.3098048,,unknown,unknown,Unknown,Unknown,candidate_unverified,"{""Access"":""unknown"",""Acquisition_Date"":""2026-09-01"",""Address"":"""",""Bidet_Presence"":""Unknown"",""Candidate_Priority"":""Medium"",""Candidate_Reason"":""Food/drink venue; restroom uncertain (amenity=cafe)"",""Fee"":""unknown"",""Last_Source_Update"":""2025-02-14T06:52:48Z"",""Latitude"":9.3284671,""Longitude"":123.3098048,""Match_Confidence"":"""",""Match_Reason"":"""",""Name"":""Kapeng Lokal"",""Notes"":"""",""OSM_ID"":""12447102002"",""OSM_Type"":""node"",""Parent_Venue"":"""",""Restroom_Presence"":""Unknown"",""Restroom_Verification"":""candidate_unverified"",""Source"":""OSM"",""Source_ID"":""node/12447102002"",""Temporary_Record_ID"":""osm_node_12447102002"",""Venue_Category"":""food_drink""}"
buttler_loc_f993cdc65935fe8eb76f,node/12447216401,OSM,node/12447216401,restroom_acquisition,Mang Kaloy,9.3242518,123.3117082,,unknown,unknown,Unknown,Unknown,candidate_unverified,"{""Access"":""unknown"",""Acquisition_Date"":""2026-09-01"",""Address"":"""",""Bidet_Presence"":""Unknown"",""Candidate_Priority"":""High"",""Candidate_Reason"":""Restaurant or fast-food venue (amenity=restaurant)"",""Fee"":""unknown"",""Last_Source_Update"":""2025-02-15T08:23:04Z"",""Latitude"":9.3242518,""Longitude"":123.3117082,""Match_Confidence"":"""",""Match_Reason"":"""",""Name"":""Mang Kaloy"",""Notes"":"""",""OSM_ID"":""12447216401"",""OSM_Type"":""node"",""Parent_Venue"":"""",""Restroom_Presence"":""Unknown"",""Restroom_Verification"":""candidate_unverified"",""Source"":""OSM"",""Source_ID"":""node/12447216401"",""Temporary_Record_ID"":""osm_node_12447216401"",""Venue_Category"":""food_major""}"
buttler_loc_071a873093ac5ab8f235,node/12447216901,OSM,node/12447216901,restroom_acquisition,Café Maria,9.3240076,123.309176,,unknown,unknown,Unknown,Unknown,candidate_unverified,"{""Access"":""unknown"",""Acquisition_Date"":""2026-09-01"",""Address"":"""",""Bidet_Presence"":""Unknown"",""Candidate_Priority"":""High"",""Candidate_Reason"":""Restaurant or fast-food venue (amenity=restaurant)"",""Fee"":""unknown"",""Last_Source_Update"":""2025-02-26T11:25:44Z"",""Latitude"":9.3240076,""Longitude"":123.309176,""Match_Confidence"":"""",""Match_Reason"":"""",""Name"":""Café Maria"",""Notes"":"""",""OSM_ID"":""12447216901"",""OSM_Type"":""node"",""Parent_Venue"":"""",""Restroom_Presence"":""Unknown"",""Restroom_Verification"":""candidate_unverified"",""Source"":""OSM"",""Source_ID"":""node/12447216901"",""Temporary_Record_ID"":""osm_node_12447216901"",""Venue_Category"":""food_major""}"
buttler_loc_2bd5ea01e7db8c3a00d2,node/12452350903,OSM,node/12452350903,restroom_acquisition,Popolo Pizzeria,9.3275723,123.3105624,North Boulevard,unknown,unknown,Unknown,Unknown,candidate_unverified,"{""Access"":""unknown"",""Acquisition_Date"":""2026-09-01"",""Address"":""North Boulevard"",""Bidet_Presence"":""Unknown"",""Candidate_Priority"":""High"",""Candidate_Reason"":""Restaurant or fast-food venue (amenity=restaurant)"",""Fee"":""unknown"",""Last_Source_Update"":""2025-04-09T03:59:52Z"",""Latitude"":9.3275723,""Longitude"":123.3105624,""Match_Confidence"":"""",""Match_Reason"":"""",""Name"":""Popolo Pizzeria"",""Notes"":"""",""OSM_ID"":""12452350903"",""OSM_Type"":""node"",""Parent_Venue"":"""",""Restroom_Presence"":""Unknown"",""Restroom_Verification"":""candidate_unverified"",""Source"":""OSM"",""Source_ID"":""node/12452350903"",""Temporary_Record_ID"":""osm_node_12452350903"",""Venue_Category"":""food_major""}"
buttler_loc_70a28be963301e222a7f,node/12458766504,OSM,node/12458766504,restroom_acquisition,Ichiraku,9.3171807,123.3025045,,unknown,unknown,Unknown,Unknown,candidate_unverified,"{""Access"":""unknown"",""Acquisition_Date"":""2026-09-01"",""Address"":"""",""Bidet_Presence"":""Unknown"",""Candidate_Priority"":""High"",""Candidate_Reason"":""Restaurant or fast-food venue (amenity=restaurant)"",""Fee"":""unknown"",""Last_Source_Update"":""2025-04-15T08:26:03Z"",""Latitude"":9.3171807,""Longitude"":123.3025045,""Match_Confidence"":"""",""Match_Reason"":"""",""Name"":""Ichiraku"",""Notes"":"""",""OSM_ID"":""12458766504"",""OSM_Type"":""node"",""Parent_Venue"":"""",""Restroom_Presence"":""Unknown"",""Restroom_Verification"":""candidate_unverified"",""Source"":""OSM"",""Source_ID"":""node/12458766504"",""Temporary_Record_ID"":""osm_node_12458766504"",""Venue_Category"":""food_major""}"
buttler_loc_fca48a4d41cf4044fa6b,node/12460417101,OSM,node/12460417101,restroom_acquisition,Sans Rival - Bistro-Bar-Restaurant,9.3226438,123.3120696,,unknown,unknown,Unknown,Unknown,candidate_unverified,"{""Access"":""unknown"",""Acquisition_Date"":""2026-09-01"",""Address"":"""",""Bidet_Presence"":""Unknown"",""Candidate_Priority"":""Medium"",""Candidate_Reason"":""Food/drink venue; restroom uncertain (amenity=cafe)"",""Fee"":""unknown"",""Last_Source_Update"":""2026-03-19T04:28:27Z"",""Latitude"":9.3226438,""Longitude"":123.3120696,""Match_Confidence"":"""",""Match_Reason"":"""",""Name"":""Sans Rival - Bistro-Bar-Restaurant"",""Notes"":"""",""OSM_ID"":""12460417101"",""OSM_Type"":""node"",""Parent_Venue"":"""",""Restroom_Presence"":""Unknown"",""Restroom_Verification"":""candidate_unverified"",""Source"":""OSM"",""Source_ID"":""node/12460417101"",""Temporary_Record_ID"":""osm_node_12460417101"",""Venue_Category"":""food_drink""}"
buttler_loc_11150d0d776dc7e0f148,node/12460417201,OSM,node/12460417201,restroom_acquisition,UCC Café Terrace,9.3222646,123.3121017,,unknown,unknown,Unknown,Unknown,candidate_unverified,"{""Access"":""unknown"",""Acquisition_Date"":""2026-09-01"",""Address"":"""",""Bidet_Presence"":""Unknown"",""Candidate_Priority"":""Medium"",""Candidate_Reason"":""Food/drink venue; restroom uncertain (amenity=cafe)"",""Fee"":""unknown"",""Last_Source_Update"":""2025-03-09T04:15:38Z"",""Latitude"":9.3222646,""Longitude"":123.3121017,""Match_Confidence"":"""",""Match_Reason"":"""",""Name"":""UCC Café Terrace"",""Notes"":"""",""OSM_ID"":""12460417201"",""OSM_Type"":""node"",""Parent_Venue"":"""",""Restroom_Presence"":""Unknown"",""Restroom_Verification"":""candidate_unverified"",""Source"":""OSM"",""Source_ID"":""node/12460417201"",""Temporary_Record_ID"":""osm_node_12460417201"",""Venue_Category"":""food_drink""}"
buttler_loc_fee4ea97c9972c4b9273,node/12460776901,OSM,node/12460776901,restroom_acquisition,Mang Kaloy,9.3221206,123.3069299,,unknown,unknown,Unknown,Unknown,candidate_unverified,"{""Access"":""unknown"",""Acquisition_Date"":""2026-09-01"",""Address"":"""",""Bidet_Presence"":""Unknown"",""Candidate_Priority"":""High"",""Candidate_Reason"":""Restaurant or fast-food venue (amenity=fast_food)"",""Fee"":""unknown"",""Last_Source_Update"":""2024-12-29T12:16:28Z"",""Latitude"":9.3221206,""Longitude"":123.3069299,""Match_Confidence"":"""",""Match_Reason"":"""",""Name"":""Mang Kaloy"",""Notes"":"""",""OSM_ID"":""12460776901"",""OSM_Type"":""node"",""Parent_Venue"":"""",""Restroom_Presence"":""Unknown"",""Restroom_Verification"":""candidate_unverified"",""Source"":""OSM"",""Source_ID"":""node/12460776901"",""Temporary_Record_ID"":""osm_node_12460776901"",""Venue_Category"":""food_major""}"
buttler_loc_8d764f56ae4c884bdfe3,node/12461984101,OSM,node/12461984101,restroom_acquisition,Arbour by Jan,9.3255451,123.3068699,,unknown,unknown,Unknown,Unknown,candidate_unverified,"{""Access"":""unknown"",""Acquisition_Date"":""2026-09-01"",""Address"":"""",""Bidet_Presence"":""Unknown"",""Candidate_Priority"":""High"",""Candidate_Reason"":""Restaurant or fast-food venue (amenity=restaurant)"",""Fee"":""unknown"",""Last_Source_Update"":""2024-12-30T01:17:16Z"",""Latitude"":9.3255451,""Longitude"":123.3068699,""Match_Confidence"":"""",""Match_Reason"":"""",""Name"":""Arbour by Jan"",""Notes"":"""",""OSM_ID"":""12461984101"",""OSM_Type"":""node"",""Parent_Venue"":"""",""Restroom_Presence"":""Unknown"",""Restroom_Verification"":""candidate_unverified"",""Source"":""OSM"",""Source_ID"":""node/12461984101"",""Temporary_Record_ID"":""osm_node_12461984101"",""Venue_Category"":""food_major""}"
buttler_loc_06e3639383272e4e3980,node/12461984201,OSM,node/12461984201,restroom_acquisition,Kava,9.3254843,123.3068623,,unknown,unknown,Unknown,Unknown,candidate_unverified,"{""Access"":""unknown"",""Acquisition_Date"":""2026-09-01"",""Address"":"""",""Bidet_Presence"":""Unknown"",""Candidate_Priority"":""Medium"",""Candidate_Reason"":""Food/drink venue; restroom uncertain (amenity=cafe)"",""Fee"":""unknown"",""Last_Source_Update"":""2025-03-07T08:08:09Z"",""Latitude"":9.3254843,""Longitude"":123.3068623,""Match_Confidence"":"""",""Match_Reason"":"""",""Name"":""Kava"",""Notes"":"""",""OSM_ID"":""12461984201"",""OSM_Type"":""node"",""Parent_Venue"":"""",""Restroom_Presence"":""Unknown"",""Restroom_Verification"":""candidate_unverified"",""Source"":""OSM"",""Source_ID"":""node/12461984201"",""Temporary_Record_ID"":""osm_node_12461984201"",""Venue_Category"":""food_drink""}"
buttler_loc_f2dd13f72d0c1ba3991d,node/12475515301,OSM,node/12475515301,restroom_acquisition,Diga Medical Clinic,9.311046,123.3014913,Cruztelco Road,unknown,unknown,Unknown,Unknown,candidate_unverified,"{""Access"":""unknown"",""Acquisition_Date"":""2026-09-01"",""Address"":""Cruztelco Road"",""Bidet_Presence"":""Unknown"",""Candidate_Priority"":""Medium"",""Candidate_Reason"":""Clinic; customer restroom plausible (amenity=doctors)"",""Fee"":""unknown"",""Last_Source_Update"":""2025-02-18T23:52:26Z"",""Latitude"":9.311046,""Longitude"":123.3014913,""Match_Confidence"":"""",""Match_Reason"":"""",""Name"":""Diga Medical Clinic"",""Notes"":"""",""OSM_ID"":""12475515301"",""OSM_Type"":""node"",""Parent_Venue"":"""",""Restroom_Presence"":""Unknown"",""Restroom_Verification"":""candidate_unverified"",""Source"":""OSM"",""Source_ID"":""node/12475515301"",""Temporary_Record_ID"":""osm_node_12475515301"",""Venue_Category"":""clinic""}"
buttler_loc_4d88e7ecfa5e74074098,node/12492289443,OSM,node/12492289443,restroom_acquisition,Multi-fit Gym,9.3196818,123.3002353,213 Veterans Avenue,unknown,unknown,Unknown,Unknown,candidate_unverified,"{""Access"":""unknown"",""Acquisition_Date"":""2026-09-01"",""Address"":""213 Veterans Avenue"",""Bidet_Presence"":""Unknown"",""Candidate_Priority"":""Medium"",""Candidate_Reason"":""Fitness venue (leisure=fitness_centre)"",""Fee"":""unknown"",""Last_Source_Update"":""2025-02-27T01:09:23Z"",""Latitude"":9.3196818,""Longitude"":123.3002353,""Match_Confidence"":"""",""Match_Reason"":"""",""Name"":""Multi-fit Gym"",""Notes"":"""",""OSM_ID"":""12492289443"",""OSM_Type"":""node"",""Parent_Venue"":"""",""Restroom_Presence"":""Unknown"",""Restroom_Verification"":""candidate_unverified"",""Source"":""OSM"",""Source_ID"":""node/12492289443"",""Temporary_Record_ID"":""osm_node_12492289443"",""Venue_Category"":""fitness""}"
buttler_loc_9d279b527588aef9807b,node/12492289801,OSM,node/12492289801,restroom_acquisition,Yoga Dumaguete,9.3197024,123.2999461,213 Veterans Avenue,unknown,yes,Unknown,Unknown,candidate_unverified,"{""Access"":""unknown"",""Acquisition_Date"":""2026-09-01"",""Address"":""213 Veterans Avenue"",""Bidet_Presence"":""Unknown"",""Candidate_Priority"":""Medium"",""Candidate_Reason"":""Fitness venue (leisure=fitness_centre)"",""Fee"":""yes"",""Last_Source_Update"":""2025-02-03T15:31:59Z"",""Latitude"":9.3197024,""Longitude"":123.2999461,""Match_Confidence"":"""",""Match_Reason"":"""",""Name"":""Yoga Dumaguete"",""Notes"":"""",""OSM_ID"":""12492289801"",""OSM_Type"":""node"",""Parent_Venue"":"""",""Restroom_Presence"":""Unknown"",""Restroom_Verification"":""candidate_unverified"",""Source"":""OSM"",""Source_ID"":""node/12492289801"",""Temporary_Record_ID"":""osm_node_12492289801"",""Venue_Category"":""fitness""}"
buttler_loc_cebe006eaca2cbe0a027,node/12495949850,OSM,node/12495949850,restroom_acquisition,Unnamed venue,9.2718219,123.2749314,,unknown,unknown,Unknown,Unknown,candidate_unverified,"{""Access"":""unknown"",""Acquisition_Date"":""2026-09-01"",""Address"":"""",""Bidet_Presence"":""Unknown"",""Candidate_Priority"":""High"",""Candidate_Reason"":""Fuel station (amenity=fuel)"",""Fee"":""unknown"",""Last_Source_Update"":""2025-01-12T14:29:49Z"",""Latitude"":9.2718219,""Longitude"":123.2749314,""Match_Confidence"":"""",""Match_Reason"":"""",""Name"":""Unnamed venue"",""Notes"":"""",""OSM_ID"":""12495949850"",""OSM_Type"":""node"",""Parent_Venue"":"""",""Restroom_Presence"":""Unknown"",""Restroom_Verification"":""candidate_unverified"",""Source"":""OSM"",""Source_ID"":""node/12495949850"",""Temporary_Record_ID"":""osm_node_12495949850"",""Venue_Category"":""fuel_station""}"
buttler_loc_aba2b818d845c7c1b1fd,node/12496176969,OSM,node/12496176969,restroom_acquisition,Jo's Chicken Inato,9.3255627,123.3110057,,unknown,unknown,Unknown,Unknown,candidate_unverified,"{""Access"":""unknown"",""Acquisition_Date"":""2026-09-01"",""Address"":"""",""Bidet_Presence"":""Unknown"",""Candidate_Priority"":""High"",""Candidate_Reason"":""Restaurant or fast-food venue (amenity=restaurant)"",""Fee"":""unknown"",""Last_Source_Update"":""2025-02-15T08:21:15Z"",""Latitude"":9.3255627,""Longitude"":123.3110057,""Match_Confidence"":"""",""Match_Reason"":"""",""Name"":""Jo's Chicken Inato"",""Notes"":"""",""OSM_ID"":""12496176969"",""OSM_Type"":""node"",""Parent_Venue"":"""",""Restroom_Presence"":""Unknown"",""Restroom_Verification"":""candidate_unverified"",""Source"":""OSM"",""Source_ID"":""node/12496176969"",""Temporary_Record_ID"":""osm_node_12496176969"",""Venue_Category"":""food_major""}"
buttler_loc_2154c41922b8f75d871c,node/12496221467,OSM,node/12496221467,restroom_acquisition,Kape Negrense Brew,9.3255828,123.3110696,,unknown,unknown,Unknown,Unknown,candidate_unverified,"{""Access"":""unknown"",""Acquisition_Date"":""2026-09-01"",""Address"":"""",""Bidet_Presence"":""Unknown"",""Candidate_Priority"":""Medium"",""Candidate_Reason"":""Food/drink venue; restroom uncertain (amenity=cafe)"",""Fee"":""unknown"",""Last_Source_Update"":""2025-04-09T03:29:35Z"",""Latitude"":9.3255828,""Longitude"":123.3110696,""Match_Confidence"":"""",""Match_Reason"":"""",""Name"":""Kape Negrense Brew"",""Notes"":"""",""OSM_ID"":""12496221467"",""OSM_Type"":""node"",""Parent_Venue"":"""",""Restroom_Presence"":""Unknown"",""Restroom_Verification"":""candidate_unverified"",""Source"":""OSM"",""Source_ID"":""node/12496221467"",""Temporary_Record_ID"":""osm_node_12496221467"",""Venue_Category"":""food_drink""}"
buttler_loc_dcd255bb14520e795234,node/12496944396,OSM,node/12496944396,restroom_acquisition,Bahia Restaurant and Lounge Bar,9.3264063,123.3111175,,unknown,unknown,Unknown,Unknown,candidate_unverified,"{""Access"":""unknown"",""Acquisition_Date"":""2026-09-01"",""Address"":"""",""Bidet_Presence"":""Unknown"",""Candidate_Priority"":""High"",""Candidate_Reason"":""Restaurant or fast-food venue (amenity=restaurant)"",""Fee"":""unknown"",""Last_Source_Update"":""2025-04-06T15:59:47Z"",""Latitude"":9.3264063,""Longitude"":123.3111175,""Match_Confidence"":"""",""Match_Reason"":"""",""Name"":""Bahia Restaurant and Lounge Bar"",""Notes"":"""",""OSM_ID"":""12496944396"",""OSM_Type"":""node"",""Parent_Venue"":"""",""Restroom_Presence"":""Unknown"",""Restroom_Verification"":""candidate_unverified"",""Source"":""OSM"",""Source_ID"":""node/12496944396"",""Temporary_Record_ID"":""osm_node_12496944396"",""Venue_Category"":""food_major""}"
buttler_loc_3358f130f4eabfad41f3,node/12497679888,OSM,node/12497679888,restroom_acquisition,La Essencia Cafe,9.3089384,123.3059388,,unknown,unknown,Unknown,Unknown,candidate_unverified,"{""Access"":""unknown"",""Acquisition_Date"":""2026-09-01"",""Address"":"""",""Bidet_Presence"":""Unknown"",""Candidate_Priority"":""Medium"",""Candidate_Reason"":""Food/drink venue; restroom uncertain (amenity=cafe)"",""Fee"":""unknown"",""Last_Source_Update"":""2026-03-19T04:28:27Z"",""Latitude"":9.3089384,""Longitude"":123.3059388,""Match_Confidence"":"""",""Match_Reason"":"""",""Name"":""La Essencia Cafe"",""Notes"":"""",""OSM_ID"":""12497679888"",""OSM_Type"":""node"",""Parent_Venue"":"""",""Restroom_Presence"":""Unknown"",""Restroom_Verification"":""candidate_unverified"",""Source"":""OSM"",""Source_ID"":""node/12497679888"",""Temporary_Record_ID"":""osm_node_12497679888"",""Venue_Category"":""food_drink""}"
buttler_loc_fbdd94b10829b5e658f8,node/12517271410,OSM,node/12517271410,restroom_acquisition,Curbada Convenience Store,9.2721793,123.2751486,,unknown,unknown,Unknown,Unknown,candidate_unverified,"{""Access"":""unknown"",""Acquisition_Date"":""2026-09-01"",""Address"":"""",""Bidet_Presence"":""Unknown"",""Candidate_Priority"":""Medium"",""Candidate_Reason"":""Convenience store; restroom uncertain (shop=convenience)"",""Fee"":""unknown"",""Last_Source_Update"":""2025-01-20T01:53:19Z"",""Latitude"":9.2721793,""Longitude"":123.2751486,""Match_Confidence"":"""",""Match_Reason"":"""",""Name"":""Curbada Convenience Store"",""Notes"":"""",""OSM_ID"":""12517271410"",""OSM_Type"":""node"",""Parent_Venue"":"""",""Restroom_Presence"":""Unknown"",""Restroom_Verification"":""candidate_unverified"",""Source"":""OSM"",""Source_ID"":""node/12517271410"",""Temporary_Record_ID"":""osm_node_12517271410"",""Venue_Category"":""convenience""}"
buttler_loc_e4f9cbe98ceb9a84ec21,node/12550979148,OSM,node/12550979148,restroom_acquisition,DaYo Seafood,9.3097191,123.3089464,San Juan Street,unknown,unknown,Unknown,Unknown,candidate_unverified,"{""Access"":""unknown"",""Acquisition_Date"":""2026-09-01"",""Address"":""San Juan Street"",""Bidet_Presence"":""Unknown"",""Candidate_Priority"":""High"",""Candidate_Reason"":""Restaurant or fast-food venue (amenity=restaurant)"",""Fee"":""unknown"",""Last_Source_Update"":""2025-03-08T01:43:28Z"",""Latitude"":9.3097191,""Longitude"":123.3089464,""Match_Confidence"":"""",""Match_Reason"":"""",""Name"":""DaYo Seafood"",""Notes"":"""",""OSM_ID"":""12550979148"",""OSM_Type"":""node"",""Parent_Venue"":"""",""Restroom_Presence"":""Unknown"",""Restroom_Verification"":""candidate_unverified"",""Source"":""OSM"",""Source_ID"":""node/12550979148"",""Temporary_Record_ID"":""osm_node_12550979148"",""Venue_Category"":""food_major""}"
buttler_loc_c8cf67537cac5286cc01,node/12552824382,OSM,node/12552824382,restroom_acquisition,Minimik,9.3105081,123.3069487,,unknown,unknown,Unknown,Unknown,candidate_unverified,"{""Access"":""unknown"",""Acquisition_Date"":""2026-09-01"",""Address"":"""",""Bidet_Presence"":""Unknown"",""Candidate_Priority"":""High"",""Candidate_Reason"":""Restaurant or fast-food venue (amenity=fast_food)"",""Fee"":""unknown"",""Last_Source_Update"":""2025-02-13T01:13:41Z"",""Latitude"":9.3105081,""Longitude"":123.3069487,""Match_Confidence"":"""",""Match_Reason"":"""",""Name"":""Minimik"",""Notes"":"""",""OSM_ID"":""12552824382"",""OSM_Type"":""node"",""Parent_Venue"":"""",""Restroom_Presence"":""Unknown"",""Restroom_Verification"":""candidate_unverified"",""Source"":""OSM"",""Source_ID"":""node/12552824382"",""Temporary_Record_ID"":""osm_node_12552824382"",""Venue_Category"":""food_major""}"
buttler_loc_5686e9f061229434c998,node/12553288963,OSM,node/12553288963,restroom_acquisition,Fit24,9.3104818,123.3078447,,unknown,unknown,Unknown,Unknown,candidate_unverified,"{""Access"":""unknown"",""Acquisition_Date"":""2026-09-01"",""Address"":"""",""Bidet_Presence"":""Unknown"",""Candidate_Priority"":""Medium"",""Candidate_Reason"":""Fitness venue (leisure=fitness_centre)"",""Fee"":""unknown"",""Last_Source_Update"":""2025-02-03T05:58:04Z"",""Latitude"":9.3104818,""Longitude"":123.3078447,""Match_Confidence"":"""",""Match_Reason"":"""",""Name"":""Fit24"",""Notes"":"""",""OSM_ID"":""12553288963"",""OSM_Type"":""node"",""Parent_Venue"":"""",""Restroom_Presence"":""Unknown"",""Restroom_Verification"":""candidate_unverified"",""Source"":""OSM"",""Source_ID"":""node/12553288963"",""Temporary_Record_ID"":""osm_node_12553288963"",""Venue_Category"":""fitness""}"
buttler_loc_d520c347f58cdae2ec61,node/12555075792,OSM,node/12555075792,restroom_acquisition,Cha Tuk Chak,9.3040976,123.3086489,"Santa Catalina Street, Poblacion 1, Dumaguete City",unknown,unknown,Yes,Unknown,osm_explicit,"{""Access"":""unknown"",""Acquisition_Date"":""2026-09-01"",""Address"":""Santa Catalina Street, Poblacion 1, Dumaguete City"",""Bidet_Presence"":""Unknown"",""Candidate_Priority"":"""",""Candidate_Reason"":""toilets=yes"",""Fee"":""unknown"",""Last_Source_Update"":""2026-03-19T04:28:27Z"",""Latitude"":9.3040976,""Longitude"":123.3086489,""Match_Confidence"":"""",""Match_Reason"":"""",""Name"":""Cha Tuk Chak"",""Notes"":"""",""OSM_ID"":""12555075792"",""OSM_Type"":""node"",""Parent_Venue"":"""",""Restroom_Presence"":""Yes"",""Restroom_Verification"":""osm_explicit"",""Source"":""OSM"",""Source_ID"":""node/12555075792"",""Temporary_Record_ID"":""osm_node_12555075792"",""Venue_Category"":""explicit_venue""}"
buttler_loc_867b42839132fb89e1ba,node/12555091398,OSM,node/12555091398,restroom_acquisition,Unnamed public toilet,9.3059401,123.3084531,,unknown,no,Yes,Unknown,osm_explicit,"{""Access"":""unknown"",""Acquisition_Date"":""2026-09-01"",""Address"":"""",""Bidet_Presence"":""Unknown"",""Candidate_Priority"":"""",""Candidate_Reason"":""amenity=toilets"",""Fee"":""no"",""Last_Source_Update"":""2025-10-20T11:53:51Z"",""Latitude"":9.3059401,""Longitude"":123.3084531,""Match_Confidence"":"""",""Match_Reason"":"""",""Name"":""Unnamed public toilet"",""Notes"":"""",""OSM_ID"":""12555091398"",""OSM_Type"":""node"",""Parent_Venue"":"""",""Restroom_Presence"":""Yes"",""Restroom_Verification"":""osm_explicit"",""Source"":""OSM"",""Source_ID"":""node/12555091398"",""Temporary_Record_ID"":""osm_node_12555091398"",""Venue_Category"":""standalone_toilet""}"
buttler_loc_1dba062f2cfd8eddd42d,node/12555092383,OSM,node/12555092383,restroom_acquisition,Unnamed public toilet,9.3057617,123.3084475,,unknown,no,Yes,Unknown,osm_explicit,"{""Access"":""unknown"",""Acquisition_Date"":""2026-09-01"",""Address"":"""",""Bidet_Presence"":""Unknown"",""Candidate_Priority"":"""",""Candidate_Reason"":""amenity=toilets"",""Fee"":""no"",""Last_Source_Update"":""2025-10-20T11:53:49Z"",""Latitude"":9.3057617,""Longitude"":123.3084475,""Match_Confidence"":"""",""Match_Reason"":"""",""Name"":""Unnamed public toilet"",""Notes"":"""",""OSM_ID"":""12555092383"",""OSM_Type"":""node"",""Parent_Venue"":"""",""Restroom_Presence"":""Yes"",""Restroom_Verification"":""osm_explicit"",""Source"":""OSM"",""Source_ID"":""node/12555092383"",""Temporary_Record_ID"":""osm_node_12555092383"",""Venue_Category"":""standalone_toilet""}"
buttler_loc_560a233a8c50a9dc3481,node/12564728775,OSM,node/12564728775,restroom_acquisition,MediSwift Vaccination Center,9.3095967,123.3092411,San Juan Street,unknown,unknown,Unknown,Unknown,candidate_unverified,"{""Access"":""unknown"",""Acquisition_Date"":""2026-09-01"",""Address"":""San Juan Street"",""Bidet_Presence"":""Unknown"",""Candidate_Priority"":""Medium"",""Candidate_Reason"":""Clinic; customer restroom plausible (amenity=doctors)"",""Fee"":""unknown"",""Last_Source_Update"":""2025-07-22T07:07:33Z"",""Latitude"":9.3095967,""Longitude"":123.3092411,""Match_Confidence"":"""",""Match_Reason"":"""",""Name"":""MediSwift Vaccination Center"",""Notes"":"""",""OSM_ID"":""12564728775"",""OSM_Type"":""node"",""Parent_Venue"":"""",""Restroom_Presence"":""Unknown"",""Restroom_Verification"":""candidate_unverified"",""Source"":""OSM"",""Source_ID"":""node/12564728775"",""Temporary_Record_ID"":""osm_node_12564728775"",""Venue_Category"":""clinic""}"
buttler_loc_35b7d7f780e038ce1400,node/12566526396,OSM,node/12566526396,restroom_acquisition,AU Dermatology Clinic,9.3063995,123.3094066,,unknown,unknown,Unknown,Unknown,candidate_unverified,"{""Access"":""unknown"",""Acquisition_Date"":""2026-09-01"",""Address"":"""",""Bidet_Presence"":""Unknown"",""Candidate_Priority"":""Medium"",""Candidate_Reason"":""Clinic; customer restroom plausible (amenity=doctors)"",""Fee"":""unknown"",""Last_Source_Update"":""2025-02-07T23:51:03Z"",""Latitude"":9.3063995,""Longitude"":123.3094066,""Match_Confidence"":"""",""Match_Reason"":"""",""Name"":""AU Dermatology Clinic"",""Notes"":"""",""OSM_ID"":""12566526396"",""OSM_Type"":""node"",""Parent_Venue"":"""",""Restroom_Presence"":""Unknown"",""Restroom_Verification"":""candidate_unverified"",""Source"":""OSM"",""Source_ID"":""node/12566526396"",""Temporary_Record_ID"":""osm_node_12566526396"",""Venue_Category"":""clinic""}"
buttler_loc_0312be2a9c3de91e1882,node/12566526397,OSM,node/12566526397,restroom_acquisition,Hannah Bbq & Eatery,9.3065904,123.3095345,,unknown,unknown,Unknown,Unknown,candidate_unverified,"{""Access"":""unknown"",""Acquisition_Date"":""2026-09-01"",""Address"":"""",""Bidet_Presence"":""Unknown"",""Candidate_Priority"":""High"",""Candidate_Reason"":""Restaurant or fast-food venue (amenity=fast_food)"",""Fee"":""unknown"",""Last_Source_Update"":""2025-02-07T23:51:03Z"",""Latitude"":9.3065904,""Longitude"":123.3095345,""Match_Confidence"":"""",""Match_Reason"":"""",""Name"":""Hannah Bbq & Eatery"",""Notes"":"""",""OSM_ID"":""12566526397"",""OSM_Type"":""node"",""Parent_Venue"":"""",""Restroom_Presence"":""Unknown"",""Restroom_Verification"":""candidate_unverified"",""Source"":""OSM"",""Source_ID"":""node/12566526397"",""Temporary_Record_ID"":""osm_node_12566526397"",""Venue_Category"":""food_major""}"
buttler_loc_3e2ef87d5db8dc626e34,node/12566577303,OSM,node/12566577303,restroom_acquisition,Unnamed public toilet,9.306168,123.3114537,,unknown,no,Yes,Unknown,osm_explicit,"{""Access"":""unknown"",""Acquisition_Date"":""2026-09-01"",""Address"":"""",""Bidet_Presence"":""Unknown"",""Candidate_Priority"":"""",""Candidate_Reason"":""amenity=toilets"",""Fee"":""no"",""Last_Source_Update"":""2025-03-25T13:31:16Z"",""Latitude"":9.306168,""Longitude"":123.3114537,""Match_Confidence"":"""",""Match_Reason"":"""",""Name"":""Unnamed public toilet"",""Notes"":"""",""OSM_ID"":""12566577303"",""OSM_Type"":""node"",""Parent_Venue"":"""",""Restroom_Presence"":""Yes"",""Restroom_Verification"":""osm_explicit"",""Source"":""OSM"",""Source_ID"":""node/12566577303"",""Temporary_Record_ID"":""osm_node_12566577303"",""Venue_Category"":""standalone_toilet""}"
buttler_loc_2729ad69345eda116c6b,node/12566577306,OSM,node/12566577306,restroom_acquisition,Unnamed public toilet,9.3055361,123.3114985,,unknown,no,Yes,Unknown,osm_explicit,"{""Access"":""unknown"",""Acquisition_Date"":""2026-09-01"",""Address"":"""",""Bidet_Presence"":""Unknown"",""Candidate_Priority"":"""",""Candidate_Reason"":""amenity=toilets"",""Fee"":""no"",""Last_Source_Update"":""2025-03-25T13:31:02Z"",""Latitude"":9.3055361,""Longitude"":123.3114985,""Match_Confidence"":"""",""Match_Reason"":"""",""Name"":""Unnamed public toilet"",""Notes"":"""",""OSM_ID"":""12566577306"",""OSM_Type"":""node"",""Parent_Venue"":"""",""Restroom_Presence"":""Yes"",""Restroom_Verification"":""osm_explicit"",""Source"":""OSM"",""Source_ID"":""node/12566577306"",""Temporary_Record_ID"":""osm_node_12566577306"",""Venue_Category"":""standalone_toilet""}"
buttler_loc_a0decda9d9b59900b891,node/12566577312,OSM,node/12566577312,restroom_acquisition,Unnamed public toilet,9.3052169,123.3108357,,unknown,no,Yes,Unknown,osm_explicit,"{""Access"":""unknown"",""Acquisition_Date"":""2026-09-01"",""Address"":"""",""Bidet_Presence"":""Unknown"",""Candidate_Priority"":"""",""Candidate_Reason"":""amenity=toilets"",""Fee"":""no"",""Last_Source_Update"":""2025-03-25T13:31:23Z"",""Latitude"":9.3052169,""Longitude"":123.3108357,""Match_Confidence"":"""",""Match_Reason"":"""",""Name"":""Unnamed public toilet"",""Notes"":"""",""OSM_ID"":""12566577312"",""OSM_Type"":""node"",""Parent_Venue"":"""",""Restroom_Presence"":""Yes"",""Restroom_Verification"":""osm_explicit"",""Source"":""OSM"",""Source_ID"":""node/12566577312"",""Temporary_Record_ID"":""osm_node_12566577312"",""Venue_Category"":""standalone_toilet""}"
buttler_loc_b45bc7f57441dee5e18c,node/12566577313,OSM,node/12566577313,restroom_acquisition,Unnamed public toilet,9.3051707,123.3108382,,unknown,no,Yes,Unknown,osm_explicit,"{""Access"":""unknown"",""Acquisition_Date"":""2026-09-01"",""Address"":"""",""Bidet_Presence"":""Unknown"",""Candidate_Priority"":"""",""Candidate_Reason"":""amenity=toilets"",""Fee"":""no"",""Last_Source_Update"":""2025-03-25T13:31:20Z"",""Latitude"":9.3051707,""Longitude"":123.3108382,""Match_Confidence"":"""",""Match_Reason"":"""",""Name"":""Unnamed public toilet"",""Notes"":"""",""OSM_ID"":""12566577313"",""OSM_Type"":""node"",""Parent_Venue"":"""",""Restroom_Presence"":""Yes"",""Restroom_Verification"":""osm_explicit"",""Source"":""OSM"",""Source_ID"":""node/12566577313"",""Temporary_Record_ID"":""osm_node_12566577313"",""Venue_Category"":""standalone_toilet""}"
buttler_loc_9700dad4435c920f64f7,node/12566577314,OSM,node/12566577314,restroom_acquisition,Unnamed public toilet,9.3063582,123.3105277,,unknown,no,Yes,Unknown,osm_explicit,"{""Access"":""unknown"",""Acquisition_Date"":""2026-09-01"",""Address"":"""",""Bidet_Presence"":""Unknown"",""Candidate_Priority"":"""",""Candidate_Reason"":""amenity=toilets"",""Fee"":""no"",""Last_Source_Update"":""2025-03-25T13:31:28Z"",""Latitude"":9.3063582,""Longitude"":123.3105277,""Match_Confidence"":"""",""Match_Reason"":"""",""Name"":""Unnamed public toilet"",""Notes"":"""",""OSM_ID"":""12566577314"",""OSM_Type"":""node"",""Parent_Venue"":"""",""Restroom_Presence"":""Yes"",""Restroom_Verification"":""osm_explicit"",""Source"":""OSM"",""Source_ID"":""node/12566577314"",""Temporary_Record_ID"":""osm_node_12566577314"",""Venue_Category"":""standalone_toilet""}"
buttler_loc_7b9e58dc804fe7dfc354,node/12566577324,OSM,node/12566577324,restroom_acquisition,Dekada,9.3066309,123.3100069,Rizal Boulevard,unknown,unknown,Unknown,Unknown,candidate_unverified,"{""Access"":""unknown"",""Acquisition_Date"":""2026-09-01"",""Address"":""Rizal Boulevard"",""Bidet_Presence"":""Unknown"",""Candidate_Priority"":""High"",""Candidate_Reason"":""Restaurant or fast-food venue (amenity=restaurant)"",""Fee"":""unknown"",""Last_Source_Update"":""2025-02-07T23:51:03Z"",""Latitude"":9.3066309,""Longitude"":123.3100069,""Match_Confidence"":"""",""Match_Reason"":"""",""Name"":""Dekada"",""Notes"":"""",""OSM_ID"":""12566577324"",""OSM_Type"":""node"",""Parent_Venue"":"""",""Restroom_Presence"":""Unknown"",""Restroom_Verification"":""candidate_unverified"",""Source"":""OSM"",""Source_ID"":""node/12566577324"",""Temporary_Record_ID"":""osm_node_12566577324"",""Venue_Category"":""food_major""}"
buttler_loc_8c2f691a55ed5b391fd4,node/12566577326,OSM,node/12566577326,restroom_acquisition,Allegre,9.3066538,123.309958,Rizal Boulevard,unknown,unknown,Unknown,Unknown,candidate_unverified,"{""Access"":""unknown"",""Acquisition_Date"":""2026-09-01"",""Address"":""Rizal Boulevard"",""Bidet_Presence"":""Unknown"",""Candidate_Priority"":""Medium"",""Candidate_Reason"":""Food/drink venue; restroom uncertain (amenity=bar)"",""Fee"":""unknown"",""Last_Source_Update"":""2025-02-26T06:31:18Z"",""Latitude"":9.3066538,""Longitude"":123.309958,""Match_Confidence"":"""",""Match_Reason"":"""",""Name"":""Allegre"",""Notes"":"""",""OSM_ID"":""12566577326"",""OSM_Type"":""node"",""Parent_Venue"":"""",""Restroom_Presence"":""Unknown"",""Restroom_Verification"":""candidate_unverified"",""Source"":""OSM"",""Source_ID"":""node/12566577326"",""Temporary_Record_ID"":""osm_node_12566577326"",""Venue_Category"":""food_drink""}"
buttler_loc_6886724e44fcd81aaf27,node/12566581750,OSM,node/12566581750,restroom_acquisition,Henia,9.306465,123.305827,Bishop Epifanio B. Surban Street,unknown,unknown,Unknown,Unknown,candidate_unverified,"{""Access"":""unknown"",""Acquisition_Date"":""2026-09-01"",""Address"":""Bishop Epifanio B. Surban Street"",""Bidet_Presence"":""Unknown"",""Candidate_Priority"":""High"",""Candidate_Reason"":""Substantial accommodation (tourism=hotel)"",""Fee"":""unknown"",""Last_Source_Update"":""2025-02-07T23:55:16Z"",""Latitude"":9.306465,""Longitude"":123.305827,""Match_Confidence"":"""",""Match_Reason"":"""",""Name"":""Henia"",""Notes"":"""",""OSM_ID"":""12566581750"",""OSM_Type"":""node"",""Parent_Venue"":"""",""Restroom_Presence"":""Unknown"",""Restroom_Verification"":""candidate_unverified"",""Source"":""OSM"",""Source_ID"":""node/12566581750"",""Temporary_Record_ID"":""osm_node_12566581750"",""Venue_Category"":""accommodation""}"
buttler_loc_55ee7ab5ba8e4d659ead,node/12570847544,OSM,node/12570847544,restroom_acquisition,Got Kee,9.3100609,123.3091581,Rizal Avenue,unknown,unknown,Unknown,Unknown,candidate_unverified,"{""Access"":""unknown"",""Acquisition_Date"":""2026-09-01"",""Address"":""Rizal Avenue"",""Bidet_Presence"":""Unknown"",""Candidate_Priority"":""High"",""Candidate_Reason"":""Restaurant or fast-food venue (amenity=restaurant)"",""Fee"":""unknown"",""Last_Source_Update"":""2025-03-04T01:43:07Z"",""Latitude"":9.3100609,""Longitude"":123.3091581,""Match_Confidence"":"""",""Match_Reason"":"""",""Name"":""Got Kee"",""Notes"":"""",""OSM_ID"":""12570847544"",""OSM_Type"":""node"",""Parent_Venue"":"""",""Restroom_Presence"":""Unknown"",""Restroom_Verification"":""candidate_unverified"",""Source"":""OSM"",""Source_ID"":""node/12570847544"",""Temporary_Record_ID"":""osm_node_12570847544"",""Venue_Category"":""food_major""}"
buttler_loc_05e85f7485fcabfcb2d8,node/12570847545,OSM,node/12570847545,restroom_acquisition,Sintral,9.3101647,123.3091042,"Rizal Avenue, Dumaguete",unknown,unknown,Unknown,Unknown,candidate_unverified,"{""Access"":""unknown"",""Acquisition_Date"":""2026-09-01"",""Address"":""Rizal Avenue, Dumaguete"",""Bidet_Presence"":""Unknown"",""Candidate_Priority"":""Medium"",""Candidate_Reason"":""Food/drink venue; restroom uncertain (amenity=cafe)"",""Fee"":""unknown"",""Last_Source_Update"":""2025-02-26T06:28:01Z"",""Latitude"":9.3101647,""Longitude"":123.3091042,""Match_Confidence"":"""",""Match_Reason"":"""",""Name"":""Sintral"",""Notes"":"""",""OSM_ID"":""12570847545"",""OSM_Type"":""node"",""Parent_Venue"":"""",""Restroom_Presence"":""Unknown"",""Restroom_Verification"":""candidate_unverified"",""Source"":""OSM"",""Source_ID"":""node/12570847545"",""Temporary_Record_ID"":""osm_node_12570847545"",""Venue_Category"":""food_drink""}"
buttler_loc_58e6ae5819d0cdbba546,node/12587090479,OSM,node/12587090479,restroom_acquisition,Anytime Fitness,9.322668,123.2986399,,unknown,unknown,Unknown,Unknown,candidate_unverified,"{""Access"":""unknown"",""Acquisition_Date"":""2026-09-01"",""Address"":"""",""Bidet_Presence"":""Unknown"",""Candidate_Priority"":""Medium"",""Candidate_Reason"":""Fitness venue (leisure=fitness_centre)"",""Fee"":""unknown"",""Last_Source_Update"":""2026-08-30T04:06:04Z"",""Latitude"":9.322668,""Longitude"":123.2986399,""Match_Confidence"":"""",""Match_Reason"":"""",""Name"":""Anytime Fitness"",""Notes"":"""",""OSM_ID"":""12587090479"",""OSM_Type"":""node"",""Parent_Venue"":"""",""Restroom_Presence"":""Unknown"",""Restroom_Verification"":""candidate_unverified"",""Source"":""OSM"",""Source_ID"":""node/12587090479"",""Temporary_Record_ID"":""osm_node_12587090479"",""Venue_Category"":""fitness""}"
buttler_loc_da9e289ed1bc0b78f6b3,node/12588851130,OSM,node/12588851130,restroom_acquisition,Mommy Ying,9.3113711,123.3059674,,unknown,unknown,Unknown,Unknown,candidate_unverified,"{""Access"":""unknown"",""Acquisition_Date"":""2026-09-01"",""Address"":"""",""Bidet_Presence"":""Unknown"",""Candidate_Priority"":""High"",""Candidate_Reason"":""Restaurant or fast-food venue (amenity=fast_food)"",""Fee"":""unknown"",""Last_Source_Update"":""2025-02-15T02:40:24Z"",""Latitude"":9.3113711,""Longitude"":123.3059674,""Match_Confidence"":"""",""Match_Reason"":"""",""Name"":""Mommy Ying"",""Notes"":"""",""OSM_ID"":""12588851130"",""OSM_Type"":""node"",""Parent_Venue"":"""",""Restroom_Presence"":""Unknown"",""Restroom_Verification"":""candidate_unverified"",""Source"":""OSM"",""Source_ID"":""node/12588851130"",""Temporary_Record_ID"":""osm_node_12588851130"",""Venue_Category"":""food_major""}"
buttler_loc_86161073f2c0de7e030f,node/12588868257,OSM,node/12588868257,restroom_acquisition,Hemingway,9.3145795,123.2977257,,unknown,unknown,Unknown,Unknown,candidate_unverified,"{""Access"":""unknown"",""Acquisition_Date"":""2026-09-01"",""Address"":"""",""Bidet_Presence"":""Unknown"",""Candidate_Priority"":""Medium"",""Candidate_Reason"":""Food/drink venue; restroom uncertain (amenity=cafe)"",""Fee"":""unknown"",""Last_Source_Update"":""2025-02-18T03:37:11Z"",""Latitude"":9.3145795,""Longitude"":123.2977257,""Match_Confidence"":"""",""Match_Reason"":"""",""Name"":""Hemingway"",""Notes"":"""",""OSM_ID"":""12588868257"",""OSM_Type"":""node"",""Parent_Venue"":"""",""Restroom_Presence"":""Unknown"",""Restroom_Verification"":""candidate_unverified"",""Source"":""OSM"",""Source_ID"":""node/12588868257"",""Temporary_Record_ID"":""osm_node_12588868257"",""Venue_Category"":""food_drink""}"
buttler_loc_0fdc698f48d9b95f13a4,node/12588902347,OSM,node/12588902347,restroom_acquisition,Potato Corner,9.3113876,123.305751,,unknown,unknown,Unknown,Unknown,candidate_unverified,"{""Access"":""unknown"",""Acquisition_Date"":""2026-09-01"",""Address"":"""",""Bidet_Presence"":""Unknown"",""Candidate_Priority"":""High"",""Candidate_Reason"":""Restaurant or fast-food venue (amenity=fast_food)"",""Fee"":""unknown"",""Last_Source_Update"":""2025-02-15T02:34:48Z"",""Latitude"":9.3113876,""Longitude"":123.305751,""Match_Confidence"":"""",""Match_Reason"":"""",""Name"":""Potato Corner"",""Notes"":"""",""OSM_ID"":""12588902347"",""OSM_Type"":""node"",""Parent_Venue"":"""",""Restroom_Presence"":""Unknown"",""Restroom_Verification"":""candidate_unverified"",""Source"":""OSM"",""Source_ID"":""node/12588902347"",""Temporary_Record_ID"":""osm_node_12588902347"",""Venue_Category"":""food_major""}"
buttler_loc_34a6bcbf0efddc548469,node/12588984233,OSM,node/12588984233,restroom_acquisition,Got Kee Restaurant,9.3100579,123.3092589,Rizal Boulevard,unknown,unknown,Unknown,Unknown,candidate_unverified,"{""Access"":""unknown"",""Acquisition_Date"":""2026-09-01"",""Address"":""Rizal Boulevard"",""Bidet_Presence"":""Unknown"",""Candidate_Priority"":""High"",""Candidate_Reason"":""Restaurant or fast-food venue (amenity=restaurant)"",""Fee"":""unknown"",""Last_Source_Update"":""2025-02-15T04:10:42Z"",""Latitude"":9.3100579,""Longitude"":123.3092589,""Match_Confidence"":"""",""Match_Reason"":"""",""Name"":""Got Kee Restaurant"",""Notes"":"""",""OSM_ID"":""12588984233"",""OSM_Type"":""node"",""Parent_Venue"":"""",""Restroom_Presence"":""Unknown"",""Restroom_Verification"":""candidate_unverified"",""Source"":""OSM"",""Source_ID"":""node/12588984233"",""Temporary_Record_ID"":""osm_node_12588984233"",""Venue_Category"":""food_major""}"
buttler_loc_35daaacc30cea646c9a0,node/12592454942,OSM,node/12592454942,restroom_acquisition,Pickup Coffee,9.2990221,123.3030188,,unknown,unknown,Unknown,Unknown,candidate_unverified,"{""Access"":""unknown"",""Acquisition_Date"":""2026-09-01"",""Address"":"""",""Bidet_Presence"":""Unknown"",""Candidate_Priority"":""Medium"",""Candidate_Reason"":""Food/drink venue; restroom uncertain (amenity=cafe)"",""Fee"":""unknown"",""Last_Source_Update"":""2025-05-16T09:35:48Z"",""Latitude"":9.2990221,""Longitude"":123.3030188,""Match_Confidence"":"""",""Match_Reason"":"""",""Name"":""Pickup Coffee"",""Notes"":"""",""OSM_ID"":""12592454942"",""OSM_Type"":""node"",""Parent_Venue"":"""",""Restroom_Presence"":""Unknown"",""Restroom_Verification"":""candidate_unverified"",""Source"":""OSM"",""Source_ID"":""node/12592454942"",""Temporary_Record_ID"":""osm_node_12592454942"",""Venue_Category"":""food_drink""}"
buttler_loc_6b77bb630fbbf161e4da,node/12592469280,OSM,node/12592469280,restroom_acquisition,Miguelitos Avocado Locco,9.2989327,123.3035479,,unknown,unknown,Unknown,Unknown,candidate_unverified,"{""Access"":""unknown"",""Acquisition_Date"":""2026-09-01"",""Address"":"""",""Bidet_Presence"":""Unknown"",""Candidate_Priority"":""High"",""Candidate_Reason"":""Restaurant or fast-food venue (amenity=fast_food)"",""Fee"":""unknown"",""Last_Source_Update"":""2025-05-16T09:34:25Z"",""Latitude"":9.2989327,""Longitude"":123.3035479,""Match_Confidence"":"""",""Match_Reason"":"""",""Name"":""Miguelitos Avocado Locco"",""Notes"":"""",""OSM_ID"":""12592469280"",""OSM_Type"":""node"",""Parent_Venue"":"""",""Restroom_Presence"":""Unknown"",""Restroom_Verification"":""candidate_unverified"",""Source"":""OSM"",""Source_ID"":""node/12592469280"",""Temporary_Record_ID"":""osm_node_12592469280"",""Venue_Category"":""food_major""}"
buttler_loc_edf38067a27cb836ed7d,node/12592475289,OSM,node/12592475289,restroom_acquisition,Sushi Unlimited,9.2989219,123.3034888,,unknown,unknown,Unknown,Unknown,candidate_unverified,"{""Access"":""unknown"",""Acquisition_Date"":""2026-09-01"",""Address"":"""",""Bidet_Presence"":""Unknown"",""Candidate_Priority"":""High"",""Candidate_Reason"":""Restaurant or fast-food venue (amenity=fast_food)"",""Fee"":""unknown"",""Last_Source_Update"":""2025-05-16T09:34:33Z"",""Latitude"":9.2989219,""Longitude"":123.3034888,""Match_Confidence"":"""",""Match_Reason"":"""",""Name"":""Sushi Unlimited"",""Notes"":"""",""OSM_ID"":""12592475289"",""OSM_Type"":""node"",""Parent_Venue"":"""",""Restroom_Presence"":""Unknown"",""Restroom_Verification"":""candidate_unverified"",""Source"":""OSM"",""Source_ID"":""node/12592475289"",""Temporary_Record_ID"":""osm_node_12592475289"",""Venue_Category"":""food_major""}"
buttler_loc_3670cf4d0973843fc0bb,node/12592483765,OSM,node/12592483765,restroom_acquisition,Siomai King,9.2989591,123.3034725,,unknown,unknown,Unknown,Unknown,candidate_unverified,"{""Access"":""unknown"",""Acquisition_Date"":""2026-09-01"",""Address"":"""",""Bidet_Presence"":""Unknown"",""Candidate_Priority"":""High"",""Candidate_Reason"":""Restaurant or fast-food venue (amenity=fast_food)"",""Fee"":""unknown"",""Last_Source_Update"":""2025-05-16T09:34:29Z"",""Latitude"":9.2989591,""Longitude"":123.3034725,""Match_Confidence"":"""",""Match_Reason"":"""",""Name"":""Siomai King"",""Notes"":"""",""OSM_ID"":""12592483765"",""OSM_Type"":""node"",""Parent_Venue"":"""",""Restroom_Presence"":""Unknown"",""Restroom_Verification"":""candidate_unverified"",""Source"":""OSM"",""Source_ID"":""node/12592483765"",""Temporary_Record_ID"":""osm_node_12592483765"",""Venue_Category"":""food_major""}"
buttler_loc_2d935f2feffee02a246f,node/12592503907,OSM,node/12592503907,restroom_acquisition,Waffle Time,9.2988927,123.3034982,,unknown,unknown,Unknown,Unknown,candidate_unverified,"{""Access"":""unknown"",""Acquisition_Date"":""2026-09-01"",""Address"":"""",""Bidet_Presence"":""Unknown"",""Candidate_Priority"":""High"",""Candidate_Reason"":""Restaurant or fast-food venue (amenity=fast_food)"",""Fee"":""unknown"",""Last_Source_Update"":""2025-05-16T09:34:37Z"",""Latitude"":9.2988927,""Longitude"":123.3034982,""Match_Confidence"":"""",""Match_Reason"":"""",""Name"":""Waffle Time"",""Notes"":"""",""OSM_ID"":""12592503907"",""OSM_Type"":""node"",""Parent_Venue"":""Robinsons Dumaguete"",""Restroom_Presence"":""Unknown"",""Restroom_Verification"":""candidate_unverified"",""Source"":""OSM"",""Source_ID"":""node/12592503907"",""Temporary_Record_ID"":""osm_node_12592503907"",""Venue_Category"":""food_major""}"
buttler_loc_542ce0a9bde4878edf47,node/12592511465,OSM,node/12592511465,restroom_acquisition,Takuyaki Japanese Balls,9.2989387,123.3035076,,unknown,unknown,Unknown,Unknown,candidate_unverified,"{""Access"":""unknown"",""Acquisition_Date"":""2026-09-01"",""Address"":"""",""Bidet_Presence"":""Unknown"",""Candidate_Priority"":""High"",""Candidate_Reason"":""Restaurant or fast-food venue (amenity=fast_food)"",""Fee"":""unknown"",""Last_Source_Update"":""2025-03-09T07:44:00Z"",""Latitude"":9.2989387,""Longitude"":123.3035076,""Match_Confidence"":"""",""Match_Reason"":"""",""Name"":""Takuyaki Japanese Balls"",""Notes"":"""",""OSM_ID"":""12592511465"",""OSM_Type"":""node"",""Parent_Venue"":"""",""Restroom_Presence"":""Unknown"",""Restroom_Verification"":""candidate_unverified"",""Source"":""OSM"",""Source_ID"":""node/12592511465"",""Temporary_Record_ID"":""osm_node_12592511465"",""Venue_Category"":""food_major""}"
buttler_loc_58fcfd4df580a5c18c76,node/12592519688,OSM,node/12592519688,restroom_acquisition,Unnamed public toilet,9.298837,123.3036674,,unknown,no,Yes,Unknown,osm_explicit,"{""Access"":""unknown"",""Acquisition_Date"":""2026-09-01"",""Address"":"""",""Bidet_Presence"":""Unknown"",""Candidate_Priority"":"""",""Candidate_Reason"":""amenity=toilets"",""Fee"":""no"",""Last_Source_Update"":""2026-03-15T10:56:52Z"",""Latitude"":9.298837,""Longitude"":123.3036674,""Match_Confidence"":"""",""Match_Reason"":"""",""Name"":""Unnamed public toilet"",""Notes"":"""",""OSM_ID"":""12592519688"",""OSM_Type"":""node"",""Parent_Venue"":"""",""Restroom_Presence"":""Yes"",""Restroom_Verification"":""osm_explicit"",""Source"":""OSM"",""Source_ID"":""node/12592519688"",""Temporary_Record_ID"":""osm_node_12592519688"",""Venue_Category"":""standalone_toilet""}"
buttler_loc_a7c5739a54200712f6de,node/12592526371,OSM,node/12592526371,restroom_acquisition,Buko Pilipino,9.2989125,123.3035445,,unknown,unknown,Unknown,Unknown,candidate_unverified,"{""Access"":""unknown"",""Acquisition_Date"":""2026-09-01"",""Address"":"""",""Bidet_Presence"":""Unknown"",""Candidate_Priority"":""High"",""Candidate_Reason"":""Restaurant or fast-food venue (amenity=fast_food)"",""Fee"":""unknown"",""Last_Source_Update"":""2025-05-16T09:34:44Z"",""Latitude"":9.2989125,""Longitude"":123.3035445,""Match_Confidence"":"""",""Match_Reason"":"""",""Name"":""Buko Pilipino"",""Notes"":"""",""OSM_ID"":""12592526371"",""OSM_Type"":""node"",""Parent_Venue"":"""",""Restroom_Presence"":""Unknown"",""Restroom_Verification"":""candidate_unverified"",""Source"":""OSM"",""Source_ID"":""node/12592526371"",""Temporary_Record_ID"":""osm_node_12592526371"",""Venue_Category"":""food_major""}"
buttler_loc_83da8dbeb1be3725b159,node/12597766657,OSM,node/12597766657,restroom_acquisition,Unnamed venue,9.3195229,123.2888706,Larena Drive,unknown,unknown,Unknown,Unknown,candidate_unverified,"{""Access"":""unknown"",""Acquisition_Date"":""2026-09-01"",""Address"":""Larena Drive"",""Bidet_Presence"":""Unknown"",""Candidate_Priority"":""High"",""Candidate_Reason"":""Restaurant or fast-food venue (amenity=fast_food)"",""Fee"":""unknown"",""Last_Source_Update"":""2025-02-18T07:12:39Z"",""Latitude"":9.3195229,""Longitude"":123.2888706,""Match_Confidence"":"""",""Match_Reason"":"""",""Name"":""Unnamed venue"",""Notes"":"""",""OSM_ID"":""12597766657"",""OSM_Type"":""node"",""Parent_Venue"":"""",""Restroom_Presence"":""Unknown"",""Restroom_Verification"":""candidate_unverified"",""Source"":""OSM"",""Source_ID"":""node/12597766657"",""Temporary_Record_ID"":""osm_node_12597766657"",""Venue_Category"":""food_major""}"
buttler_loc_3983dd62b2e253714d42,node/12602338255,OSM,node/12602338255,restroom_acquisition,Azul Bar,9.3205129,123.3124021,,unknown,unknown,Unknown,Unknown,candidate_unverified,"{""Access"":""unknown"",""Acquisition_Date"":""2026-09-01"",""Address"":"""",""Bidet_Presence"":""Unknown"",""Candidate_Priority"":""Medium"",""Candidate_Reason"":""Food/drink venue; restroom uncertain (amenity=bar)"",""Fee"":""unknown"",""Last_Source_Update"":""2025-02-20T02:03:53Z"",""Latitude"":9.3205129,""Longitude"":123.3124021,""Match_Confidence"":"""",""Match_Reason"":"""",""Name"":""Azul Bar"",""Notes"":"""",""OSM_ID"":""12602338255"",""OSM_Type"":""node"",""Parent_Venue"":"""",""Restroom_Presence"":""Unknown"",""Restroom_Verification"":""candidate_unverified"",""Source"":""OSM"",""Source_ID"":""node/12602338255"",""Temporary_Record_ID"":""osm_node_12602338255"",""Venue_Category"":""food_drink""}"
buttler_loc_3fe0f00b70ea9201bab4,node/12602338258,OSM,node/12602338258,restroom_acquisition,Meltin' Pot,9.3198402,123.3072419,,unknown,unknown,Unknown,Unknown,candidate_unverified,"{""Access"":""unknown"",""Acquisition_Date"":""2026-09-01"",""Address"":"""",""Bidet_Presence"":""Unknown"",""Candidate_Priority"":""High"",""Candidate_Reason"":""Restaurant or fast-food venue (amenity=restaurant)"",""Fee"":""unknown"",""Last_Source_Update"":""2025-02-20T02:03:53Z"",""Latitude"":9.3198402,""Longitude"":123.3072419,""Match_Confidence"":"""",""Match_Reason"":"""",""Name"":""Meltin' Pot"",""Notes"":"""",""OSM_ID"":""12602338258"",""OSM_Type"":""node"",""Parent_Venue"":"""",""Restroom_Presence"":""Unknown"",""Restroom_Verification"":""candidate_unverified"",""Source"":""OSM"",""Source_ID"":""node/12602338258"",""Temporary_Record_ID"":""osm_node_12602338258"",""Venue_Category"":""food_major""}"
buttler_loc_1b521ee2a8cd8f2da2df,node/12606207800,OSM,node/12606207800,restroom_acquisition,7-Eleven,9.3171987,123.2949972,,unknown,unknown,Unknown,Unknown,candidate_unverified,"{""Access"":""unknown"",""Acquisition_Date"":""2026-09-01"",""Address"":"""",""Bidet_Presence"":""Unknown"",""Candidate_Priority"":""Medium"",""Candidate_Reason"":""Convenience store; restroom uncertain (shop=convenience)"",""Fee"":""unknown"",""Last_Source_Update"":""2025-03-05T03:30:13Z"",""Latitude"":9.3171987,""Longitude"":123.2949972,""Match_Confidence"":"""",""Match_Reason"":"""",""Name"":""7-Eleven"",""Notes"":"""",""OSM_ID"":""12606207800"",""OSM_Type"":""node"",""Parent_Venue"":"""",""Restroom_Presence"":""Unknown"",""Restroom_Verification"":""candidate_unverified"",""Source"":""OSM"",""Source_ID"":""node/12606207800"",""Temporary_Record_ID"":""osm_node_12606207800"",""Venue_Category"":""convenience""}"
buttler_loc_8c6c136762e810755103,node/12606241554,OSM,node/12606241554,restroom_acquisition,Dumaguete Dormitel,9.3101475,123.3065882,"Silliman Avenue, Dumaguete",unknown,unknown,Unknown,Unknown,candidate_unverified,"{""Access"":""unknown"",""Acquisition_Date"":""2026-09-01"",""Address"":""Silliman Avenue, Dumaguete"",""Bidet_Presence"":""Unknown"",""Candidate_Priority"":""High"",""Candidate_Reason"":""Substantial accommodation (tourism=hostel)"",""Fee"":""unknown"",""Last_Source_Update"":""2025-02-25T01:03:49Z"",""Latitude"":9.3101475,""Longitude"":123.3065882,""Match_Confidence"":"""",""Match_Reason"":"""",""Name"":""Dumaguete Dormitel"",""Notes"":"""",""OSM_ID"":""12606241554"",""OSM_Type"":""node"",""Parent_Venue"":""way/290512308"",""Restroom_Presence"":""Unknown"",""Restroom_Verification"":""candidate_unverified"",""Source"":""OSM"",""Source_ID"":""node/12606241554"",""Temporary_Record_ID"":""osm_node_12606241554"",""Venue_Category"":""accommodation""}"
buttler_loc_07305f643bdb3ac57a67,node/12606242994,OSM,node/12606242994,restroom_acquisition,KC Mart,9.3101264,123.3063351,"Silliman Avenue, Dumaguete",unknown,unknown,Unknown,Unknown,candidate_unverified,"{""Access"":""unknown"",""Acquisition_Date"":""2026-09-01"",""Address"":""Silliman Avenue, Dumaguete"",""Bidet_Presence"":""Unknown"",""Candidate_Priority"":""Medium"",""Candidate_Reason"":""Convenience store; restroom uncertain (shop=convenience)"",""Fee"":""unknown"",""Last_Source_Update"":""2025-02-22T03:07:38Z"",""Latitude"":9.3101264,""Longitude"":123.3063351,""Match_Confidence"":"""",""Match_Reason"":"""",""Name"":""KC Mart"",""Notes"":"""",""OSM_ID"":""12606242994"",""OSM_Type"":""node"",""Parent_Venue"":""way/290512308"",""Restroom_Presence"":""Unknown"",""Restroom_Verification"":""candidate_unverified"",""Source"":""OSM"",""Source_ID"":""node/12606242994"",""Temporary_Record_ID"":""osm_node_12606242994"",""Venue_Category"":""convenience""}"
buttler_loc_46479be718979d28cd4d,node/12608719071,OSM,node/12608719071,restroom_acquisition,Kuya Fred's Beef Pares,9.3274571,123.2971191,,unknown,unknown,Unknown,Unknown,candidate_unverified,"{""Access"":""unknown"",""Acquisition_Date"":""2026-09-01"",""Address"":"""",""Bidet_Presence"":""Unknown"",""Candidate_Priority"":""High"",""Candidate_Reason"":""Restaurant or fast-food venue (amenity=restaurant)"",""Fee"":""unknown"",""Last_Source_Update"":""2025-02-22T00:48:55Z"",""Latitude"":9.3274571,""Longitude"":123.2971191,""Match_Confidence"":"""",""Match_Reason"":"""",""Name"":""Kuya Fred's Beef Pares"",""Notes"":"""",""OSM_ID"":""12608719071"",""OSM_Type"":""node"",""Parent_Venue"":"""",""Restroom_Presence"":""Unknown"",""Restroom_Verification"":""candidate_unverified"",""Source"":""OSM"",""Source_ID"":""node/12608719071"",""Temporary_Record_ID"":""osm_node_12608719071"",""Venue_Category"":""food_major""}"
buttler_loc_4b0aad8094c248552deb,node/12608845753,OSM,node/12608845753,restroom_acquisition,Figaro,9.3101623,123.3066707,"Silliman Avenue, Dumaguete",unknown,unknown,Unknown,Unknown,candidate_unverified,"{""Access"":""unknown"",""Acquisition_Date"":""2026-09-01"",""Address"":""Silliman Avenue, Dumaguete"",""Bidet_Presence"":""Unknown"",""Candidate_Priority"":""Medium"",""Candidate_Reason"":""Food/drink venue; restroom uncertain (amenity=cafe)"",""Fee"":""unknown"",""Last_Source_Update"":""2025-02-24T01:04:46Z"",""Latitude"":9.3101623,""Longitude"":123.3066707,""Match_Confidence"":"""",""Match_Reason"":"""",""Name"":""Figaro"",""Notes"":"""",""OSM_ID"":""12608845753"",""OSM_Type"":""node"",""Parent_Venue"":""way/290512318"",""Restroom_Presence"":""Unknown"",""Restroom_Verification"":""candidate_unverified"",""Source"":""OSM"",""Source_ID"":""node/12608845753"",""Temporary_Record_ID"":""osm_node_12608845753"",""Venue_Category"":""food_drink""}"
buttler_loc_370800da18317b311fdb,node/12609000367,OSM,node/12609000367,restroom_acquisition,8th Yoga Shala & Wellness Hub,9.3226583,123.2956293,,unknown,unknown,Unknown,Unknown,candidate_unverified,"{""Access"":""unknown"",""Acquisition_Date"":""2026-09-01"",""Address"":"""",""Bidet_Presence"":""Unknown"",""Candidate_Priority"":""Medium"",""Candidate_Reason"":""Fitness venue (leisure=fitness_centre)"",""Fee"":""unknown"",""Last_Source_Update"":""2025-02-22T04:59:13Z"",""Latitude"":9.3226583,""Longitude"":123.2956293,""Match_Confidence"":"""",""Match_Reason"":"""",""Name"":""8th Yoga Shala & Wellness Hub"",""Notes"":"""",""OSM_ID"":""12609000367"",""OSM_Type"":""node"",""Parent_Venue"":"""",""Restroom_Presence"":""Unknown"",""Restroom_Verification"":""candidate_unverified"",""Source"":""OSM"",""Source_ID"":""node/12609000367"",""Temporary_Record_ID"":""osm_node_12609000367"",""Venue_Category"":""fitness""}"
buttler_loc_c565bc14a8703a2c2e4e,node/12612178626,OSM,node/12612178626,restroom_acquisition,Mr. Sizzlers,9.3224787,123.3120586,,unknown,unknown,Unknown,Unknown,candidate_unverified,"{""Access"":""unknown"",""Acquisition_Date"":""2026-09-01"",""Address"":"""",""Bidet_Presence"":""Unknown"",""Candidate_Priority"":""High"",""Candidate_Reason"":""Restaurant or fast-food venue (amenity=restaurant)"",""Fee"":""unknown"",""Last_Source_Update"":""2025-03-09T03:59:56Z"",""Latitude"":9.3224787,""Longitude"":123.3120586,""Match_Confidence"":"""",""Match_Reason"":"""",""Name"":""Mr. Sizzlers"",""Notes"":"""",""OSM_ID"":""12612178626"",""OSM_Type"":""node"",""Parent_Venue"":"""",""Restroom_Presence"":""Unknown"",""Restroom_Verification"":""candidate_unverified"",""Source"":""OSM"",""Source_ID"":""node/12612178626"",""Temporary_Record_ID"":""osm_node_12612178626"",""Venue_Category"":""food_major""}"
buttler_loc_ffb760a06b60246ee2d0,node/12612220047,OSM,node/12612220047,restroom_acquisition,Waffle Time,9.3229245,123.3118567,,unknown,unknown,Unknown,Unknown,candidate_unverified,"{""Access"":""unknown"",""Acquisition_Date"":""2026-09-01"",""Address"":"""",""Bidet_Presence"":""Unknown"",""Candidate_Priority"":""High"",""Candidate_Reason"":""Restaurant or fast-food venue (amenity=fast_food)"",""Fee"":""unknown"",""Last_Source_Update"":""2025-03-09T04:06:41Z"",""Latitude"":9.3229245,""Longitude"":123.3118567,""Match_Confidence"":"""",""Match_Reason"":"""",""Name"":""Waffle Time"",""Notes"":"""",""OSM_ID"":""12612220047"",""OSM_Type"":""node"",""Parent_Venue"":"""",""Restroom_Presence"":""Unknown"",""Restroom_Verification"":""candidate_unverified"",""Source"":""OSM"",""Source_ID"":""node/12612220047"",""Temporary_Record_ID"":""osm_node_12612220047"",""Venue_Category"":""food_major""}"
buttler_loc_22af61b794ae44eea1ac,node/12612235153,OSM,node/12612235153,restroom_acquisition,de Original Jamaican Pattie Shop,9.323102,123.3118912,,unknown,unknown,Unknown,Unknown,candidate_unverified,"{""Access"":""unknown"",""Acquisition_Date"":""2026-09-01"",""Address"":"""",""Bidet_Presence"":""Unknown"",""Candidate_Priority"":""High"",""Candidate_Reason"":""Restaurant or fast-food venue (amenity=fast_food)"",""Fee"":""unknown"",""Last_Source_Update"":""2025-03-09T04:12:48Z"",""Latitude"":9.323102,""Longitude"":123.3118912,""Match_Confidence"":"""",""Match_Reason"":"""",""Name"":""de Original Jamaican Pattie Shop"",""Notes"":"""",""OSM_ID"":""12612235153"",""OSM_Type"":""node"",""Parent_Venue"":"""",""Restroom_Presence"":""Unknown"",""Restroom_Verification"":""candidate_unverified"",""Source"":""OSM"",""Source_ID"":""node/12612235153"",""Temporary_Record_ID"":""osm_node_12612235153"",""Venue_Category"":""food_major""}"
buttler_loc_9e63270df73b67a40458,node/12612235953,OSM,node/12612235953,restroom_acquisition,Breadworth Bakery Cafe,9.3230401,123.3117443,,unknown,unknown,Unknown,Unknown,candidate_unverified,"{""Access"":""unknown"",""Acquisition_Date"":""2026-09-01"",""Address"":"""",""Bidet_Presence"":""Unknown"",""Candidate_Priority"":""Medium"",""Candidate_Reason"":""Food/drink venue; restroom uncertain (amenity=cafe)"",""Fee"":""unknown"",""Last_Source_Update"":""2025-03-09T04:08:55Z"",""Latitude"":9.3230401,""Longitude"":123.3117443,""Match_Confidence"":"""",""Match_Reason"":"""",""Name"":""Breadworth Bakery Cafe"",""Notes"":"""",""OSM_ID"":""12612235953"",""OSM_Type"":""node"",""Parent_Venue"":"""",""Restroom_Presence"":""Unknown"",""Restroom_Verification"":""candidate_unverified"",""Source"":""OSM"",""Source_ID"":""node/12612235953"",""Temporary_Record_ID"":""osm_node_12612235953"",""Venue_Category"":""food_drink""}"
buttler_loc_8f6d9c4a81c633a346ce,node/12612235954,OSM,node/12612235954,restroom_acquisition,Gong Cha,9.3230521,123.3119207,,unknown,unknown,Unknown,Unknown,candidate_unverified,"{""Access"":""unknown"",""Acquisition_Date"":""2026-09-01"",""Address"":"""",""Bidet_Presence"":""Unknown"",""Candidate_Priority"":""Medium"",""Candidate_Reason"":""Food/drink venue; restroom uncertain (amenity=cafe)"",""Fee"":""unknown"",""Last_Source_Update"":""2025-12-31T04:01:22Z"",""Latitude"":9.3230521,""Longitude"":123.3119207,""Match_Confidence"":"""",""Match_Reason"":"""",""Name"":""Gong Cha"",""Notes"":"""",""OSM_ID"":""12612235954"",""OSM_Type"":""node"",""Parent_Venue"":"""",""Restroom_Presence"":""Unknown"",""Restroom_Verification"":""candidate_unverified"",""Source"":""OSM"",""Source_ID"":""node/12612235954"",""Temporary_Record_ID"":""osm_node_12612235954"",""Venue_Category"":""food_drink""}"
buttler_loc_72ecd91d1288d9c87bcf,node/12612235963,OSM,node/12612235963,restroom_acquisition,Kettle Korn,9.3227995,123.3119053,,unknown,unknown,Unknown,Unknown,candidate_unverified,"{""Access"":""unknown"",""Acquisition_Date"":""2026-09-01"",""Address"":"""",""Bidet_Presence"":""Unknown"",""Candidate_Priority"":""High"",""Candidate_Reason"":""Restaurant or fast-food venue (amenity=fast_food)"",""Fee"":""unknown"",""Last_Source_Update"":""2025-03-09T04:01:46Z"",""Latitude"":9.3227995,""Longitude"":123.3119053,""Match_Confidence"":"""",""Match_Reason"":"""",""Name"":""Kettle Korn"",""Notes"":"""",""OSM_ID"":""12612235963"",""OSM_Type"":""node"",""Parent_Venue"":"""",""Restroom_Presence"":""Unknown"",""Restroom_Verification"":""candidate_unverified"",""Source"":""OSM"",""Source_ID"":""node/12612235963"",""Temporary_Record_ID"":""osm_node_12612235963"",""Venue_Category"":""food_major""}"
buttler_loc_497f9153d3a49a5cb6f8,node/12612237340,OSM,node/12612237340,restroom_acquisition,Potato Corner,9.3228825,123.3118704,,unknown,unknown,Unknown,Unknown,candidate_unverified,"{""Access"":""unknown"",""Acquisition_Date"":""2026-09-01"",""Address"":"""",""Bidet_Presence"":""Unknown"",""Candidate_Priority"":""High"",""Candidate_Reason"":""Restaurant or fast-food venue (amenity=fast_food)"",""Fee"":""unknown"",""Last_Source_Update"":""2025-03-09T04:03:32Z"",""Latitude"":9.3228825,""Longitude"":123.3118704,""Match_Confidence"":"""",""Match_Reason"":"""",""Name"":""Potato Corner"",""Notes"":"""",""OSM_ID"":""12612237340"",""OSM_Type"":""node"",""Parent_Venue"":"""",""Restroom_Presence"":""Unknown"",""Restroom_Verification"":""candidate_unverified"",""Source"":""OSM"",""Source_ID"":""node/12612237340"",""Temporary_Record_ID"":""osm_node_12612237340"",""Venue_Category"":""food_major""}"
buttler_loc_d17837ace13466627e60,node/12612246703,OSM,node/12612246703,restroom_acquisition,Japa Bites,9.322542,123.3119391,,unknown,unknown,Unknown,Unknown,candidate_unverified,"{""Access"":""unknown"",""Acquisition_Date"":""2026-09-01"",""Address"":"""",""Bidet_Presence"":""Unknown"",""Candidate_Priority"":""High"",""Candidate_Reason"":""Restaurant or fast-food venue (amenity=fast_food)"",""Fee"":""unknown"",""Last_Source_Update"":""2025-03-09T03:58:09Z"",""Latitude"":9.322542,""Longitude"":123.3119391,""Match_Confidence"":"""",""Match_Reason"":"""",""Name"":""Japa Bites"",""Notes"":"""",""OSM_ID"":""12612246703"",""OSM_Type"":""node"",""Parent_Venue"":"""",""Restroom_Presence"":""Unknown"",""Restroom_Verification"":""candidate_unverified"",""Source"":""OSM"",""Source_ID"":""node/12612246703"",""Temporary_Record_ID"":""osm_node_12612246703"",""Venue_Category"":""food_major""}"
buttler_loc_39a4097784cea5d0c84a,node/12612257670,OSM,node/12612257670,restroom_acquisition,Tender Juicy,9.3232091,123.2976765,,unknown,unknown,Unknown,Unknown,candidate_unverified,"{""Access"":""unknown"",""Acquisition_Date"":""2026-09-01"",""Address"":"""",""Bidet_Presence"":""Unknown"",""Candidate_Priority"":""High"",""Candidate_Reason"":""Restaurant or fast-food venue (amenity=fast_food)"",""Fee"":""unknown"",""Last_Source_Update"":""2025-03-06T06:34:35Z"",""Latitude"":9.3232091,""Longitude"":123.2976765,""Match_Confidence"":"""",""Match_Reason"":"""",""Name"":""Tender Juicy"",""Notes"":"""",""OSM_ID"":""12612257670"",""OSM_Type"":""node"",""Parent_Venue"":""CityMall Dumaguete"",""Restroom_Presence"":""Unknown"",""Restroom_Verification"":""candidate_unverified"",""Source"":""OSM"",""Source_ID"":""node/12612257670"",""Temporary_Record_ID"":""osm_node_12612257670"",""Venue_Category"":""food_major""}"
buttler_loc_93f7e7f51b862cfc919e,node/12612258907,OSM,node/12612258907,restroom_acquisition,Waffle Time,9.3234049,123.2976242,,unknown,unknown,Unknown,Unknown,candidate_unverified,"{""Access"":""unknown"",""Acquisition_Date"":""2026-09-01"",""Address"":"""",""Bidet_Presence"":""Unknown"",""Candidate_Priority"":""High"",""Candidate_Reason"":""Restaurant or fast-food venue (amenity=fast_food)"",""Fee"":""unknown"",""Last_Source_Update"":""2025-03-06T06:34:32Z"",""Latitude"":9.3234049,""Longitude"":123.2976242,""Match_Confidence"":"""",""Match_Reason"":"""",""Name"":""Waffle Time"",""Notes"":"""",""OSM_ID"":""12612258907"",""OSM_Type"":""node"",""Parent_Venue"":""CityMall Dumaguete"",""Restroom_Presence"":""Unknown"",""Restroom_Verification"":""candidate_unverified"",""Source"":""OSM"",""Source_ID"":""node/12612258907"",""Temporary_Record_ID"":""osm_node_12612258907"",""Venue_Category"":""food_major""}"
buttler_loc_d8f30adf5effac097175,node/12612377361,OSM,node/12612377361,restroom_acquisition,Leah T's Store,9.3208251,123.2949734,,unknown,unknown,Unknown,Unknown,candidate_unverified,"{""Access"":""unknown"",""Acquisition_Date"":""2026-09-01"",""Address"":"""",""Bidet_Presence"":""Unknown"",""Candidate_Priority"":""Medium"",""Candidate_Reason"":""Convenience store; restroom uncertain (shop=convenience)"",""Fee"":""unknown"",""Last_Source_Update"":""2025-02-27T03:01:01Z"",""Latitude"":9.3208251,""Longitude"":123.2949734,""Match_Confidence"":"""",""Match_Reason"":"""",""Name"":""Leah T's Store"",""Notes"":"""",""OSM_ID"":""12612377361"",""OSM_Type"":""node"",""Parent_Venue"":"""",""Restroom_Presence"":""Unknown"",""Restroom_Verification"":""candidate_unverified"",""Source"":""OSM"",""Source_ID"":""node/12612377361"",""Temporary_Record_ID"":""osm_node_12612377361"",""Venue_Category"":""convenience""}"
buttler_loc_f94fb1f26cfca35f4b2b,node/12612391038,OSM,node/12612391038,restroom_acquisition,Merlinda's Tocinohan,9.3206549,123.2952749,,unknown,unknown,Unknown,Unknown,candidate_unverified,"{""Access"":""unknown"",""Acquisition_Date"":""2026-09-01"",""Address"":"""",""Bidet_Presence"":""Unknown"",""Candidate_Priority"":""High"",""Candidate_Reason"":""Restaurant or fast-food venue (amenity=fast_food)"",""Fee"":""unknown"",""Last_Source_Update"":""2025-03-06T06:33:22Z"",""Latitude"":9.3206549,""Longitude"":123.2952749,""Match_Confidence"":"""",""Match_Reason"":"""",""Name"":""Merlinda's Tocinohan"",""Notes"":"""",""OSM_ID"":""12612391038"",""OSM_Type"":""node"",""Parent_Venue"":"""",""Restroom_Presence"":""Unknown"",""Restroom_Verification"":""candidate_unverified"",""Source"":""OSM"",""Source_ID"":""node/12612391038"",""Temporary_Record_ID"":""osm_node_12612391038"",""Venue_Category"":""food_major""}"
buttler_loc_27f48dd43b677be19c03,node/12612415915,OSM,node/12612415915,restroom_acquisition,Brewthers,9.3198486,123.2951387,,unknown,unknown,Unknown,Unknown,candidate_unverified,"{""Access"":""unknown"",""Acquisition_Date"":""2026-09-01"",""Address"":"""",""Bidet_Presence"":""Unknown"",""Candidate_Priority"":""Medium"",""Candidate_Reason"":""Food/drink venue; restroom uncertain (amenity=cafe)"",""Fee"":""unknown"",""Last_Source_Update"":""2025-03-06T06:33:25Z"",""Latitude"":9.3198486,""Longitude"":123.2951387,""Match_Confidence"":"""",""Match_Reason"":"""",""Name"":""Brewthers"",""Notes"":"""",""OSM_ID"":""12612415915"",""OSM_Type"":""node"",""Parent_Venue"":"""",""Restroom_Presence"":""Unknown"",""Restroom_Verification"":""candidate_unverified"",""Source"":""OSM"",""Source_ID"":""node/12612415915"",""Temporary_Record_ID"":""osm_node_12612415915"",""Venue_Category"":""food_drink""}"
buttler_loc_18e882055c270cf9a88e,node/12612417459,OSM,node/12612417459,restroom_acquisition,Taste Buds Snack Stop,9.3212091,123.2954628,,unknown,unknown,Unknown,Unknown,candidate_unverified,"{""Access"":""unknown"",""Acquisition_Date"":""2026-09-01"",""Address"":"""",""Bidet_Presence"":""Unknown"",""Candidate_Priority"":""High"",""Candidate_Reason"":""Restaurant or fast-food venue (amenity=fast_food)"",""Fee"":""unknown"",""Last_Source_Update"":""2025-03-06T06:33:16Z"",""Latitude"":9.3212091,""Longitude"":123.2954628,""Match_Confidence"":"""",""Match_Reason"":"""",""Name"":""Taste Buds Snack Stop"",""Notes"":"""",""OSM_ID"":""12612417459"",""OSM_Type"":""node"",""Parent_Venue"":"""",""Restroom_Presence"":""Unknown"",""Restroom_Verification"":""candidate_unverified"",""Source"":""OSM"",""Source_ID"":""node/12612417459"",""Temporary_Record_ID"":""osm_node_12612417459"",""Venue_Category"":""food_major""}"
buttler_loc_8a5369dbb800787bf503,node/12614235755,OSM,node/12614235755,restroom_acquisition,Overdose,9.3099501,123.3049349,Silliman Avenue,unknown,unknown,Unknown,Unknown,candidate_unverified,"{""Access"":""unknown"",""Acquisition_Date"":""2026-09-01"",""Address"":""Silliman Avenue"",""Bidet_Presence"":""Unknown"",""Candidate_Priority"":""Medium"",""Candidate_Reason"":""Food/drink venue; restroom uncertain (amenity=cafe)"",""Fee"":""unknown"",""Last_Source_Update"":""2025-02-24T00:09:25Z"",""Latitude"":9.3099501,""Longitude"":123.3049349,""Match_Confidence"":"""",""Match_Reason"":"""",""Name"":""Overdose"",""Notes"":"""",""OSM_ID"":""12614235755"",""OSM_Type"":""node"",""Parent_Venue"":"""",""Restroom_Presence"":""Unknown"",""Restroom_Verification"":""candidate_unverified"",""Source"":""OSM"",""Source_ID"":""node/12614235755"",""Temporary_Record_ID"":""osm_node_12614235755"",""Venue_Category"":""food_drink""}"
buttler_loc_4981b19e71c5ac1be20f,node/12624732235,OSM,node/12624732235,restroom_acquisition,Unnamed venue,9.320526,123.2959262,,unknown,unknown,Unknown,Unknown,candidate_unverified,"{""Access"":""unknown"",""Acquisition_Date"":""2026-09-01"",""Address"":"""",""Bidet_Presence"":""Unknown"",""Candidate_Priority"":""Medium"",""Candidate_Reason"":""Convenience store; restroom uncertain (shop=convenience)"",""Fee"":""unknown"",""Last_Source_Update"":""2025-03-02T16:14:06Z"",""Latitude"":9.320526,""Longitude"":123.2959262,""Match_Confidence"":"""",""Match_Reason"":"""",""Name"":""Unnamed venue"",""Notes"":"""",""OSM_ID"":""12624732235"",""OSM_Type"":""node"",""Parent_Venue"":"""",""Restroom_Presence"":""Unknown"",""Restroom_Verification"":""candidate_unverified"",""Source"":""OSM"",""Source_ID"":""node/12624732235"",""Temporary_Record_ID"":""osm_node_12624732235"",""Venue_Category"":""convenience""}"
buttler_loc_5afb7c678fcd8cf2ab57,node/12625238599,OSM,node/12625238599,restroom_acquisition,Unnamed venue,9.3224739,123.2957649,,unknown,unknown,Unknown,Unknown,candidate_unverified,"{""Access"":""unknown"",""Acquisition_Date"":""2026-09-01"",""Address"":"""",""Bidet_Presence"":""Unknown"",""Candidate_Priority"":""Medium"",""Candidate_Reason"":""Convenience store; restroom uncertain (shop=convenience)"",""Fee"":""unknown"",""Last_Source_Update"":""2025-03-02T16:12:04Z"",""Latitude"":9.3224739,""Longitude"":123.2957649,""Match_Confidence"":"""",""Match_Reason"":"""",""Name"":""Unnamed venue"",""Notes"":"""",""OSM_ID"":""12625238599"",""OSM_Type"":""node"",""Parent_Venue"":"""",""Restroom_Presence"":""Unknown"",""Restroom_Verification"":""candidate_unverified"",""Source"":""OSM"",""Source_ID"":""node/12625238599"",""Temporary_Record_ID"":""osm_node_12625238599"",""Venue_Category"":""convenience""}"
buttler_loc_9ed9b86e8256837fbbea,node/12625279113,OSM,node/12625279113,restroom_acquisition,Unnamed public toilet,9.3223092,123.2960591,,unknown,no,Yes,Unknown,osm_explicit,"{""Access"":""unknown"",""Acquisition_Date"":""2026-09-01"",""Address"":"""",""Bidet_Presence"":""Unknown"",""Candidate_Priority"":"""",""Candidate_Reason"":""amenity=toilets"",""Fee"":""no"",""Last_Source_Update"":""2025-02-28T09:28:11Z"",""Latitude"":9.3223092,""Longitude"":123.2960591,""Match_Confidence"":"""",""Match_Reason"":"""",""Name"":""Unnamed public toilet"",""Notes"":"""",""OSM_ID"":""12625279113"",""OSM_Type"":""node"",""Parent_Venue"":"""",""Restroom_Presence"":""Yes"",""Restroom_Verification"":""osm_explicit"",""Source"":""OSM"",""Source_ID"":""node/12625279113"",""Temporary_Record_ID"":""osm_node_12625279113"",""Venue_Category"":""standalone_toilet""}"
buttler_loc_2c298a576fa7a6bf805c,node/12627992130,OSM,node/12627992130,restroom_acquisition,Janice Store,9.3236599,123.2932538,First Street,unknown,unknown,Unknown,Unknown,candidate_unverified,"{""Access"":""unknown"",""Acquisition_Date"":""2026-09-01"",""Address"":""First Street"",""Bidet_Presence"":""Unknown"",""Candidate_Priority"":""Medium"",""Candidate_Reason"":""Convenience store; restroom uncertain (shop=convenience)"",""Fee"":""unknown"",""Last_Source_Update"":""2025-06-29T01:30:56Z"",""Latitude"":9.3236599,""Longitude"":123.2932538,""Match_Confidence"":"""",""Match_Reason"":"""",""Name"":""Janice Store"",""Notes"":"""",""OSM_ID"":""12627992130"",""OSM_Type"":""node"",""Parent_Venue"":"""",""Restroom_Presence"":""Unknown"",""Restroom_Verification"":""candidate_unverified"",""Source"":""OSM"",""Source_ID"":""node/12627992130"",""Temporary_Record_ID"":""osm_node_12627992130"",""Venue_Category"":""convenience""}"
buttler_loc_6f94958fcd0760859fc6,node/12628025862,OSM,node/12628025862,restroom_acquisition,Unnamed public toilet,9.3217884,123.2935376,,unknown,no,Yes,Unknown,osm_explicit,"{""Access"":""unknown"",""Acquisition_Date"":""2026-09-01"",""Address"":"""",""Bidet_Presence"":""Unknown"",""Candidate_Priority"":"""",""Candidate_Reason"":""amenity=toilets"",""Fee"":""no"",""Last_Source_Update"":""2025-03-02T16:15:25Z"",""Latitude"":9.3217884,""Longitude"":123.2935376,""Match_Confidence"":"""",""Match_Reason"":"""",""Name"":""Unnamed public toilet"",""Notes"":"""",""OSM_ID"":""12628025862"",""OSM_Type"":""node"",""Parent_Venue"":"""",""Restroom_Presence"":""Yes"",""Restroom_Verification"":""osm_explicit"",""Source"":""OSM"",""Source_ID"":""node/12628025862"",""Temporary_Record_ID"":""osm_node_12628025862"",""Venue_Category"":""standalone_toilet""}"
buttler_loc_82d898b075286140c12e,node/12628028836,OSM,node/12628028836,restroom_acquisition,Unnamed venue,9.3218775,123.2935176,,unknown,unknown,Unknown,Unknown,candidate_unverified,"{""Access"":""unknown"",""Acquisition_Date"":""2026-09-01"",""Address"":"""",""Bidet_Presence"":""Unknown"",""Candidate_Priority"":""Medium"",""Candidate_Reason"":""Convenience store; restroom uncertain (shop=convenience)"",""Fee"":""unknown"",""Last_Source_Update"":""2025-03-02T16:16:01Z"",""Latitude"":9.3218775,""Longitude"":123.2935176,""Match_Confidence"":"""",""Match_Reason"":"""",""Name"":""Unnamed venue"",""Notes"":"""",""OSM_ID"":""12628028836"",""OSM_Type"":""node"",""Parent_Venue"":"""",""Restroom_Presence"":""Unknown"",""Restroom_Verification"":""candidate_unverified"",""Source"":""OSM"",""Source_ID"":""node/12628028836"",""Temporary_Record_ID"":""osm_node_12628028836"",""Venue_Category"":""convenience""}"
buttler_loc_f5cf71430cf1f86680fa,node/12629886907,OSM,node/12629886907,restroom_acquisition,Unnamed venue,9.3236523,123.2929625,"Saint Raymund Street, Dumaguete",unknown,unknown,Unknown,Unknown,candidate_unverified,"{""Access"":""unknown"",""Acquisition_Date"":""2026-09-01"",""Address"":""Saint Raymund Street, Dumaguete"",""Bidet_Presence"":""Unknown"",""Candidate_Priority"":""Medium"",""Candidate_Reason"":""Convenience store; restroom uncertain (shop=convenience)"",""Fee"":""unknown"",""Last_Source_Update"":""2025-03-02T16:16:56Z"",""Latitude"":9.3236523,""Longitude"":123.2929625,""Match_Confidence"":"""",""Match_Reason"":"""",""Name"":""Unnamed venue"",""Notes"":"""",""OSM_ID"":""12629886907"",""OSM_Type"":""node"",""Parent_Venue"":"""",""Restroom_Presence"":""Unknown"",""Restroom_Verification"":""candidate_unverified"",""Source"":""OSM"",""Source_ID"":""node/12629886907"",""Temporary_Record_ID"":""osm_node_12629886907"",""Venue_Category"":""convenience""}"
buttler_loc_e07ca7ac2d50af0a11e4,node/12630030615,OSM,node/12630030615,restroom_acquisition,Jay Lovely Eatery,9.3200214,123.296022,"E. J. Blanco Extension, Dumaguete",unknown,unknown,Unknown,Unknown,candidate_unverified,"{""Access"":""unknown"",""Acquisition_Date"":""2026-09-01"",""Address"":""E. J. Blanco Extension, Dumaguete"",""Bidet_Presence"":""Unknown"",""Candidate_Priority"":""High"",""Candidate_Reason"":""Restaurant or fast-food venue (amenity=fast_food)"",""Fee"":""unknown"",""Last_Source_Update"":""2025-03-06T06:33:45Z"",""Latitude"":9.3200214,""Longitude"":123.296022,""Match_Confidence"":""high"",""Match_Reason"":""Near-identical normalized name (100.0%) and 2.3m separation; merged way/1363992128"",""Name"":""Jay Lovely Eatery"",""Notes"":"""",""OSM_ID"":""12630030615"",""OSM_Type"":""node"",""Parent_Venue"":"""",""Restroom_Presence"":""Unknown"",""Restroom_Verification"":""candidate_unverified"",""Source"":""OSM"",""Source_ID"":""node/12630030615"",""Temporary_Record_ID"":""osm_node_12630030615"",""Venue_Category"":""food_major""}"
buttler_loc_64f7a3bdc0c3ded24d94,node/12630030616,OSM,node/12630030616,restroom_acquisition,Jannilyn Villanueva,9.3200169,123.296196,"E. J. Blanco Extension, Dumaguete",unknown,unknown,Unknown,Unknown,candidate_unverified,"{""Access"":""unknown"",""Acquisition_Date"":""2026-09-01"",""Address"":""E. J. Blanco Extension, Dumaguete"",""Bidet_Presence"":""Unknown"",""Candidate_Priority"":""Medium"",""Candidate_Reason"":""Convenience store; restroom uncertain (shop=convenience)"",""Fee"":""unknown"",""Last_Source_Update"":""2025-03-02T16:19:59Z"",""Latitude"":9.3200169,""Longitude"":123.296196,""Match_Confidence"":"""",""Match_Reason"":"""",""Name"":""Jannilyn Villanueva"",""Notes"":"""",""OSM_ID"":""12630030616"",""OSM_Type"":""node"",""Parent_Venue"":"""",""Restroom_Presence"":""Unknown"",""Restroom_Verification"":""candidate_unverified"",""Source"":""OSM"",""Source_ID"":""node/12630030616"",""Temporary_Record_ID"":""osm_node_12630030616"",""Venue_Category"":""convenience""}"
buttler_loc_7a8c409790bdd2787dfa,node/12630030629,OSM,node/12630030629,restroom_acquisition,Regudo Sari Sari Store,9.3199601,123.2959245,"E. J. Blanco Extension, Dumaguete",unknown,unknown,Unknown,Unknown,candidate_unverified,"{""Access"":""unknown"",""Acquisition_Date"":""2026-09-01"",""Address"":""E. J. Blanco Extension, Dumaguete"",""Bidet_Presence"":""Unknown"",""Candidate_Priority"":""Medium"",""Candidate_Reason"":""Convenience store; restroom uncertain (shop=convenience)"",""Fee"":""unknown"",""Last_Source_Update"":""2025-03-02T16:18:36Z"",""Latitude"":9.3199601,""Longitude"":123.2959245,""Match_Confidence"":"""",""Match_Reason"":"""",""Name"":""Regudo Sari Sari Store"",""Notes"":"""",""OSM_ID"":""12630030629"",""OSM_Type"":""node"",""Parent_Venue"":"""",""Restroom_Presence"":""Unknown"",""Restroom_Verification"":""candidate_unverified"",""Source"":""OSM"",""Source_ID"":""node/12630030629"",""Temporary_Record_ID"":""osm_node_12630030629"",""Venue_Category"":""convenience""}"
buttler_loc_d33c5e7ec4a5a20b6273,node/12630030639,OSM,node/12630030639,restroom_acquisition,Atirolf's Store,9.3199301,123.2957478,"E. J. Blanco Extension, Dumaguete",unknown,unknown,Unknown,Unknown,candidate_unverified,"{""Access"":""unknown"",""Acquisition_Date"":""2026-09-01"",""Address"":""E. J. Blanco Extension, Dumaguete"",""Bidet_Presence"":""Unknown"",""Candidate_Priority"":""Medium"",""Candidate_Reason"":""Convenience store; restroom uncertain (shop=convenience)"",""Fee"":""unknown"",""Last_Source_Update"":""2025-03-02T16:18:32Z"",""Latitude"":9.3199301,""Longitude"":123.2957478,""Match_Confidence"":"""",""Match_Reason"":"""",""Name"":""Atirolf's Store"",""Notes"":"""",""OSM_ID"":""12630030639"",""OSM_Type"":""node"",""Parent_Venue"":"""",""Restroom_Presence"":""Unknown"",""Restroom_Verification"":""candidate_unverified"",""Source"":""OSM"",""Source_ID"":""node/12630030639"",""Temporary_Record_ID"":""osm_node_12630030639"",""Venue_Category"":""convenience""}"
buttler_loc_db0ee0df69e0c790bc0f,node/12637821915,OSM,node/12637821915,restroom_acquisition,Unnamed public toilet,9.3189518,123.3002593,,customers,unknown,Yes,Unknown,osm_explicit,"{""Access"":""customers"",""Acquisition_Date"":""2026-09-01"",""Address"":"""",""Bidet_Presence"":""Unknown"",""Candidate_Priority"":"""",""Candidate_Reason"":""amenity=toilets"",""Fee"":""unknown"",""Last_Source_Update"":""2025-03-05T03:30:13Z"",""Latitude"":9.3189518,""Longitude"":123.3002593,""Match_Confidence"":"""",""Match_Reason"":"""",""Name"":""Unnamed public toilet"",""Notes"":"""",""OSM_ID"":""12637821915"",""OSM_Type"":""node"",""Parent_Venue"":"""",""Restroom_Presence"":""Yes"",""Restroom_Verification"":""osm_explicit"",""Source"":""OSM"",""Source_ID"":""node/12637821915"",""Temporary_Record_ID"":""osm_node_12637821915"",""Venue_Category"":""standalone_toilet""}"
buttler_loc_78ac8abdc209df17592f,node/12638147635,OSM,node/12638147635,restroom_acquisition,Squeeze It,9.3234865,123.2976003,,unknown,unknown,Unknown,Unknown,candidate_unverified,"{""Access"":""unknown"",""Acquisition_Date"":""2026-09-01"",""Address"":"""",""Bidet_Presence"":""Unknown"",""Candidate_Priority"":""High"",""Candidate_Reason"":""Restaurant or fast-food venue (amenity=fast_food)"",""Fee"":""unknown"",""Last_Source_Update"":""2025-03-06T01:18:36Z"",""Latitude"":9.3234865,""Longitude"":123.2976003,""Match_Confidence"":"""",""Match_Reason"":"""",""Name"":""Squeeze It"",""Notes"":"""",""OSM_ID"":""12638147635"",""OSM_Type"":""node"",""Parent_Venue"":"""",""Restroom_Presence"":""Unknown"",""Restroom_Verification"":""candidate_unverified"",""Source"":""OSM"",""Source_ID"":""node/12638147635"",""Temporary_Record_ID"":""osm_node_12638147635"",""Venue_Category"":""food_major""}"
buttler_loc_26861bbc0da9963baeb3,node/12638157591,OSM,node/12638157591,restroom_acquisition,Master Siomai,9.3234496,123.2976102,,unknown,unknown,Unknown,Unknown,candidate_unverified,"{""Access"":""unknown"",""Acquisition_Date"":""2026-09-01"",""Address"":"""",""Bidet_Presence"":""Unknown"",""Candidate_Priority"":""High"",""Candidate_Reason"":""Restaurant or fast-food venue (amenity=fast_food)"",""Fee"":""unknown"",""Last_Source_Update"":""2025-03-06T01:18:36Z"",""Latitude"":9.3234496,""Longitude"":123.2976102,""Match_Confidence"":"""",""Match_Reason"":"""",""Name"":""Master Siomai"",""Notes"":"""",""OSM_ID"":""12638157591"",""OSM_Type"":""node"",""Parent_Venue"":"""",""Restroom_Presence"":""Unknown"",""Restroom_Verification"":""candidate_unverified"",""Source"":""OSM"",""Source_ID"":""node/12638157591"",""Temporary_Record_ID"":""osm_node_12638157591"",""Venue_Category"":""food_major""}"
buttler_loc_ed82f6bf430ec8ab93bf,node/12638162745,OSM,node/12638162745,restroom_acquisition,Xoxo Milk Tea House,9.3233705,123.2977017,,unknown,unknown,Unknown,Unknown,candidate_unverified,"{""Access"":""unknown"",""Acquisition_Date"":""2026-09-01"",""Address"":"""",""Bidet_Presence"":""Unknown"",""Candidate_Priority"":""Medium"",""Candidate_Reason"":""Food/drink venue; restroom uncertain (amenity=cafe)"",""Fee"":""unknown"",""Last_Source_Update"":""2025-03-06T01:18:36Z"",""Latitude"":9.3233705,""Longitude"":123.2977017,""Match_Confidence"":"""",""Match_Reason"":"""",""Name"":""Xoxo Milk Tea House"",""Notes"":"""",""OSM_ID"":""12638162745"",""OSM_Type"":""node"",""Parent_Venue"":""CityMall Dumaguete"",""Restroom_Presence"":""Unknown"",""Restroom_Verification"":""candidate_unverified"",""Source"":""OSM"",""Source_ID"":""node/12638162745"",""Temporary_Record_ID"":""osm_node_12638162745"",""Venue_Category"":""food_drink""}"
buttler_loc_a337fc2f0e87dfde0d4f,node/12638164347,OSM,node/12638164347,restroom_acquisition,Teves Salutan iCare Dental Clinic,9.3232418,123.297858,,unknown,unknown,Unknown,Unknown,candidate_unverified,"{""Access"":""unknown"",""Acquisition_Date"":""2026-09-01"",""Address"":"""",""Bidet_Presence"":""Unknown"",""Candidate_Priority"":""Medium"",""Candidate_Reason"":""Clinic; customer restroom plausible (amenity=dentist)"",""Fee"":""unknown"",""Last_Source_Update"":""2025-03-06T01:18:36Z"",""Latitude"":9.3232418,""Longitude"":123.297858,""Match_Confidence"":"""",""Match_Reason"":"""",""Name"":""Teves Salutan iCare Dental Clinic"",""Notes"":"""",""OSM_ID"":""12638164347"",""OSM_Type"":""node"",""Parent_Venue"":"""",""Restroom_Presence"":""Unknown"",""Restroom_Verification"":""candidate_unverified"",""Source"":""OSM"",""Source_ID"":""node/12638164347"",""Temporary_Record_ID"":""osm_node_12638164347"",""Venue_Category"":""clinic""}"
buttler_loc_76f9dfed6543559db96b,node/12644596921,OSM,node/12644596921,restroom_acquisition,Kusina ni Luchi,9.3088872,123.3023063,San Jose Extension,unknown,unknown,Unknown,Unknown,candidate_unverified,"{""Access"":""unknown"",""Acquisition_Date"":""2026-09-01"",""Address"":""San Jose Extension"",""Bidet_Presence"":""Unknown"",""Candidate_Priority"":""High"",""Candidate_Reason"":""Restaurant or fast-food venue (amenity=restaurant)"",""Fee"":""unknown"",""Last_Source_Update"":""2025-03-13T05:53:54Z"",""Latitude"":9.3088872,""Longitude"":123.3023063,""Match_Confidence"":"""",""Match_Reason"":"""",""Name"":""Kusina ni Luchi"",""Notes"":"""",""OSM_ID"":""12644596921"",""OSM_Type"":""node"",""Parent_Venue"":"""",""Restroom_Presence"":""Unknown"",""Restroom_Verification"":""candidate_unverified"",""Source"":""OSM"",""Source_ID"":""node/12644596921"",""Temporary_Record_ID"":""osm_node_12644596921"",""Venue_Category"":""food_major""}"
buttler_loc_d55816763dcd2630c6d5,node/12644685428,OSM,node/12644685428,restroom_acquisition,M & J Lugawan,9.3117795,123.2989372,,unknown,unknown,Unknown,Unknown,candidate_unverified,"{""Access"":""unknown"",""Acquisition_Date"":""2026-09-01"",""Address"":"""",""Bidet_Presence"":""Unknown"",""Candidate_Priority"":""High"",""Candidate_Reason"":""Restaurant or fast-food venue (amenity=restaurant)"",""Fee"":""unknown"",""Last_Source_Update"":""2026-08-31T11:29:40Z"",""Latitude"":9.3117795,""Longitude"":123.2989372,""Match_Confidence"":"""",""Match_Reason"":"""",""Name"":""M & J Lugawan"",""Notes"":"""",""OSM_ID"":""12644685428"",""OSM_Type"":""node"",""Parent_Venue"":"""",""Restroom_Presence"":""Unknown"",""Restroom_Verification"":""candidate_unverified"",""Source"":""OSM"",""Source_ID"":""node/12644685428"",""Temporary_Record_ID"":""osm_node_12644685428"",""Venue_Category"":""food_major""}"
buttler_loc_6fa37619dd70e259b7b9,node/12647248550,OSM,node/12647248550,restroom_acquisition,Pepper Lunch,9.3226286,123.2988305,,unknown,unknown,Unknown,Unknown,candidate_unverified,"{""Access"":""unknown"",""Acquisition_Date"":""2026-09-01"",""Address"":"""",""Bidet_Presence"":""Unknown"",""Candidate_Priority"":""High"",""Candidate_Reason"":""Restaurant or fast-food venue (amenity=fast_food)"",""Fee"":""unknown"",""Last_Source_Update"":""2025-12-31T04:01:22Z"",""Latitude"":9.3226286,""Longitude"":123.2988305,""Match_Confidence"":"""",""Match_Reason"":"""",""Name"":""Pepper Lunch"",""Notes"":"""",""OSM_ID"":""12647248550"",""OSM_Type"":""node"",""Parent_Venue"":"""",""Restroom_Presence"":""Unknown"",""Restroom_Verification"":""candidate_unverified"",""Source"":""OSM"",""Source_ID"":""node/12647248550"",""Temporary_Record_ID"":""osm_node_12647248550"",""Venue_Category"":""food_major""}"
buttler_loc_780e0052ed52c8bbe720,node/12655274587,OSM,node/12655274587,restroom_acquisition,7-Eleven,9.2921614,123.2980076,,unknown,unknown,Unknown,Unknown,candidate_unverified,"{""Access"":""unknown"",""Acquisition_Date"":""2026-09-01"",""Address"":"""",""Bidet_Presence"":""Unknown"",""Candidate_Priority"":""Medium"",""Candidate_Reason"":""Convenience store; restroom uncertain (shop=convenience)"",""Fee"":""unknown"",""Last_Source_Update"":""2025-11-25T16:11:10Z"",""Latitude"":9.2921614,""Longitude"":123.2980076,""Match_Confidence"":"""",""Match_Reason"":"""",""Name"":""7-Eleven"",""Notes"":"""",""OSM_ID"":""12655274587"",""OSM_Type"":""node"",""Parent_Venue"":"""",""Restroom_Presence"":""Unknown"",""Restroom_Verification"":""candidate_unverified"",""Source"":""OSM"",""Source_ID"":""node/12655274587"",""Temporary_Record_ID"":""osm_node_12655274587"",""Venue_Category"":""convenience""}"
buttler_loc_696cd2679eec37bd34f2,node/12658032101,OSM,node/12658032101,restroom_acquisition,Fit4Life,9.3102865,123.3048497,Jose Pro Teves Street,unknown,unknown,Unknown,Unknown,candidate_unverified,"{""Access"":""unknown"",""Acquisition_Date"":""2026-09-01"",""Address"":""Jose Pro Teves Street"",""Bidet_Presence"":""Unknown"",""Candidate_Priority"":""Medium"",""Candidate_Reason"":""Fitness venue (leisure=fitness_centre)"",""Fee"":""unknown"",""Last_Source_Update"":""2025-03-13T07:33:08Z"",""Latitude"":9.3102865,""Longitude"":123.3048497,""Match_Confidence"":"""",""Match_Reason"":"""",""Name"":""Fit4Life"",""Notes"":"""",""OSM_ID"":""12658032101"",""OSM_Type"":""node"",""Parent_Venue"":"""",""Restroom_Presence"":""Unknown"",""Restroom_Verification"":""candidate_unverified"",""Source"":""OSM"",""Source_ID"":""node/12658032101"",""Temporary_Record_ID"":""osm_node_12658032101"",""Venue_Category"":""fitness""}"
buttler_loc_05fdd39f17ad212b36e9,node/12677967371,OSM,node/12677967371,restroom_acquisition,Unnamed public toilet,9.3118825,123.3050554,,unknown,no,Yes,Yes,osm_explicit,"{""Access"":""unknown"",""Acquisition_Date"":""2026-09-01"",""Address"":"""",""Bidet_Presence"":""Yes"",""Candidate_Priority"":"""",""Candidate_Reason"":""amenity=toilets"",""Fee"":""no"",""Last_Source_Update"":""2025-04-04T09:42:12Z"",""Latitude"":9.3118825,""Longitude"":123.3050554,""Match_Confidence"":"""",""Match_Reason"":"""",""Name"":""Unnamed public toilet"",""Notes"":"""",""OSM_ID"":""12677967371"",""OSM_Type"":""node"",""Parent_Venue"":"""",""Restroom_Presence"":""Yes"",""Restroom_Verification"":""osm_explicit"",""Source"":""OSM"",""Source_ID"":""node/12677967371"",""Temporary_Record_ID"":""osm_node_12677967371"",""Venue_Category"":""standalone_toilet""}"
buttler_loc_22c9cabc3a0a85dc1080,node/12677967376,OSM,node/12677967376,restroom_acquisition,Llaollao,9.3091762,123.3092938,,customers,no,Yes,Unknown,osm_explicit,"{""Access"":""customers"",""Acquisition_Date"":""2026-09-01"",""Address"":"""",""Bidet_Presence"":""Unknown"",""Candidate_Priority"":"""",""Candidate_Reason"":""amenity=toilets"",""Fee"":""no"",""Last_Source_Update"":""2026-03-19T04:28:27Z"",""Latitude"":9.3091762,""Longitude"":123.3092938,""Match_Confidence"":"""",""Match_Reason"":"""",""Name"":""Llaollao"",""Notes"":"""",""OSM_ID"":""12677967376"",""OSM_Type"":""node"",""Parent_Venue"":"""",""Restroom_Presence"":""Yes"",""Restroom_Verification"":""osm_explicit"",""Source"":""OSM"",""Source_ID"":""node/12677967376"",""Temporary_Record_ID"":""osm_node_12677967376"",""Venue_Category"":""standalone_toilet""}"
buttler_loc_ae4b6218778deb188599,node/12677967377,OSM,node/12677967377,restroom_acquisition,Unnamed public toilet,9.3226419,123.3120605,,unknown,no,Yes,Yes,osm_explicit,"{""Access"":""unknown"",""Acquisition_Date"":""2026-09-01"",""Address"":"""",""Bidet_Presence"":""Yes"",""Candidate_Priority"":"""",""Candidate_Reason"":""amenity=toilets"",""Fee"":""no"",""Last_Source_Update"":""2025-04-06T06:30:24Z"",""Latitude"":9.3226419,""Longitude"":123.3120605,""Match_Confidence"":"""",""Match_Reason"":"""",""Name"":""Unnamed public toilet"",""Notes"":"""",""OSM_ID"":""12677967377"",""OSM_Type"":""node"",""Parent_Venue"":"""",""Restroom_Presence"":""Yes"",""Restroom_Verification"":""osm_explicit"",""Source"":""OSM"",""Source_ID"":""node/12677967377"",""Temporary_Record_ID"":""osm_node_12677967377"",""Venue_Category"":""standalone_toilet""}"
buttler_loc_7c3cbecce099f04c1f52,node/12677967378,OSM,node/12677967378,restroom_acquisition,Unnamed public toilet,9.3089973,123.305954,,unknown,no,Yes,Yes,osm_explicit,"{""Access"":""unknown"",""Acquisition_Date"":""2026-09-01"",""Address"":"""",""Bidet_Presence"":""Yes"",""Candidate_Priority"":"""",""Candidate_Reason"":""amenity=toilets"",""Fee"":""no"",""Last_Source_Update"":""2026-05-01T10:58:33Z"",""Latitude"":9.3089973,""Longitude"":123.305954,""Match_Confidence"":"""",""Match_Reason"":"""",""Name"":""Unnamed public toilet"",""Notes"":"""",""OSM_ID"":""12677967378"",""OSM_Type"":""node"",""Parent_Venue"":"""",""Restroom_Presence"":""Yes"",""Restroom_Verification"":""osm_explicit"",""Source"":""OSM"",""Source_ID"":""node/12677967378"",""Temporary_Record_ID"":""osm_node_12677967378"",""Venue_Category"":""standalone_toilet""}"
buttler_loc_340899e138f37272d309,node/12677967379,OSM,node/12677967379,restroom_acquisition,Unnamed public toilet,9.3093657,123.307719,,unknown,no,Yes,Yes,osm_explicit,"{""Access"":""unknown"",""Acquisition_Date"":""2026-09-01"",""Address"":"""",""Bidet_Presence"":""Yes"",""Candidate_Priority"":"""",""Candidate_Reason"":""amenity=toilets"",""Fee"":""no"",""Last_Source_Update"":""2025-03-22T03:42:55Z"",""Latitude"":9.3093657,""Longitude"":123.307719,""Match_Confidence"":"""",""Match_Reason"":"""",""Name"":""Unnamed public toilet"",""Notes"":"""",""OSM_ID"":""12677967379"",""OSM_Type"":""node"",""Parent_Venue"":"""",""Restroom_Presence"":""Yes"",""Restroom_Verification"":""osm_explicit"",""Source"":""OSM"",""Source_ID"":""node/12677967379"",""Temporary_Record_ID"":""osm_node_12677967379"",""Venue_Category"":""standalone_toilet""}"
buttler_loc_ad0fdef24d0c3f3d841d,node/12677967380,OSM,node/12677967380,restroom_acquisition,Unnamed public toilet,9.3082139,123.308868,,unknown,no,Yes,Yes,osm_explicit,"{""Access"":""unknown"",""Acquisition_Date"":""2026-09-01"",""Address"":"""",""Bidet_Presence"":""Yes"",""Candidate_Priority"":"""",""Candidate_Reason"":""amenity=toilets"",""Fee"":""no"",""Last_Source_Update"":""2025-10-02T23:14:04Z"",""Latitude"":9.3082139,""Longitude"":123.308868,""Match_Confidence"":"""",""Match_Reason"":"""",""Name"":""Unnamed public toilet"",""Notes"":"""",""OSM_ID"":""12677967380"",""OSM_Type"":""node"",""Parent_Venue"":"""",""Restroom_Presence"":""Yes"",""Restroom_Verification"":""osm_explicit"",""Source"":""OSM"",""Source_ID"":""node/12677967380"",""Temporary_Record_ID"":""osm_node_12677967380"",""Venue_Category"":""standalone_toilet""}"
buttler_loc_837b1a828ff222ff4aef,node/12677967381,OSM,node/12677967381,restroom_acquisition,Unnamed public toilet,9.3137496,123.3026573,,unknown,yes,Yes,Yes,osm_explicit,"{""Access"":""unknown"",""Acquisition_Date"":""2026-09-01"",""Address"":"""",""Bidet_Presence"":""Yes"",""Candidate_Priority"":"""",""Candidate_Reason"":""amenity=toilets"",""Fee"":""yes"",""Last_Source_Update"":""2025-03-24T10:47:30Z"",""Latitude"":9.3137496,""Longitude"":123.3026573,""Match_Confidence"":"""",""Match_Reason"":"""",""Name"":""Unnamed public toilet"",""Notes"":"""",""OSM_ID"":""12677967381"",""OSM_Type"":""node"",""Parent_Venue"":"""",""Restroom_Presence"":""Yes"",""Restroom_Verification"":""osm_explicit"",""Source"":""OSM"",""Source_ID"":""node/12677967381"",""Temporary_Record_ID"":""osm_node_12677967381"",""Venue_Category"":""standalone_toilet""}"
buttler_loc_1611e7af55c1918d2037,node/12677967382,OSM,node/12677967382,restroom_acquisition,Unnamed public toilet,9.3137085,123.302562,,unknown,yes,Yes,Yes,osm_explicit,"{""Access"":""unknown"",""Acquisition_Date"":""2026-09-01"",""Address"":"""",""Bidet_Presence"":""Yes"",""Candidate_Priority"":"""",""Candidate_Reason"":""amenity=toilets"",""Fee"":""yes"",""Last_Source_Update"":""2025-03-24T10:47:23Z"",""Latitude"":9.3137085,""Longitude"":123.302562,""Match_Confidence"":"""",""Match_Reason"":"""",""Name"":""Unnamed public toilet"",""Notes"":"""",""OSM_ID"":""12677967382"",""OSM_Type"":""node"",""Parent_Venue"":"""",""Restroom_Presence"":""Yes"",""Restroom_Verification"":""osm_explicit"",""Source"":""OSM"",""Source_ID"":""node/12677967382"",""Temporary_Record_ID"":""osm_node_12677967382"",""Venue_Category"":""standalone_toilet""}"
buttler_loc_b4b15702a7920e9b047b,node/12677967383,OSM,node/12677967383,restroom_acquisition,Unnamed public toilet,9.3137559,123.3027294,,unknown,yes,Yes,Yes,osm_explicit,"{""Access"":""unknown"",""Acquisition_Date"":""2026-09-01"",""Address"":"""",""Bidet_Presence"":""Yes"",""Candidate_Priority"":"""",""Candidate_Reason"":""amenity=toilets"",""Fee"":""yes"",""Last_Source_Update"":""2025-03-24T10:47:07Z"",""Latitude"":9.3137559,""Longitude"":123.3027294,""Match_Confidence"":"""",""Match_Reason"":"""",""Name"":""Unnamed public toilet"",""Notes"":"""",""OSM_ID"":""12677967383"",""OSM_Type"":""node"",""Parent_Venue"":"""",""Restroom_Presence"":""Yes"",""Restroom_Verification"":""osm_explicit"",""Source"":""OSM"",""Source_ID"":""node/12677967383"",""Temporary_Record_ID"":""osm_node_12677967383"",""Venue_Category"":""standalone_toilet""}"
buttler_loc_99953dcd629a146407fe,node/12677967384,OSM,node/12677967384,restroom_acquisition,Unnamed public toilet,9.3154403,123.306585,,unknown,no,Yes,Yes,osm_explicit,"{""Access"":""unknown"",""Acquisition_Date"":""2026-09-01"",""Address"":"""",""Bidet_Presence"":""Yes"",""Candidate_Priority"":"""",""Candidate_Reason"":""amenity=toilets"",""Fee"":""no"",""Last_Source_Update"":""2025-03-24T10:57:34Z"",""Latitude"":9.3154403,""Longitude"":123.306585,""Match_Confidence"":"""",""Match_Reason"":"""",""Name"":""Unnamed public toilet"",""Notes"":"""",""OSM_ID"":""12677967384"",""OSM_Type"":""node"",""Parent_Venue"":"""",""Restroom_Presence"":""Yes"",""Restroom_Verification"":""osm_explicit"",""Source"":""OSM"",""Source_ID"":""node/12677967384"",""Temporary_Record_ID"":""osm_node_12677967384"",""Venue_Category"":""standalone_toilet""}"
buttler_loc_4e8776721b1c3f26d787,node/12677967385,OSM,node/12677967385,restroom_acquisition,Unnamed public toilet,9.3119764,123.3078402,,unknown,unknown,Yes,Yes,osm_explicit,"{""Access"":""unknown"",""Acquisition_Date"":""2026-09-01"",""Address"":"""",""Bidet_Presence"":""Yes"",""Candidate_Priority"":"""",""Candidate_Reason"":""amenity=toilets"",""Fee"":""unknown"",""Last_Source_Update"":""2025-03-19T02:17:09Z"",""Latitude"":9.3119764,""Longitude"":123.3078402,""Match_Confidence"":"""",""Match_Reason"":"""",""Name"":""Unnamed public toilet"",""Notes"":"""",""OSM_ID"":""12677967385"",""OSM_Type"":""node"",""Parent_Venue"":"""",""Restroom_Presence"":""Yes"",""Restroom_Verification"":""osm_explicit"",""Source"":""OSM"",""Source_ID"":""node/12677967385"",""Temporary_Record_ID"":""osm_node_12677967385"",""Venue_Category"":""standalone_toilet""}"
buttler_loc_d49f8f07a63ba38eedbb,node/12677967386,OSM,node/12677967386,restroom_acquisition,Unnamed public toilet,9.3271337,123.3042091,,unknown,unknown,Yes,Yes,osm_explicit,"{""Access"":""unknown"",""Acquisition_Date"":""2026-09-01"",""Address"":"""",""Bidet_Presence"":""Yes"",""Candidate_Priority"":"""",""Candidate_Reason"":""amenity=toilets"",""Fee"":""unknown"",""Last_Source_Update"":""2025-03-19T02:17:09Z"",""Latitude"":9.3271337,""Longitude"":123.3042091,""Match_Confidence"":"""",""Match_Reason"":"""",""Name"":""Unnamed public toilet"",""Notes"":"""",""OSM_ID"":""12677967386"",""OSM_Type"":""node"",""Parent_Venue"":"""",""Restroom_Presence"":""Yes"",""Restroom_Verification"":""osm_explicit"",""Source"":""OSM"",""Source_ID"":""node/12677967386"",""Temporary_Record_ID"":""osm_node_12677967386"",""Venue_Category"":""standalone_toilet""}"
buttler_loc_c732049943cf902b5d85,node/12677967387,OSM,node/12677967387,restroom_acquisition,Unnamed public toilet,9.3261293,123.3065864,,unknown,no,Yes,Yes,osm_explicit,"{""Access"":""unknown"",""Acquisition_Date"":""2026-09-01"",""Address"":"""",""Bidet_Presence"":""Yes"",""Candidate_Priority"":"""",""Candidate_Reason"":""amenity=toilets"",""Fee"":""no"",""Last_Source_Update"":""2025-04-25T16:25:15Z"",""Latitude"":9.3261293,""Longitude"":123.3065864,""Match_Confidence"":"""",""Match_Reason"":"""",""Name"":""Unnamed public toilet"",""Notes"":"""",""OSM_ID"":""12677967387"",""OSM_Type"":""node"",""Parent_Venue"":"""",""Restroom_Presence"":""Yes"",""Restroom_Verification"":""osm_explicit"",""Source"":""OSM"",""Source_ID"":""node/12677967387"",""Temporary_Record_ID"":""osm_node_12677967387"",""Venue_Category"":""standalone_toilet""}"
buttler_loc_ff7bf4e5ed97fc1d4b0c,node/12677967388,OSM,node/12677967388,restroom_acquisition,Unnamed public toilet,9.3116018,123.307712,,unknown,no,Yes,Yes,osm_explicit,"{""Access"":""unknown"",""Acquisition_Date"":""2026-09-01"",""Address"":"""",""Bidet_Presence"":""Yes"",""Candidate_Priority"":"""",""Candidate_Reason"":""amenity=toilets"",""Fee"":""no"",""Last_Source_Update"":""2025-03-24T10:59:06Z"",""Latitude"":9.3116018,""Longitude"":123.307712,""Match_Confidence"":"""",""Match_Reason"":"""",""Name"":""Unnamed public toilet"",""Notes"":"""",""OSM_ID"":""12677967388"",""OSM_Type"":""node"",""Parent_Venue"":"""",""Restroom_Presence"":""Yes"",""Restroom_Verification"":""osm_explicit"",""Source"":""OSM"",""Source_ID"":""node/12677967388"",""Temporary_Record_ID"":""osm_node_12677967388"",""Venue_Category"":""standalone_toilet""}"
buttler_loc_d95ac8c6dfedb52a56e8,node/12677967389,OSM,node/12677967389,restroom_acquisition,Unnamed public toilet,9.3176731,123.3072093,,unknown,no,Yes,Yes,osm_explicit,"{""Access"":""unknown"",""Acquisition_Date"":""2026-09-01"",""Address"":"""",""Bidet_Presence"":""Yes"",""Candidate_Priority"":"""",""Candidate_Reason"":""amenity=toilets"",""Fee"":""no"",""Last_Source_Update"":""2025-04-25T12:19:44Z"",""Latitude"":9.3176731,""Longitude"":123.3072093,""Match_Confidence"":"""",""Match_Reason"":"""",""Name"":""Unnamed public toilet"",""Notes"":"""",""OSM_ID"":""12677967389"",""OSM_Type"":""node"",""Parent_Venue"":"""",""Restroom_Presence"":""Yes"",""Restroom_Verification"":""osm_explicit"",""Source"":""OSM"",""Source_ID"":""node/12677967389"",""Temporary_Record_ID"":""osm_node_12677967389"",""Venue_Category"":""standalone_toilet""}"
buttler_loc_033ceffc59024f655af3,node/12677967394,OSM,node/12677967394,restroom_acquisition,Unnamed public toilet,9.3067141,123.3085872,,unknown,no,Yes,Yes,osm_explicit,"{""Access"":""unknown"",""Acquisition_Date"":""2026-09-01"",""Address"":"""",""Bidet_Presence"":""Yes"",""Candidate_Priority"":"""",""Candidate_Reason"":""amenity=toilets"",""Fee"":""no"",""Last_Source_Update"":""2026-05-04T16:04:51Z"",""Latitude"":9.3067141,""Longitude"":123.3085872,""Match_Confidence"":"""",""Match_Reason"":"""",""Name"":""Unnamed public toilet"",""Notes"":"""",""OSM_ID"":""12677967394"",""OSM_Type"":""node"",""Parent_Venue"":"""",""Restroom_Presence"":""Yes"",""Restroom_Verification"":""osm_explicit"",""Source"":""OSM"",""Source_ID"":""node/12677967394"",""Temporary_Record_ID"":""osm_node_12677967394"",""Venue_Category"":""standalone_toilet""}"
buttler_loc_5f9225429090245d3635,node/12677967395,OSM,node/12677967395,restroom_acquisition,Unnamed public toilet,9.3276747,123.3100683,,unknown,no,Yes,Yes,osm_explicit,"{""Access"":""unknown"",""Acquisition_Date"":""2026-09-01"",""Address"":"""",""Bidet_Presence"":""Yes"",""Candidate_Priority"":"""",""Candidate_Reason"":""amenity=toilets"",""Fee"":""no"",""Last_Source_Update"":""2025-05-16T09:37:30Z"",""Latitude"":9.3276747,""Longitude"":123.3100683,""Match_Confidence"":"""",""Match_Reason"":"""",""Name"":""Unnamed public toilet"",""Notes"":"""",""OSM_ID"":""12677967395"",""OSM_Type"":""node"",""Parent_Venue"":"""",""Restroom_Presence"":""Yes"",""Restroom_Verification"":""osm_explicit"",""Source"":""OSM"",""Source_ID"":""node/12677967395"",""Temporary_Record_ID"":""osm_node_12677967395"",""Venue_Category"":""standalone_toilet""}"
buttler_loc_7782501f567708673cc5,node/12677967396,OSM,node/12677967396,restroom_acquisition,Unnamed public toilet,9.3202114,123.3102208,,unknown,unknown,Yes,Yes,osm_explicit,"{""Access"":""unknown"",""Acquisition_Date"":""2026-09-01"",""Address"":"""",""Bidet_Presence"":""Yes"",""Candidate_Priority"":"""",""Candidate_Reason"":""amenity=toilets"",""Fee"":""unknown"",""Last_Source_Update"":""2025-03-19T02:17:09Z"",""Latitude"":9.3202114,""Longitude"":123.3102208,""Match_Confidence"":"""",""Match_Reason"":"""",""Name"":""Unnamed public toilet"",""Notes"":"""",""OSM_ID"":""12677967396"",""OSM_Type"":""node"",""Parent_Venue"":"""",""Restroom_Presence"":""Yes"",""Restroom_Verification"":""osm_explicit"",""Source"":""OSM"",""Source_ID"":""node/12677967396"",""Temporary_Record_ID"":""osm_node_12677967396"",""Venue_Category"":""standalone_toilet""}"
buttler_loc_19781754c775b847415b,node/12677972854,OSM,node/12677972854,restroom_acquisition,85° Artisan Cafe,9.3174514,123.3033841,,unknown,unknown,Unknown,Unknown,candidate_unverified,"{""Access"":""unknown"",""Acquisition_Date"":""2026-09-01"",""Address"":"""",""Bidet_Presence"":""Unknown"",""Candidate_Priority"":""Medium"",""Candidate_Reason"":""Food/drink venue; restroom uncertain (amenity=cafe)"",""Fee"":""unknown"",""Last_Source_Update"":""2026-03-19T04:28:27Z"",""Latitude"":9.3174514,""Longitude"":123.3033841,""Match_Confidence"":"""",""Match_Reason"":"""",""Name"":""85° Artisan Cafe"",""Notes"":"""",""OSM_ID"":""12677972854"",""OSM_Type"":""node"",""Parent_Venue"":"""",""Restroom_Presence"":""Unknown"",""Restroom_Verification"":""candidate_unverified"",""Source"":""OSM"",""Source_ID"":""node/12677972854"",""Temporary_Record_ID"":""osm_node_12677972854"",""Venue_Category"":""food_drink""}"
buttler_loc_788b6fd7f548424b9286,node/12692921409,OSM,node/12692921409,restroom_acquisition,Sweet Bites,9.3156216,123.3022645,,unknown,unknown,Unknown,Unknown,candidate_unverified,"{""Access"":""unknown"",""Acquisition_Date"":""2026-09-01"",""Address"":"""",""Bidet_Presence"":""Unknown"",""Candidate_Priority"":""High"",""Candidate_Reason"":""Restaurant or fast-food venue (amenity=restaurant)"",""Fee"":""unknown"",""Last_Source_Update"":""2025-03-23T11:57:01Z"",""Latitude"":9.3156216,""Longitude"":123.3022645,""Match_Confidence"":"""",""Match_Reason"":"""",""Name"":""Sweet Bites"",""Notes"":"""",""OSM_ID"":""12692921409"",""OSM_Type"":""node"",""Parent_Venue"":""Cang's Inc. Shopping Complex"",""Restroom_Presence"":""Unknown"",""Restroom_Verification"":""candidate_unverified"",""Source"":""OSM"",""Source_ID"":""node/12692921409"",""Temporary_Record_ID"":""osm_node_12692921409"",""Venue_Category"":""food_major""}"
buttler_loc_b8a30d320715ae312843,node/12692922538,OSM,node/12692922538,restroom_acquisition,Cafe Filomena 2,9.3156019,123.3022186,,unknown,unknown,Unknown,Unknown,candidate_unverified,"{""Access"":""unknown"",""Acquisition_Date"":""2026-09-01"",""Address"":"""",""Bidet_Presence"":""Unknown"",""Candidate_Priority"":""High"",""Candidate_Reason"":""Restaurant or fast-food venue (amenity=restaurant)"",""Fee"":""unknown"",""Last_Source_Update"":""2025-03-23T11:57:01Z"",""Latitude"":9.3156019,""Longitude"":123.3022186,""Match_Confidence"":"""",""Match_Reason"":"""",""Name"":""Cafe Filomena 2"",""Notes"":"""",""OSM_ID"":""12692922538"",""OSM_Type"":""node"",""Parent_Venue"":""Cang's Inc. Shopping Complex"",""Restroom_Presence"":""Unknown"",""Restroom_Verification"":""candidate_unverified"",""Source"":""OSM"",""Source_ID"":""node/12692922538"",""Temporary_Record_ID"":""osm_node_12692922538"",""Venue_Category"":""food_major""}"
buttler_loc_78d0fbd52b51465bf44c,node/12692931925,OSM,node/12692931925,restroom_acquisition,Casa Ilongga,9.3156581,123.3021822,,unknown,unknown,Unknown,Unknown,candidate_unverified,"{""Access"":""unknown"",""Acquisition_Date"":""2026-09-01"",""Address"":"""",""Bidet_Presence"":""Unknown"",""Candidate_Priority"":""High"",""Candidate_Reason"":""Restaurant or fast-food venue (amenity=restaurant)"",""Fee"":""unknown"",""Last_Source_Update"":""2025-03-23T11:57:03Z"",""Latitude"":9.3156581,""Longitude"":123.3021822,""Match_Confidence"":"""",""Match_Reason"":"""",""Name"":""Casa Ilongga"",""Notes"":"""",""OSM_ID"":""12692931925"",""OSM_Type"":""node"",""Parent_Venue"":""Cang's Inc. Shopping Complex"",""Restroom_Presence"":""Unknown"",""Restroom_Verification"":""candidate_unverified"",""Source"":""OSM"",""Source_ID"":""node/12692931925"",""Temporary_Record_ID"":""osm_node_12692931925"",""Venue_Category"":""food_major""}"
buttler_loc_aa8933ccc23ca9a39c67,node/12701392632,OSM,node/12701392632,restroom_acquisition,JJ Lechon Pares,9.3190812,123.2943278,,unknown,unknown,Unknown,Unknown,candidate_unverified,"{""Access"":""unknown"",""Acquisition_Date"":""2026-09-01"",""Address"":"""",""Bidet_Presence"":""Unknown"",""Candidate_Priority"":""High"",""Candidate_Reason"":""Restaurant or fast-food venue (amenity=fast_food)"",""Fee"":""unknown"",""Last_Source_Update"":""2025-04-04T07:48:10Z"",""Latitude"":9.3190812,""Longitude"":123.2943278,""Match_Confidence"":"""",""Match_Reason"":"""",""Name"":""JJ Lechon Pares"",""Notes"":"""",""OSM_ID"":""12701392632"",""OSM_Type"":""node"",""Parent_Venue"":"""",""Restroom_Presence"":""Unknown"",""Restroom_Verification"":""candidate_unverified"",""Source"":""OSM"",""Source_ID"":""node/12701392632"",""Temporary_Record_ID"":""osm_node_12701392632"",""Venue_Category"":""food_major""}"
buttler_loc_a1c87d5f9a83bdcfdcdd,node/12704524115,OSM,node/12704524115,restroom_acquisition,Tiiny Supershop,9.3200897,123.2969017,,unknown,unknown,Unknown,Unknown,candidate_unverified,"{""Access"":""unknown"",""Acquisition_Date"":""2026-09-01"",""Address"":"""",""Bidet_Presence"":""Unknown"",""Candidate_Priority"":""High"",""Candidate_Reason"":""Restaurant or fast-food venue (amenity=restaurant)"",""Fee"":""unknown"",""Last_Source_Update"":""2025-03-27T11:02:04Z"",""Latitude"":9.3200897,""Longitude"":123.2969017,""Match_Confidence"":"""",""Match_Reason"":"""",""Name"":""Tiiny Supershop"",""Notes"":"""",""OSM_ID"":""12704524115"",""OSM_Type"":""node"",""Parent_Venue"":"""",""Restroom_Presence"":""Unknown"",""Restroom_Verification"":""candidate_unverified"",""Source"":""OSM"",""Source_ID"":""node/12704524115"",""Temporary_Record_ID"":""osm_node_12704524115"",""Venue_Category"":""food_major""}"
buttler_loc_05d8016926d23594485e,node/12704534399,OSM,node/12704534399,restroom_acquisition,Adobo Go too!,9.3188017,123.2989039,,unknown,unknown,Unknown,Unknown,candidate_unverified,"{""Access"":""unknown"",""Acquisition_Date"":""2026-09-01"",""Address"":"""",""Bidet_Presence"":""Unknown"",""Candidate_Priority"":""High"",""Candidate_Reason"":""Restaurant or fast-food venue (amenity=restaurant)"",""Fee"":""unknown"",""Last_Source_Update"":""2025-03-27T11:02:03Z"",""Latitude"":9.3188017,""Longitude"":123.2989039,""Match_Confidence"":"""",""Match_Reason"":"""",""Name"":""Adobo Go too!"",""Notes"":"""",""OSM_ID"":""12704534399"",""OSM_Type"":""node"",""Parent_Venue"":"""",""Restroom_Presence"":""Unknown"",""Restroom_Verification"":""candidate_unverified"",""Source"":""OSM"",""Source_ID"":""node/12704534399"",""Temporary_Record_ID"":""osm_node_12704534399"",""Venue_Category"":""food_major""}"
buttler_loc_58d0c0331c24994dde0d,node/12709804665,OSM,node/12709804665,restroom_acquisition,Tambayan Resto Bar,9.3257946,123.3110478,North Boulevard,unknown,unknown,Unknown,Unknown,candidate_unverified,"{""Access"":""unknown"",""Acquisition_Date"":""2026-09-01"",""Address"":""North Boulevard"",""Bidet_Presence"":""Unknown"",""Candidate_Priority"":""High"",""Candidate_Reason"":""Restaurant or fast-food venue (amenity=restaurant)"",""Fee"":""unknown"",""Last_Source_Update"":""2025-04-09T03:29:35Z"",""Latitude"":9.3257946,""Longitude"":123.3110478,""Match_Confidence"":"""",""Match_Reason"":"""",""Name"":""Tambayan Resto Bar"",""Notes"":"""",""OSM_ID"":""12709804665"",""OSM_Type"":""node"",""Parent_Venue"":"""",""Restroom_Presence"":""Unknown"",""Restroom_Verification"":""candidate_unverified"",""Source"":""OSM"",""Source_ID"":""node/12709804665"",""Temporary_Record_ID"":""osm_node_12709804665"",""Venue_Category"":""food_major""}"
buttler_loc_e7ae72393d20d6821882,node/12725612633,OSM,node/12725612633,restroom_acquisition,Banh Mi Kitchen,9.3226959,123.2987403,,unknown,unknown,Unknown,Unknown,candidate_unverified,"{""Access"":""unknown"",""Acquisition_Date"":""2026-09-01"",""Address"":"""",""Bidet_Presence"":""Unknown"",""Candidate_Priority"":""High"",""Candidate_Reason"":""Restaurant or fast-food venue (amenity=fast_food)"",""Fee"":""unknown"",""Last_Source_Update"":""2025-04-05T08:15:38Z"",""Latitude"":9.3226959,""Longitude"":123.2987403,""Match_Confidence"":"""",""Match_Reason"":"""",""Name"":""Banh Mi Kitchen"",""Notes"":"""",""OSM_ID"":""12725612633"",""OSM_Type"":""node"",""Parent_Venue"":"""",""Restroom_Presence"":""Unknown"",""Restroom_Verification"":""candidate_unverified"",""Source"":""OSM"",""Source_ID"":""node/12725612633"",""Temporary_Record_ID"":""osm_node_12725612633"",""Venue_Category"":""food_major""}"
buttler_loc_18a35273f7ef579b7b22,node/12726144652,OSM,node/12726144652,restroom_acquisition,Aromar Coffee,9.3201485,123.2973325,,unknown,unknown,Unknown,Unknown,candidate_unverified,"{""Access"":""unknown"",""Acquisition_Date"":""2026-09-01"",""Address"":"""",""Bidet_Presence"":""Unknown"",""Candidate_Priority"":""Medium"",""Candidate_Reason"":""Food/drink venue; restroom uncertain (amenity=cafe)"",""Fee"":""unknown"",""Last_Source_Update"":""2025-04-03T15:51:41Z"",""Latitude"":9.3201485,""Longitude"":123.2973325,""Match_Confidence"":"""",""Match_Reason"":"""",""Name"":""Aromar Coffee"",""Notes"":"""",""OSM_ID"":""12726144652"",""OSM_Type"":""node"",""Parent_Venue"":"""",""Restroom_Presence"":""Unknown"",""Restroom_Verification"":""candidate_unverified"",""Source"":""OSM"",""Source_ID"":""node/12726144652"",""Temporary_Record_ID"":""osm_node_12726144652"",""Venue_Category"":""food_drink""}"
buttler_loc_314f3758ae6593281cb3,node/12728114705,OSM,node/12728114705,restroom_acquisition,Crispy King,9.3022103,123.2981209,Senator Lorenzo G. Teves Street Extension,unknown,unknown,Unknown,Unknown,candidate_unverified,"{""Access"":""unknown"",""Acquisition_Date"":""2026-09-01"",""Address"":""Senator Lorenzo G. Teves Street Extension"",""Bidet_Presence"":""Unknown"",""Candidate_Priority"":""High"",""Candidate_Reason"":""Restaurant or fast-food venue (amenity=fast_food)"",""Fee"":""unknown"",""Last_Source_Update"":""2025-04-04T06:26:48Z"",""Latitude"":9.3022103,""Longitude"":123.2981209,""Match_Confidence"":"""",""Match_Reason"":"""",""Name"":""Crispy King"",""Notes"":"""",""OSM_ID"":""12728114705"",""OSM_Type"":""node"",""Parent_Venue"":"""",""Restroom_Presence"":""Unknown"",""Restroom_Verification"":""candidate_unverified"",""Source"":""OSM"",""Source_ID"":""node/12728114705"",""Temporary_Record_ID"":""osm_node_12728114705"",""Venue_Category"":""food_major""}"
buttler_loc_8a597a1b90f77f0ffb75,node/12732360371,OSM,node/12732360371,restroom_acquisition,Unnamed public toilet,9.3083684,123.3052334,,customers,unknown,Yes,Unknown,osm_explicit,"{""Access"":""customers"",""Acquisition_Date"":""2026-09-01"",""Address"":"""",""Bidet_Presence"":""Unknown"",""Candidate_Priority"":"""",""Candidate_Reason"":""amenity=toilets"",""Fee"":""unknown"",""Last_Source_Update"":""2025-04-06T03:40:19Z"",""Latitude"":9.3083684,""Longitude"":123.3052334,""Match_Confidence"":"""",""Match_Reason"":"""",""Name"":""Unnamed public toilet"",""Notes"":"""",""OSM_ID"":""12732360371"",""OSM_Type"":""node"",""Parent_Venue"":"""",""Restroom_Presence"":""Yes"",""Restroom_Verification"":""osm_explicit"",""Source"":""OSM"",""Source_ID"":""node/12732360371"",""Temporary_Record_ID"":""osm_node_12732360371"",""Venue_Category"":""standalone_toilet""}"
buttler_loc_eb8c393b57f1aca4db29,node/12732367313,OSM,node/12732367313,restroom_acquisition,Mini Mart,9.3072451,123.3057544,Mayor Ramon T. Pastor Sr. Street,unknown,unknown,Unknown,Unknown,candidate_unverified,"{""Access"":""unknown"",""Acquisition_Date"":""2026-09-01"",""Address"":""Mayor Ramon T. Pastor Sr. Street"",""Bidet_Presence"":""Unknown"",""Candidate_Priority"":""Medium"",""Candidate_Reason"":""Convenience store; restroom uncertain (shop=convenience)"",""Fee"":""unknown"",""Last_Source_Update"":""2025-04-06T04:03:46Z"",""Latitude"":9.3072451,""Longitude"":123.3057544,""Match_Confidence"":"""",""Match_Reason"":"""",""Name"":""Mini Mart"",""Notes"":"""",""OSM_ID"":""12732367313"",""OSM_Type"":""node"",""Parent_Venue"":"""",""Restroom_Presence"":""Unknown"",""Restroom_Verification"":""candidate_unverified"",""Source"":""OSM"",""Source_ID"":""node/12732367313"",""Temporary_Record_ID"":""osm_node_12732367313"",""Venue_Category"":""convenience""}"
buttler_loc_a82f5859dac5c7df89d8,node/12732397445,OSM,node/12732397445,restroom_acquisition,Han Ching's Store,9.3067531,123.3040224,Doctor Vicente Locsin Street,unknown,unknown,Unknown,Unknown,candidate_unverified,"{""Access"":""unknown"",""Acquisition_Date"":""2026-09-01"",""Address"":""Doctor Vicente Locsin Street"",""Bidet_Presence"":""Unknown"",""Candidate_Priority"":""Medium"",""Candidate_Reason"":""Convenience store; restroom uncertain (shop=convenience)"",""Fee"":""unknown"",""Last_Source_Update"":""2025-04-06T04:21:10Z"",""Latitude"":9.3067531,""Longitude"":123.3040224,""Match_Confidence"":"""",""Match_Reason"":"""",""Name"":""Han Ching's Store"",""Notes"":"""",""OSM_ID"":""12732397445"",""OSM_Type"":""node"",""Parent_Venue"":"""",""Restroom_Presence"":""Unknown"",""Restroom_Verification"":""candidate_unverified"",""Source"":""OSM"",""Source_ID"":""node/12732397445"",""Temporary_Record_ID"":""osm_node_12732397445"",""Venue_Category"":""convenience""}"
buttler_loc_1fdbf9a8fe25e2f05822,node/12740575492,OSM,node/12740575492,restroom_acquisition,Wyp,9.3290301,123.2907086,,unknown,unknown,Unknown,Unknown,candidate_unverified,"{""Access"":""unknown"",""Acquisition_Date"":""2026-09-01"",""Address"":"""",""Bidet_Presence"":""Unknown"",""Candidate_Priority"":""High"",""Candidate_Reason"":""Restaurant or fast-food venue (amenity=restaurant)"",""Fee"":""unknown"",""Last_Source_Update"":""2025-04-09T04:25:06Z"",""Latitude"":9.3290301,""Longitude"":123.2907086,""Match_Confidence"":"""",""Match_Reason"":"""",""Name"":""Wyp"",""Notes"":"""",""OSM_ID"":""12740575492"",""OSM_Type"":""node"",""Parent_Venue"":"""",""Restroom_Presence"":""Unknown"",""Restroom_Verification"":""candidate_unverified"",""Source"":""OSM"",""Source_ID"":""node/12740575492"",""Temporary_Record_ID"":""osm_node_12740575492"",""Venue_Category"":""food_major""}"
buttler_loc_51920053a476b266d451,node/12751978786,OSM,node/12751978786,restroom_acquisition,Kuya Tat's Banga Roasted Lechon Manok,9.3170624,123.2770767,,unknown,unknown,Unknown,Unknown,candidate_unverified,"{""Access"":""unknown"",""Acquisition_Date"":""2026-09-01"",""Address"":"""",""Bidet_Presence"":""Unknown"",""Candidate_Priority"":""High"",""Candidate_Reason"":""Restaurant or fast-food venue (amenity=fast_food)"",""Fee"":""unknown"",""Last_Source_Update"":""2025-04-13T09:26:34Z"",""Latitude"":9.3170624,""Longitude"":123.2770767,""Match_Confidence"":"""",""Match_Reason"":"""",""Name"":""Kuya Tat's Banga Roasted Lechon Manok"",""Notes"":"""",""OSM_ID"":""12751978786"",""OSM_Type"":""node"",""Parent_Venue"":"""",""Restroom_Presence"":""Unknown"",""Restroom_Verification"":""candidate_unverified"",""Source"":""OSM"",""Source_ID"":""node/12751978786"",""Temporary_Record_ID"":""osm_node_12751978786"",""Venue_Category"":""food_major""}"
buttler_loc_f9c3afff9c1a723ca54b,node/12765882104,OSM,node/12765882104,restroom_acquisition,The Coffee Bean & Tea Leaf,9.319914,123.3123836,,unknown,unknown,Unknown,Unknown,candidate_unverified,"{""Access"":""unknown"",""Acquisition_Date"":""2026-09-01"",""Address"":"""",""Bidet_Presence"":""Unknown"",""Candidate_Priority"":""Medium"",""Candidate_Reason"":""Food/drink venue; restroom uncertain (amenity=cafe)"",""Fee"":""unknown"",""Last_Source_Update"":""2026-03-19T04:28:27Z"",""Latitude"":9.319914,""Longitude"":123.3123836,""Match_Confidence"":"""",""Match_Reason"":"""",""Name"":""The Coffee Bean & Tea Leaf"",""Notes"":"""",""OSM_ID"":""12765882104"",""OSM_Type"":""node"",""Parent_Venue"":"""",""Restroom_Presence"":""Unknown"",""Restroom_Verification"":""candidate_unverified"",""Source"":""OSM"",""Source_ID"":""node/12765882104"",""Temporary_Record_ID"":""osm_node_12765882104"",""Venue_Category"":""food_drink""}"
buttler_loc_8dd9e00d64f8fabd1a95,node/12765882105,OSM,node/12765882105,restroom_acquisition,The Apartment 5,9.3185093,123.3069703,,unknown,unknown,Unknown,Unknown,candidate_unverified,"{""Access"":""unknown"",""Acquisition_Date"":""2026-09-01"",""Address"":"""",""Bidet_Presence"":""Unknown"",""Candidate_Priority"":""Medium"",""Candidate_Reason"":""Food/drink venue; restroom uncertain (amenity=bar)"",""Fee"":""unknown"",""Last_Source_Update"":""2026-03-19T04:28:27Z"",""Latitude"":9.3185093,""Longitude"":123.3069703,""Match_Confidence"":"""",""Match_Reason"":"""",""Name"":""The Apartment 5"",""Notes"":"""",""OSM_ID"":""12765882105"",""OSM_Type"":""node"",""Parent_Venue"":"""",""Restroom_Presence"":""Unknown"",""Restroom_Verification"":""candidate_unverified"",""Source"":""OSM"",""Source_ID"":""node/12765882105"",""Temporary_Record_ID"":""osm_node_12765882105"",""Venue_Category"":""food_drink""}"
buttler_loc_b80619d4f720e6f4723b,node/12765882106,OSM,node/12765882106,restroom_acquisition,Lorenzo's Steak en Deli (Don Atilano),9.3215824,123.3072034,,unknown,unknown,Unknown,Unknown,candidate_unverified,"{""Access"":""unknown"",""Acquisition_Date"":""2026-09-01"",""Address"":"""",""Bidet_Presence"":""Unknown"",""Candidate_Priority"":""High"",""Candidate_Reason"":""Restaurant or fast-food venue (amenity=restaurant)"",""Fee"":""unknown"",""Last_Source_Update"":""2026-03-19T04:28:27Z"",""Latitude"":9.3215824,""Longitude"":123.3072034,""Match_Confidence"":"""",""Match_Reason"":"""",""Name"":""Lorenzo's Steak en Deli (Don Atilano)"",""Notes"":"""",""OSM_ID"":""12765882106"",""OSM_Type"":""node"",""Parent_Venue"":"""",""Restroom_Presence"":""Unknown"",""Restroom_Verification"":""candidate_unverified"",""Source"":""OSM"",""Source_ID"":""node/12765882106"",""Temporary_Record_ID"":""osm_node_12765882106"",""Venue_Category"":""food_major""}"
buttler_loc_6c6baa448c55d9d4abb3,node/12797368508,OSM,node/12797368508,restroom_acquisition,Villa Shangri-La,9.2824734,123.2714298,"Acsat/Habitat Road, Dumaguete",unknown,unknown,Unknown,Unknown,candidate_unverified,"{""Access"":""unknown"",""Acquisition_Date"":""2026-09-01"",""Address"":""Acsat/Habitat Road, Dumaguete"",""Bidet_Presence"":""Unknown"",""Candidate_Priority"":""High"",""Candidate_Reason"":""Substantial accommodation (tourism=hotel)"",""Fee"":""unknown"",""Last_Source_Update"":""2025-04-29T08:33:29Z"",""Latitude"":9.2824734,""Longitude"":123.2714298,""Match_Confidence"":"""",""Match_Reason"":"""",""Name"":""Villa Shangri-La"",""Notes"":"""",""OSM_ID"":""12797368508"",""OSM_Type"":""node"",""Parent_Venue"":"""",""Restroom_Presence"":""Unknown"",""Restroom_Verification"":""candidate_unverified"",""Source"":""OSM"",""Source_ID"":""node/12797368508"",""Temporary_Record_ID"":""osm_node_12797368508"",""Venue_Category"":""accommodation""}"
buttler_loc_6180eda5fa3a9e781a86,node/12847246896,OSM,node/12847246896,restroom_acquisition,Sideways Sports Bar,9.3013448,123.2995543,,unknown,unknown,Unknown,Unknown,candidate_unverified,"{""Access"":""unknown"",""Acquisition_Date"":""2026-09-01"",""Address"":"""",""Bidet_Presence"":""Unknown"",""Candidate_Priority"":""Medium"",""Candidate_Reason"":""Food/drink venue; restroom uncertain (amenity=bar)"",""Fee"":""unknown"",""Last_Source_Update"":""2025-05-18T15:46:40Z"",""Latitude"":9.3013448,""Longitude"":123.2995543,""Match_Confidence"":"""",""Match_Reason"":"""",""Name"":""Sideways Sports Bar"",""Notes"":"""",""OSM_ID"":""12847246896"",""OSM_Type"":""node"",""Parent_Venue"":"""",""Restroom_Presence"":""Unknown"",""Restroom_Verification"":""candidate_unverified"",""Source"":""OSM"",""Source_ID"":""node/12847246896"",""Temporary_Record_ID"":""osm_node_12847246896"",""Venue_Category"":""food_drink""}"
buttler_loc_b12129566f016b00a15f,node/12880324521,OSM,node/12880324521,restroom_acquisition,Unnamed public toilet,9.3175431,123.2950808,,unknown,no,Yes,Unknown,osm_explicit,"{""Access"":""unknown"",""Acquisition_Date"":""2026-09-01"",""Address"":"""",""Bidet_Presence"":""Unknown"",""Candidate_Priority"":"""",""Candidate_Reason"":""amenity=toilets"",""Fee"":""no"",""Last_Source_Update"":""2025-06-02T05:36:54Z"",""Latitude"":9.3175431,""Longitude"":123.2950808,""Match_Confidence"":"""",""Match_Reason"":"""",""Name"":""Unnamed public toilet"",""Notes"":"""",""OSM_ID"":""12880324521"",""OSM_Type"":""node"",""Parent_Venue"":"""",""Restroom_Presence"":""Yes"",""Restroom_Verification"":""osm_explicit"",""Source"":""OSM"",""Source_ID"":""node/12880324521"",""Temporary_Record_ID"":""osm_node_12880324521"",""Venue_Category"":""standalone_toilet""}"
buttler_loc_d03dc92f9eaf62c8d1f7,node/13000288640,OSM,node/13000288640,restroom_acquisition,Buddy's Place,9.3093861,123.3093137,,unknown,unknown,Unknown,Unknown,candidate_unverified,"{""Access"":""unknown"",""Acquisition_Date"":""2026-09-01"",""Address"":"""",""Bidet_Presence"":""Unknown"",""Candidate_Priority"":""High"",""Candidate_Reason"":""Restaurant or fast-food venue (amenity=restaurant)"",""Fee"":""unknown"",""Last_Source_Update"":""2025-07-15T01:03:08Z"",""Latitude"":9.3093861,""Longitude"":123.3093137,""Match_Confidence"":"""",""Match_Reason"":"""",""Name"":""Buddy's Place"",""Notes"":"""",""OSM_ID"":""13000288640"",""OSM_Type"":""node"",""Parent_Venue"":"""",""Restroom_Presence"":""Unknown"",""Restroom_Verification"":""candidate_unverified"",""Source"":""OSM"",""Source_ID"":""node/13000288640"",""Temporary_Record_ID"":""osm_node_13000288640"",""Venue_Category"":""food_major""}"
buttler_loc_fcdf6b3b4752c40fa6e5,node/13013454547,OSM,node/13013454547,restroom_acquisition,Pala Pala Sea Food Restaurant,9.3042908,123.3103628,,unknown,unknown,Unknown,Unknown,candidate_unverified,"{""Access"":""unknown"",""Acquisition_Date"":""2026-09-01"",""Address"":"""",""Bidet_Presence"":""Unknown"",""Candidate_Priority"":""High"",""Candidate_Reason"":""Restaurant or fast-food venue (amenity=restaurant)"",""Fee"":""unknown"",""Last_Source_Update"":""2025-07-20T11:38:10Z"",""Latitude"":9.3042908,""Longitude"":123.3103628,""Match_Confidence"":"""",""Match_Reason"":"""",""Name"":""Pala Pala Sea Food Restaurant"",""Notes"":"""",""OSM_ID"":""13013454547"",""OSM_Type"":""node"",""Parent_Venue"":"""",""Restroom_Presence"":""Unknown"",""Restroom_Verification"":""candidate_unverified"",""Source"":""OSM"",""Source_ID"":""node/13013454547"",""Temporary_Record_ID"":""osm_node_13013454547"",""Venue_Category"":""food_major""}"
buttler_loc_b610f0ec2af6ad24f7f3,node/13042915034,OSM,node/13042915034,restroom_acquisition,Box of Delights,9.3198614,123.3006747,,unknown,unknown,Unknown,Unknown,candidate_unverified,"{""Access"":""unknown"",""Acquisition_Date"":""2026-09-01"",""Address"":"""",""Bidet_Presence"":""Unknown"",""Candidate_Priority"":""High"",""Candidate_Reason"":""Restaurant or fast-food venue (amenity=restaurant)"",""Fee"":""unknown"",""Last_Source_Update"":""2025-08-02T13:00:16Z"",""Latitude"":9.3198614,""Longitude"":123.3006747,""Match_Confidence"":"""",""Match_Reason"":"""",""Name"":""Box of Delights"",""Notes"":"""",""OSM_ID"":""13042915034"",""OSM_Type"":""node"",""Parent_Venue"":"""",""Restroom_Presence"":""Unknown"",""Restroom_Verification"":""candidate_unverified"",""Source"":""OSM"",""Source_ID"":""node/13042915034"",""Temporary_Record_ID"":""osm_node_13042915034"",""Venue_Category"":""food_major""}"
buttler_loc_2e0c338d0e50b14fec49,node/13083672962,OSM,node/13083672962,restroom_acquisition,Seven Monkeys Korean Supermarket,9.3016925,123.3042685,,unknown,unknown,Unknown,Unknown,candidate_unverified,"{""Access"":""unknown"",""Acquisition_Date"":""2026-09-01"",""Address"":"""",""Bidet_Presence"":""Unknown"",""Candidate_Priority"":""High"",""Candidate_Reason"":""High-traffic major retail venue (shop=supermarket)"",""Fee"":""unknown"",""Last_Source_Update"":""2025-08-20T04:10:34Z"",""Latitude"":9.3016925,""Longitude"":123.3042685,""Match_Confidence"":"""",""Match_Reason"":"""",""Name"":""Seven Monkeys Korean Supermarket"",""Notes"":"""",""OSM_ID"":""13083672962"",""OSM_Type"":""node"",""Parent_Venue"":"""",""Restroom_Presence"":""Unknown"",""Restroom_Verification"":""candidate_unverified"",""Source"":""OSM"",""Source_ID"":""node/13083672962"",""Temporary_Record_ID"":""osm_node_13083672962"",""Venue_Category"":""retail_major""}"
buttler_loc_4948028b2f56864cbc27,node/13127849168,OSM,node/13127849168,restroom_acquisition,Roda's Eatery,9.3188933,123.3028232,Yakal Street,unknown,unknown,Unknown,Unknown,candidate_unverified,"{""Access"":""unknown"",""Acquisition_Date"":""2026-09-01"",""Address"":""Yakal Street"",""Bidet_Presence"":""Unknown"",""Candidate_Priority"":""High"",""Candidate_Reason"":""Restaurant or fast-food venue (amenity=restaurant)"",""Fee"":""unknown"",""Last_Source_Update"":""2026-01-20T01:12:27Z"",""Latitude"":9.3188933,""Longitude"":123.3028232,""Match_Confidence"":"""",""Match_Reason"":"""",""Name"":""Roda's Eatery"",""Notes"":"""",""OSM_ID"":""13127849168"",""OSM_Type"":""node"",""Parent_Venue"":"""",""Restroom_Presence"":""Unknown"",""Restroom_Verification"":""candidate_unverified"",""Source"":""OSM"",""Source_ID"":""node/13127849168"",""Temporary_Record_ID"":""osm_node_13127849168"",""Venue_Category"":""food_major""}"
buttler_loc_bd030d7c8b3ffb8a3602,node/13185576730,OSM,node/13185576730,restroom_acquisition,Meltin' Pot,9.3034468,123.306645,"Mabini Street, Poblacion 2, Dumaguete City",unknown,unknown,Unknown,Unknown,candidate_unverified,"{""Access"":""unknown"",""Acquisition_Date"":""2026-09-01"",""Address"":""Mabini Street, Poblacion 2, Dumaguete City"",""Bidet_Presence"":""Unknown"",""Candidate_Priority"":""High"",""Candidate_Reason"":""Restaurant or fast-food venue (amenity=restaurant)"",""Fee"":""unknown"",""Last_Source_Update"":""2025-10-01T08:38:03Z"",""Latitude"":9.3034468,""Longitude"":123.306645,""Match_Confidence"":"""",""Match_Reason"":"""",""Name"":""Meltin' Pot"",""Notes"":"""",""OSM_ID"":""13185576730"",""OSM_Type"":""node"",""Parent_Venue"":""way/1184890346"",""Restroom_Presence"":""Unknown"",""Restroom_Verification"":""candidate_unverified"",""Source"":""OSM"",""Source_ID"":""node/13185576730"",""Temporary_Record_ID"":""osm_node_13185576730"",""Venue_Category"":""food_major""}"
buttler_loc_0a6ac89414acff19a126,node/13275711050,OSM,node/13275711050,restroom_acquisition,Little Dodong,9.3258022,123.3112318,,unknown,unknown,Unknown,Unknown,candidate_unverified,"{""Access"":""unknown"",""Acquisition_Date"":""2026-09-01"",""Address"":"""",""Bidet_Presence"":""Unknown"",""Candidate_Priority"":""Medium"",""Candidate_Reason"":""Convenience store; restroom uncertain (shop=convenience)"",""Fee"":""unknown"",""Last_Source_Update"":""2025-11-02T14:59:44Z"",""Latitude"":9.3258022,""Longitude"":123.3112318,""Match_Confidence"":"""",""Match_Reason"":"""",""Name"":""Little Dodong"",""Notes"":"""",""OSM_ID"":""13275711050"",""OSM_Type"":""node"",""Parent_Venue"":"""",""Restroom_Presence"":""Unknown"",""Restroom_Verification"":""candidate_unverified"",""Source"":""OSM"",""Source_ID"":""node/13275711050"",""Temporary_Record_ID"":""osm_node_13275711050"",""Venue_Category"":""convenience""}"
buttler_loc_4461fa0bc1a40eec8695,node/13277273478,OSM,node/13277273478,restroom_acquisition,Potato Corner,9.3077865,123.3095528,"Rizal Boulevard, Poblacion 4, Dumaguete City",unknown,unknown,Unknown,Unknown,candidate_unverified,"{""Access"":""unknown"",""Acquisition_Date"":""2026-09-01"",""Address"":""Rizal Boulevard, Poblacion 4, Dumaguete City"",""Bidet_Presence"":""Unknown"",""Candidate_Priority"":""High"",""Candidate_Reason"":""Restaurant or fast-food venue (amenity=fast_food)"",""Fee"":""unknown"",""Last_Source_Update"":""2025-11-03T10:28:22Z"",""Latitude"":9.3077865,""Longitude"":123.3095528,""Match_Confidence"":"""",""Match_Reason"":"""",""Name"":""Potato Corner"",""Notes"":"""",""OSM_ID"":""13277273478"",""OSM_Type"":""node"",""Parent_Venue"":""Paseo Perdices"",""Restroom_Presence"":""Unknown"",""Restroom_Verification"":""candidate_unverified"",""Source"":""OSM"",""Source_ID"":""node/13277273478"",""Temporary_Record_ID"":""osm_node_13277273478"",""Venue_Category"":""food_major""}"
buttler_loc_2a05d6a986eae35519a9,node/13277273479,OSM,node/13277273479,restroom_acquisition,Chatime,9.307779,123.3094789,"Rizal Boulevard, Poblacion 4, Dumaguete City",unknown,unknown,Unknown,Unknown,candidate_unverified,"{""Access"":""unknown"",""Acquisition_Date"":""2026-09-01"",""Address"":""Rizal Boulevard, Poblacion 4, Dumaguete City"",""Bidet_Presence"":""Unknown"",""Candidate_Priority"":""Medium"",""Candidate_Reason"":""Food/drink venue; restroom uncertain (amenity=cafe)"",""Fee"":""unknown"",""Last_Source_Update"":""2025-11-03T10:28:22Z"",""Latitude"":9.307779,""Longitude"":123.3094789,""Match_Confidence"":"""",""Match_Reason"":"""",""Name"":""Chatime"",""Notes"":"""",""OSM_ID"":""13277273479"",""OSM_Type"":""node"",""Parent_Venue"":""Paseo Perdices"",""Restroom_Presence"":""Unknown"",""Restroom_Verification"":""candidate_unverified"",""Source"":""OSM"",""Source_ID"":""node/13277273479"",""Temporary_Record_ID"":""osm_node_13277273479"",""Venue_Category"":""food_drink""}"
buttler_loc_64f58b63f0843938db5b,node/13277273604,OSM,node/13277273604,restroom_acquisition,The L.A.B.,9.307647,123.3095654,"Rizal Boulevard, Poblacion 4, Dumaguete City",unknown,unknown,Unknown,Unknown,candidate_unverified,"{""Access"":""unknown"",""Acquisition_Date"":""2026-09-01"",""Address"":""Rizal Boulevard, Poblacion 4, Dumaguete City"",""Bidet_Presence"":""Unknown"",""Candidate_Priority"":""Medium"",""Candidate_Reason"":""Clinic; customer restroom plausible (amenity=clinic)"",""Fee"":""unknown"",""Last_Source_Update"":""2025-11-03T10:28:22Z"",""Latitude"":9.307647,""Longitude"":123.3095654,""Match_Confidence"":"""",""Match_Reason"":"""",""Name"":""The L.A.B."",""Notes"":"""",""OSM_ID"":""13277273604"",""OSM_Type"":""node"",""Parent_Venue"":""Paseo Perdices"",""Restroom_Presence"":""Unknown"",""Restroom_Verification"":""candidate_unverified"",""Source"":""OSM"",""Source_ID"":""node/13277273604"",""Temporary_Record_ID"":""osm_node_13277273604"",""Venue_Category"":""clinic""}"
buttler_loc_4ca7ebd1041d1955be36,node/13420322606,OSM,node/13420322606,restroom_acquisition,Choobi Choobi,9.3199248,123.3122393,,unknown,unknown,Unknown,Unknown,candidate_unverified,"{""Access"":""unknown"",""Acquisition_Date"":""2026-09-01"",""Address"":"""",""Bidet_Presence"":""Unknown"",""Candidate_Priority"":""High"",""Candidate_Reason"":""Restaurant or fast-food venue (amenity=restaurant)"",""Fee"":""unknown"",""Last_Source_Update"":""2025-12-31T04:01:22Z"",""Latitude"":9.3199248,""Longitude"":123.3122393,""Match_Confidence"":"""",""Match_Reason"":"""",""Name"":""Choobi Choobi"",""Notes"":"""",""OSM_ID"":""13420322606"",""OSM_Type"":""node"",""Parent_Venue"":"""",""Restroom_Presence"":""Unknown"",""Restroom_Verification"":""candidate_unverified"",""Source"":""OSM"",""Source_ID"":""node/13420322606"",""Temporary_Record_ID"":""osm_node_13420322606"",""Venue_Category"":""food_major""}"
buttler_loc_87704c5eb606b1518697,node/13420322607,OSM,node/13420322607,restroom_acquisition,Sachi,9.3201655,123.3123631,,unknown,unknown,Unknown,Unknown,candidate_unverified,"{""Access"":""unknown"",""Acquisition_Date"":""2026-09-01"",""Address"":"""",""Bidet_Presence"":""Unknown"",""Candidate_Priority"":""High"",""Candidate_Reason"":""Restaurant or fast-food venue (amenity=restaurant)"",""Fee"":""unknown"",""Last_Source_Update"":""2025-12-31T04:01:22Z"",""Latitude"":9.3201655,""Longitude"":123.3123631,""Match_Confidence"":"""",""Match_Reason"":"""",""Name"":""Sachi"",""Notes"":"""",""OSM_ID"":""13420322607"",""OSM_Type"":""node"",""Parent_Venue"":"""",""Restroom_Presence"":""Unknown"",""Restroom_Verification"":""candidate_unverified"",""Source"":""OSM"",""Source_ID"":""node/13420322607"",""Temporary_Record_ID"":""osm_node_13420322607"",""Venue_Category"":""food_major""}"
buttler_loc_3fd2b8c150f387402d8d,node/13420322628,OSM,node/13420322628,restroom_acquisition,Bigby's Café and Restaurant,9.3222058,123.3120769,,unknown,unknown,Unknown,Unknown,candidate_unverified,"{""Access"":""unknown"",""Acquisition_Date"":""2026-09-01"",""Address"":"""",""Bidet_Presence"":""Unknown"",""Candidate_Priority"":""High"",""Candidate_Reason"":""Restaurant or fast-food venue (amenity=restaurant)"",""Fee"":""unknown"",""Last_Source_Update"":""2025-12-31T04:01:22Z"",""Latitude"":9.3222058,""Longitude"":123.3120769,""Match_Confidence"":"""",""Match_Reason"":"""",""Name"":""Bigby's Café and Restaurant"",""Notes"":"""",""OSM_ID"":""13420322628"",""OSM_Type"":""node"",""Parent_Venue"":"""",""Restroom_Presence"":""Unknown"",""Restroom_Verification"":""candidate_unverified"",""Source"":""OSM"",""Source_ID"":""node/13420322628"",""Temporary_Record_ID"":""osm_node_13420322628"",""Venue_Category"":""food_major""}"
buttler_loc_db24d363b1af92dffcfe,node/13420322629,OSM,node/13420322629,restroom_acquisition,Hukad Everyday Filipino,9.3227261,123.3120176,,unknown,unknown,Unknown,Unknown,candidate_unverified,"{""Access"":""unknown"",""Acquisition_Date"":""2026-09-01"",""Address"":"""",""Bidet_Presence"":""Unknown"",""Candidate_Priority"":""High"",""Candidate_Reason"":""Restaurant or fast-food venue (amenity=restaurant)"",""Fee"":""unknown"",""Last_Source_Update"":""2025-12-31T04:01:22Z"",""Latitude"":9.3227261,""Longitude"":123.3120176,""Match_Confidence"":"""",""Match_Reason"":"""",""Name"":""Hukad Everyday Filipino"",""Notes"":"""",""OSM_ID"":""13420322629"",""OSM_Type"":""node"",""Parent_Venue"":"""",""Restroom_Presence"":""Unknown"",""Restroom_Verification"":""candidate_unverified"",""Source"":""OSM"",""Source_ID"":""node/13420322629"",""Temporary_Record_ID"":""osm_node_13420322629"",""Venue_Category"":""food_major""}"
buttler_loc_3e8ecf9fcff86b25a14f,node/13420322631,OSM,node/13420322631,restroom_acquisition,Inasal Gid,9.3239628,123.3116316,,unknown,unknown,Unknown,Unknown,candidate_unverified,"{""Access"":""unknown"",""Acquisition_Date"":""2026-09-01"",""Address"":"""",""Bidet_Presence"":""Unknown"",""Candidate_Priority"":""High"",""Candidate_Reason"":""Restaurant or fast-food venue (amenity=restaurant)"",""Fee"":""unknown"",""Last_Source_Update"":""2025-12-31T04:01:22Z"",""Latitude"":9.3239628,""Longitude"":123.3116316,""Match_Confidence"":"""",""Match_Reason"":"""",""Name"":""Inasal Gid"",""Notes"":"""",""OSM_ID"":""13420322631"",""OSM_Type"":""node"",""Parent_Venue"":"""",""Restroom_Presence"":""Unknown"",""Restroom_Verification"":""candidate_unverified"",""Source"":""OSM"",""Source_ID"":""node/13420322631"",""Temporary_Record_ID"":""osm_node_13420322631"",""Venue_Category"":""food_major""}"
buttler_loc_bd45af255f0c48951316,node/13426083823,OSM,node/13426083823,restroom_acquisition,Viet Nom,9.3168892,123.3055765,,unknown,unknown,Unknown,Unknown,candidate_unverified,"{""Access"":""unknown"",""Acquisition_Date"":""2026-09-01"",""Address"":"""",""Bidet_Presence"":""Unknown"",""Candidate_Priority"":""High"",""Candidate_Reason"":""Restaurant or fast-food venue (amenity=restaurant)"",""Fee"":""unknown"",""Last_Source_Update"":""2026-01-02T07:04:24Z"",""Latitude"":9.3168892,""Longitude"":123.3055765,""Match_Confidence"":"""",""Match_Reason"":"""",""Name"":""Viet Nom"",""Notes"":"""",""OSM_ID"":""13426083823"",""OSM_Type"":""node"",""Parent_Venue"":"""",""Restroom_Presence"":""Unknown"",""Restroom_Verification"":""candidate_unverified"",""Source"":""OSM"",""Source_ID"":""node/13426083823"",""Temporary_Record_ID"":""osm_node_13426083823"",""Venue_Category"":""food_major""}"
buttler_loc_23f5ac99dd4d2d3ae37e,node/13541130358,OSM,node/13541130358,restroom_acquisition,Uncle John's,9.3167384,123.3044683,Dumaguete,unknown,unknown,Unknown,Unknown,candidate_unverified,"{""Access"":""unknown"",""Acquisition_Date"":""2026-09-01"",""Address"":""Dumaguete"",""Bidet_Presence"":""Unknown"",""Candidate_Priority"":""Medium"",""Candidate_Reason"":""Convenience store; restroom uncertain (shop=convenience)"",""Fee"":""unknown"",""Last_Source_Update"":""2026-02-10T15:50:52Z"",""Latitude"":9.3167384,""Longitude"":123.3044683,""Match_Confidence"":"""",""Match_Reason"":"""",""Name"":""Uncle John's"",""Notes"":"""",""OSM_ID"":""13541130358"",""OSM_Type"":""node"",""Parent_Venue"":"""",""Restroom_Presence"":""Unknown"",""Restroom_Verification"":""candidate_unverified"",""Source"":""OSM"",""Source_ID"":""node/13541130358"",""Temporary_Record_ID"":""osm_node_13541130358"",""Venue_Category"":""convenience""}"
buttler_loc_58b0b0850eef9e270731,node/13589062529,OSM,node/13589062529,restroom_acquisition,Belcris,9.3103382,123.3084132,,unknown,unknown,Unknown,Unknown,candidate_unverified,"{""Access"":""unknown"",""Acquisition_Date"":""2026-09-01"",""Address"":"""",""Bidet_Presence"":""Unknown"",""Candidate_Priority"":""High"",""Candidate_Reason"":""High-traffic major retail venue (shop=supermarket)"",""Fee"":""unknown"",""Last_Source_Update"":""2026-02-22T08:55:27Z"",""Latitude"":9.3103382,""Longitude"":123.3084132,""Match_Confidence"":"""",""Match_Reason"":"""",""Name"":""Belcris"",""Notes"":"""",""OSM_ID"":""13589062529"",""OSM_Type"":""node"",""Parent_Venue"":"""",""Restroom_Presence"":""Unknown"",""Restroom_Verification"":""candidate_unverified"",""Source"":""OSM"",""Source_ID"":""node/13589062529"",""Temporary_Record_ID"":""osm_node_13589062529"",""Venue_Category"":""retail_major""}"
buttler_loc_5a7a719fc8f0ab186979,node/13724645398,OSM,node/13724645398,restroom_acquisition,Southview Hotel,9.2888881,123.2954995,,unknown,unknown,Unknown,Unknown,candidate_unverified,"{""Access"":""unknown"",""Acquisition_Date"":""2026-09-01"",""Address"":"""",""Bidet_Presence"":""Unknown"",""Candidate_Priority"":""High"",""Candidate_Reason"":""Substantial accommodation (tourism=hotel)"",""Fee"":""unknown"",""Last_Source_Update"":""2026-04-12T07:19:43Z"",""Latitude"":9.2888881,""Longitude"":123.2954995,""Match_Confidence"":"""",""Match_Reason"":"""",""Name"":""Southview Hotel"",""Notes"":"""",""OSM_ID"":""13724645398"",""OSM_Type"":""node"",""Parent_Venue"":"""",""Restroom_Presence"":""Unknown"",""Restroom_Verification"":""candidate_unverified"",""Source"":""OSM"",""Source_ID"":""node/13724645398"",""Temporary_Record_ID"":""osm_node_13724645398"",""Venue_Category"":""accommodation""}"
buttler_loc_822c2ee1114d22b5efec,node/13807633201,OSM,node/13807633201,restroom_acquisition,Bakugo Ramen,9.3261187,123.3068229,,unknown,unknown,Unknown,Unknown,candidate_unverified,"{""Access"":""unknown"",""Acquisition_Date"":""2026-09-01"",""Address"":"""",""Bidet_Presence"":""Unknown"",""Candidate_Priority"":""High"",""Candidate_Reason"":""Restaurant or fast-food venue (amenity=restaurant)"",""Fee"":""unknown"",""Last_Source_Update"":""2026-05-08T04:27:00Z"",""Latitude"":9.3261187,""Longitude"":123.3068229,""Match_Confidence"":"""",""Match_Reason"":"""",""Name"":""Bakugo Ramen"",""Notes"":"""",""OSM_ID"":""13807633201"",""OSM_Type"":""node"",""Parent_Venue"":"""",""Restroom_Presence"":""Unknown"",""Restroom_Verification"":""candidate_unverified"",""Source"":""OSM"",""Source_ID"":""node/13807633201"",""Temporary_Record_ID"":""osm_node_13807633201"",""Venue_Category"":""food_major""}"
buttler_loc_6c464140c2d66dc53ee8,node/14029988287,OSM,node/14029988287,restroom_acquisition,Fitness Camp Gym Banilad,9.2828617,123.2939091,,unknown,unknown,Unknown,Unknown,candidate_unverified,"{""Access"":""unknown"",""Acquisition_Date"":""2026-09-01"",""Address"":"""",""Bidet_Presence"":""Unknown"",""Candidate_Priority"":""Medium"",""Candidate_Reason"":""Fitness venue (leisure=fitness_centre)"",""Fee"":""unknown"",""Last_Source_Update"":""2026-07-21T00:58:08Z"",""Latitude"":9.2828617,""Longitude"":123.2939091,""Match_Confidence"":"""",""Match_Reason"":"""",""Name"":""Fitness Camp Gym Banilad"",""Notes"":"""",""OSM_ID"":""14029988287"",""OSM_Type"":""node"",""Parent_Venue"":"""",""Restroom_Presence"":""Unknown"",""Restroom_Verification"":""candidate_unverified"",""Source"":""OSM"",""Source_ID"":""node/14029988287"",""Temporary_Record_ID"":""osm_node_14029988287"",""Venue_Category"":""fitness""}"
buttler_loc_13344657eb13fdf933e0,node/14057718501,OSM,node/14057718501,restroom_acquisition,DECO Pickleball Courts,9.3245444,123.2980133,"REAL ST., Dumaguete City, Negros Oriental",unknown,unknown,Unknown,Unknown,candidate_unverified,"{""Access"":""unknown"",""Acquisition_Date"":""2026-09-01"",""Address"":""REAL ST., Dumaguete City, Negros Oriental"",""Bidet_Presence"":""Unknown"",""Candidate_Priority"":""High"",""Candidate_Reason"":""Major recreation venue (leisure=sports_centre)"",""Fee"":""unknown"",""Last_Source_Update"":""2026-07-29T03:44:14Z"",""Latitude"":9.3245444,""Longitude"":123.2980133,""Match_Confidence"":"""",""Match_Reason"":"""",""Name"":""DECO Pickleball Courts"",""Notes"":"""",""OSM_ID"":""14057718501"",""OSM_Type"":""node"",""Parent_Venue"":"""",""Restroom_Presence"":""Unknown"",""Restroom_Verification"":""candidate_unverified"",""Source"":""OSM"",""Source_ID"":""node/14057718501"",""Temporary_Record_ID"":""osm_node_14057718501"",""Venue_Category"":""recreation_major""}"
buttler_loc_48f45ac1c52fd39fabb9,node/14057797677,OSM,node/14057797677,restroom_acquisition,Cansi Balbacua,9.2910733,123.2973145,,unknown,unknown,Unknown,Unknown,candidate_unverified,"{""Access"":""unknown"",""Acquisition_Date"":""2026-09-01"",""Address"":"""",""Bidet_Presence"":""Unknown"",""Candidate_Priority"":""High"",""Candidate_Reason"":""Restaurant or fast-food venue (amenity=restaurant)"",""Fee"":""unknown"",""Last_Source_Update"":""2026-07-29T05:08:50Z"",""Latitude"":9.2910733,""Longitude"":123.2973145,""Match_Confidence"":"""",""Match_Reason"":"""",""Name"":""Cansi Balbacua"",""Notes"":"""",""OSM_ID"":""14057797677"",""OSM_Type"":""node"",""Parent_Venue"":"""",""Restroom_Presence"":""Unknown"",""Restroom_Verification"":""candidate_unverified"",""Source"":""OSM"",""Source_ID"":""node/14057797677"",""Temporary_Record_ID"":""osm_node_14057797677"",""Venue_Category"":""food_major""}"
buttler_loc_499d0428f6d19aecd508,node/14102020693,OSM,node/14102020693,restroom_acquisition,Elens Sari-Sari Store,9.3092617,123.3088653,,unknown,unknown,Unknown,Unknown,candidate_unverified,"{""Access"":""unknown"",""Acquisition_Date"":""2026-09-01"",""Address"":"""",""Bidet_Presence"":""Unknown"",""Candidate_Priority"":""Medium"",""Candidate_Reason"":""Convenience store; restroom uncertain (shop=convenience)"",""Fee"":""unknown"",""Last_Source_Update"":""2026-08-18T01:26:32Z"",""Latitude"":9.3092617,""Longitude"":123.3088653,""Match_Confidence"":"""",""Match_Reason"":"""",""Name"":""Elens Sari-Sari Store"",""Notes"":"""",""OSM_ID"":""14102020693"",""OSM_Type"":""node"",""Parent_Venue"":"""",""Restroom_Presence"":""Unknown"",""Restroom_Verification"":""candidate_unverified"",""Source"":""OSM"",""Source_ID"":""node/14102020693"",""Temporary_Record_ID"":""osm_node_14102020693"",""Venue_Category"":""convenience""}"
buttler_loc_b94fec87764fc7ddd94b,node/14136952160,OSM,node/14136952160,restroom_acquisition,McKoy's Kitchenette,9.311698,123.2989737,,unknown,unknown,Unknown,Unknown,candidate_unverified,"{""Access"":""unknown"",""Acquisition_Date"":""2026-09-01"",""Address"":"""",""Bidet_Presence"":""Unknown"",""Candidate_Priority"":""High"",""Candidate_Reason"":""Restaurant or fast-food venue (amenity=restaurant)"",""Fee"":""unknown"",""Last_Source_Update"":""2026-08-31T11:29:40Z"",""Latitude"":9.311698,""Longitude"":123.2989737,""Match_Confidence"":"""",""Match_Reason"":"""",""Name"":""McKoy's Kitchenette"",""Notes"":"""",""OSM_ID"":""14136952160"",""OSM_Type"":""node"",""Parent_Venue"":"""",""Restroom_Presence"":""Unknown"",""Restroom_Verification"":""candidate_unverified"",""Source"":""OSM"",""Source_ID"":""node/14136952160"",""Temporary_Record_ID"":""osm_node_14136952160"",""Venue_Category"":""food_major""}"
buttler_loc_8418c335452283e2ee4d,node/14139878296,OSM,node/14139878296,restroom_acquisition,Hawker Chan,9.3226178,123.2985665,,unknown,unknown,Unknown,Unknown,candidate_unverified,"{""Access"":""unknown"",""Acquisition_Date"":""2026-09-01"",""Address"":"""",""Bidet_Presence"":""Unknown"",""Candidate_Priority"":""High"",""Candidate_Reason"":""Restaurant or fast-food venue (amenity=restaurant)"",""Fee"":""unknown"",""Last_Source_Update"":""2026-09-01T12:00:28Z"",""Latitude"":9.3226178,""Longitude"":123.2985665,""Match_Confidence"":"""",""Match_Reason"":"""",""Name"":""Hawker Chan"",""Notes"":"""",""OSM_ID"":""14139878296"",""OSM_Type"":""node"",""Parent_Venue"":"""",""Restroom_Presence"":""Unknown"",""Restroom_Verification"":""candidate_unverified"",""Source"":""OSM"",""Source_ID"":""node/14139878296"",""Temporary_Record_ID"":""osm_node_14139878296"",""Venue_Category"":""food_major""}"
buttler_loc_c598b00ec110d6a6ac29,way/104759171,OSM,way/104759171,restroom_acquisition,Hotel Nicanor,9.3079409,123.3081719,San Jose,unknown,unknown,Unknown,Unknown,candidate_unverified,"{""Access"":""unknown"",""Acquisition_Date"":""2026-09-01"",""Address"":""San Jose"",""Bidet_Presence"":""Unknown"",""Candidate_Priority"":""High"",""Candidate_Reason"":""Substantial accommodation (tourism=hotel)"",""Fee"":""unknown"",""Last_Source_Update"":""2026-05-05T16:55:02Z"",""Latitude"":9.3079409,""Longitude"":123.3081719,""Match_Confidence"":"""",""Match_Reason"":"""",""Name"":""Hotel Nicanor"",""Notes"":"""",""OSM_ID"":""104759171"",""OSM_Type"":""way"",""Parent_Venue"":"""",""Restroom_Presence"":""Unknown"",""Restroom_Verification"":""candidate_unverified"",""Source"":""OSM"",""Source_ID"":""way/104759171"",""Temporary_Record_ID"":""osm_way_104759171"",""Venue_Category"":""accommodation""}"
buttler_loc_5474955bbe414dc6ea45,way/104759177,OSM,way/104759177,restroom_acquisition,Dumaguete City Public Market,9.3055053,123.3066328,"Real Street, Dumaguete",unknown,unknown,Unknown,Unknown,candidate_unverified,"{""Access"":""unknown"",""Acquisition_Date"":""2026-09-01"",""Address"":""Real Street, Dumaguete"",""Bidet_Presence"":""Unknown"",""Candidate_Priority"":""High"",""Candidate_Reason"":""Public market (amenity=marketplace)"",""Fee"":""unknown"",""Last_Source_Update"":""2024-05-06T02:12:39Z"",""Latitude"":9.3055053,""Longitude"":123.3066328,""Match_Confidence"":"""",""Match_Reason"":"""",""Name"":""Dumaguete City Public Market"",""Notes"":"""",""OSM_ID"":""104759177"",""OSM_Type"":""way"",""Parent_Venue"":"""",""Restroom_Presence"":""Unknown"",""Restroom_Verification"":""candidate_unverified"",""Source"":""OSM"",""Source_ID"":""way/104759177"",""Temporary_Record_ID"":""osm_way_104759177"",""Venue_Category"":""public_market""}"
buttler_loc_5a2cf09dadb85aa3e6dd,way/105430119,OSM,way/105430119,restroom_acquisition,Bethel Guest House,9.3062835,123.3099902,Rizal Boulevard,unknown,unknown,Unknown,Unknown,candidate_unverified,"{""Access"":""unknown"",""Acquisition_Date"":""2026-09-01"",""Address"":""Rizal Boulevard"",""Bidet_Presence"":""Unknown"",""Candidate_Priority"":""High"",""Candidate_Reason"":""Substantial accommodation (tourism=hotel)"",""Fee"":""unknown"",""Last_Source_Update"":""2025-02-07T23:51:03Z"",""Latitude"":9.3062835,""Longitude"":123.3099902,""Match_Confidence"":"""",""Match_Reason"":"""",""Name"":""Bethel Guest House"",""Notes"":"""",""OSM_ID"":""105430119"",""OSM_Type"":""way"",""Parent_Venue"":"""",""Restroom_Presence"":""Unknown"",""Restroom_Verification"":""candidate_unverified"",""Source"":""OSM"",""Source_ID"":""way/105430119"",""Temporary_Record_ID"":""osm_way_105430119"",""Venue_Category"":""accommodation""}"
buttler_loc_a580c7c8981e4ee4094e,way/105430120,OSM,way/105430120,restroom_acquisition,Dumaguete City Hall,9.3049297,123.3095208,,unknown,unknown,Unknown,Unknown,candidate_unverified,"{""Access"":""unknown"",""Acquisition_Date"":""2026-09-01"",""Address"":"""",""Bidet_Presence"":""Unknown"",""Candidate_Priority"":""High"",""Candidate_Reason"":""Public/civic facility (amenity=townhall)"",""Fee"":""unknown"",""Last_Source_Update"":""2025-02-04T02:29:53Z"",""Latitude"":9.3049297,""Longitude"":123.3095208,""Match_Confidence"":"""",""Match_Reason"":"""",""Name"":""Dumaguete City Hall"",""Notes"":"""",""OSM_ID"":""105430120"",""OSM_Type"":""way"",""Parent_Venue"":"""",""Restroom_Presence"":""Unknown"",""Restroom_Verification"":""candidate_unverified"",""Source"":""OSM"",""Source_ID"":""way/105430120"",""Temporary_Record_ID"":""osm_way_105430120"",""Venue_Category"":""civic""}"
buttler_loc_d99368ac8ddda980838a,way/105430122,OSM,way/105430122,restroom_acquisition,Coco Grande,9.3153432,123.3077309,,unknown,unknown,Unknown,Unknown,candidate_unverified,"{""Access"":""unknown"",""Acquisition_Date"":""2026-09-01"",""Address"":"""",""Bidet_Presence"":""Unknown"",""Candidate_Priority"":""High"",""Candidate_Reason"":""Substantial accommodation (tourism=hotel)"",""Fee"":""unknown"",""Last_Source_Update"":""2025-03-18T07:57:22Z"",""Latitude"":9.3153432,""Longitude"":123.3077309,""Match_Confidence"":"""",""Match_Reason"":"""",""Name"":""Coco Grande"",""Notes"":"""",""OSM_ID"":""105430122"",""OSM_Type"":""way"",""Parent_Venue"":"""",""Restroom_Presence"":""Unknown"",""Restroom_Verification"":""candidate_unverified"",""Source"":""OSM"",""Source_ID"":""way/105430122"",""Temporary_Record_ID"":""osm_way_105430122"",""Venue_Category"":""accommodation""}"
buttler_loc_1f3961df189c5eeff5c2,way/109375282,OSM,way/109375282,restroom_acquisition,C and L Bayview,9.3045523,123.3095228,,unknown,unknown,Unknown,Unknown,candidate_unverified,"{""Access"":""unknown"",""Acquisition_Date"":""2026-09-01"",""Address"":"""",""Bidet_Presence"":""Unknown"",""Candidate_Priority"":""High"",""Candidate_Reason"":""Substantial accommodation (tourism=hotel)"",""Fee"":""unknown"",""Last_Source_Update"":""2025-06-26T07:46:21Z"",""Latitude"":9.3045523,""Longitude"":123.3095228,""Match_Confidence"":"""",""Match_Reason"":"""",""Name"":""C and L Bayview"",""Notes"":"""",""OSM_ID"":""109375282"",""OSM_Type"":""way"",""Parent_Venue"":"""",""Restroom_Presence"":""Unknown"",""Restroom_Verification"":""candidate_unverified"",""Source"":""OSM"",""Source_ID"":""way/109375282"",""Temporary_Record_ID"":""osm_way_109375282"",""Venue_Category"":""accommodation""}"
buttler_loc_43dc2c6dfd836b835455,way/137378644,OSM,way/137378644,restroom_acquisition,Unitop,9.3066664,123.3075201,,unknown,unknown,Unknown,Unknown,candidate_unverified,"{""Access"":""unknown"",""Acquisition_Date"":""2026-09-01"",""Address"":"""",""Bidet_Presence"":""Unknown"",""Candidate_Priority"":""High"",""Candidate_Reason"":""High-traffic major retail venue (shop=department_store)"",""Fee"":""unknown"",""Last_Source_Update"":""2022-10-31T07:43:33Z"",""Latitude"":9.3066664,""Longitude"":123.3075201,""Match_Confidence"":"""",""Match_Reason"":"""",""Name"":""Unitop"",""Notes"":"""",""OSM_ID"":""137378644"",""OSM_Type"":""way"",""Parent_Venue"":"""",""Restroom_Presence"":""Unknown"",""Restroom_Verification"":""candidate_unverified"",""Source"":""OSM"",""Source_ID"":""way/137378644"",""Temporary_Record_ID"":""osm_way_137378644"",""Venue_Category"":""retail_major""}"
buttler_loc_37e2d1bdca057eb0a0cb,way/137378845,OSM,way/137378845,restroom_acquisition,Plaza Maria Luisa Suites Inn,9.306697,123.3083482,,unknown,unknown,Unknown,Unknown,candidate_unverified,"{""Access"":""unknown"",""Acquisition_Date"":""2026-09-01"",""Address"":"""",""Bidet_Presence"":""Unknown"",""Candidate_Priority"":""High"",""Candidate_Reason"":""Substantial accommodation (tourism=hotel)"",""Fee"":""unknown"",""Last_Source_Update"":""2025-11-11T06:30:41Z"",""Latitude"":9.306697,""Longitude"":123.3083482,""Match_Confidence"":"""",""Match_Reason"":"""",""Name"":""Plaza Maria Luisa Suites Inn"",""Notes"":"""",""OSM_ID"":""137378845"",""OSM_Type"":""way"",""Parent_Venue"":"""",""Restroom_Presence"":""Unknown"",""Restroom_Verification"":""candidate_unverified"",""Source"":""OSM"",""Source_ID"":""way/137378845"",""Temporary_Record_ID"":""osm_way_137378845"",""Venue_Category"":""accommodation""}"
buttler_loc_964bad00ef29ef706e62,way/137405189,OSM,way/137405189,restroom_acquisition,FoodNet,9.3085069,123.3086492,"Santa Catalina, Dumaguete",unknown,unknown,Unknown,Unknown,candidate_unverified,"{""Access"":""unknown"",""Acquisition_Date"":""2026-09-01"",""Address"":""Santa Catalina, Dumaguete"",""Bidet_Presence"":""Unknown"",""Candidate_Priority"":""High"",""Candidate_Reason"":""Restaurant or fast-food venue (amenity=fast_food)"",""Fee"":""unknown"",""Last_Source_Update"":""2025-02-13T01:23:52Z"",""Latitude"":9.3085069,""Longitude"":123.3086492,""Match_Confidence"":"""",""Match_Reason"":"""",""Name"":""FoodNet"",""Notes"":"""",""OSM_ID"":""137405189"",""OSM_Type"":""way"",""Parent_Venue"":"""",""Restroom_Presence"":""Unknown"",""Restroom_Verification"":""candidate_unverified"",""Source"":""OSM"",""Source_ID"":""way/137405189"",""Temporary_Record_ID"":""osm_way_137405189"",""Venue_Category"":""food_major""}"
buttler_loc_c808a1be8dc6f5b63d4d,way/138557063,OSM,way/138557063,restroom_acquisition,Negros Lodging House,9.2997341,123.3035745,"Governor Perdices Street, Dumaguete",unknown,unknown,Unknown,Unknown,candidate_unverified,"{""Access"":""unknown"",""Acquisition_Date"":""2026-09-01"",""Address"":""Governor Perdices Street, Dumaguete"",""Bidet_Presence"":""Unknown"",""Candidate_Priority"":""High"",""Candidate_Reason"":""Substantial accommodation (tourism=hostel)"",""Fee"":""unknown"",""Last_Source_Update"":""2025-12-31T02:31:52Z"",""Latitude"":9.2997341,""Longitude"":123.3035745,""Match_Confidence"":"""",""Match_Reason"":"""",""Name"":""Negros Lodging House"",""Notes"":"""",""OSM_ID"":""138557063"",""OSM_Type"":""way"",""Parent_Venue"":"""",""Restroom_Presence"":""Unknown"",""Restroom_Verification"":""candidate_unverified"",""Source"":""OSM"",""Source_ID"":""way/138557063"",""Temporary_Record_ID"":""osm_way_138557063"",""Venue_Category"":""accommodation""}"
buttler_loc_79782a958f10f21bc3e3,way/138557323,OSM,way/138557323,restroom_acquisition,Riverside Lodge,9.3028872,123.3052987,,unknown,unknown,Unknown,Unknown,candidate_unverified,"{""Access"":""unknown"",""Acquisition_Date"":""2026-09-01"",""Address"":"""",""Bidet_Presence"":""Unknown"",""Candidate_Priority"":""High"",""Candidate_Reason"":""Substantial accommodation (tourism=hotel)"",""Fee"":""unknown"",""Last_Source_Update"":""2025-09-10T01:41:02Z"",""Latitude"":9.3028872,""Longitude"":123.3052987,""Match_Confidence"":"""",""Match_Reason"":"""",""Name"":""Riverside Lodge"",""Notes"":"""",""OSM_ID"":""138557323"",""OSM_Type"":""way"",""Parent_Venue"":"""",""Restroom_Presence"":""Unknown"",""Restroom_Verification"":""candidate_unverified"",""Source"":""OSM"",""Source_ID"":""way/138557323"",""Temporary_Record_ID"":""osm_way_138557323"",""Venue_Category"":""accommodation""}"
buttler_loc_d913a265f9b8d713002a,way/169427652,OSM,way/169427652,restroom_acquisition,Claire Isabel McGill Luce Auditorium,9.3132948,123.3056527,,unknown,unknown,Unknown,Unknown,candidate_unverified,"{""Access"":""unknown"",""Acquisition_Date"":""2026-09-01"",""Address"":"""",""Bidet_Presence"":""Unknown"",""Candidate_Priority"":""High"",""Candidate_Reason"":""Major entertainment venue (amenity=theatre)"",""Fee"":""unknown"",""Last_Source_Update"":""2025-02-15T03:57:52Z"",""Latitude"":9.3132948,""Longitude"":123.3056527,""Match_Confidence"":"""",""Match_Reason"":"""",""Name"":""Claire Isabel McGill Luce Auditorium"",""Notes"":"""",""OSM_ID"":""169427652"",""OSM_Type"":""way"",""Parent_Venue"":"""",""Restroom_Presence"":""Unknown"",""Restroom_Verification"":""candidate_unverified"",""Source"":""OSM"",""Source_ID"":""way/169427652"",""Temporary_Record_ID"":""osm_way_169427652"",""Venue_Category"":""entertainment_major""}"
buttler_loc_9b43d8284718dcc54d3b,way/169427660,OSM,way/169427660,restroom_acquisition,Gymnasium,9.314467,123.3056137,,restricted,unknown,Unknown,Unknown,candidate_unverified,"{""Access"":""restricted"",""Acquisition_Date"":""2026-09-01"",""Address"":"""",""Bidet_Presence"":""Unknown"",""Candidate_Priority"":""High"",""Candidate_Reason"":""Major recreation venue (leisure=sports_centre)"",""Fee"":""unknown"",""Last_Source_Update"":""2025-02-08T09:18:24Z"",""Latitude"":9.314467,""Longitude"":123.3056137,""Match_Confidence"":"""",""Match_Reason"":"""",""Name"":""Gymnasium"",""Notes"":""Explicit/relevant access is restricted; not asserted publicly usable"",""OSM_ID"":""169427660"",""OSM_Type"":""way"",""Parent_Venue"":"""",""Restroom_Presence"":""Unknown"",""Restroom_Verification"":""candidate_unverified"",""Source"":""OSM"",""Source_ID"":""way/169427660"",""Temporary_Record_ID"":""osm_way_169427660"",""Venue_Category"":""recreation_major""}"
buttler_loc_2777e94e749140934930,way/173874021,OSM,way/173874021,restroom_acquisition,Lee Super Plaza,9.3077402,123.3070858,"Governor M. F. Perdices Street, Dumaguete",unknown,unknown,Unknown,Unknown,candidate_unverified,"{""Access"":""unknown"",""Acquisition_Date"":""2026-09-01"",""Address"":""Governor M. F. Perdices Street, Dumaguete"",""Bidet_Presence"":""Unknown"",""Candidate_Priority"":""High"",""Candidate_Reason"":""High-traffic major retail venue (shop=mall)"",""Fee"":""unknown"",""Last_Source_Update"":""2025-02-22T03:28:13Z"",""Latitude"":9.3077402,""Longitude"":123.3070858,""Match_Confidence"":"""",""Match_Reason"":"""",""Name"":""Lee Super Plaza"",""Notes"":"""",""OSM_ID"":""173874021"",""OSM_Type"":""way"",""Parent_Venue"":"""",""Restroom_Presence"":""Unknown"",""Restroom_Verification"":""candidate_unverified"",""Source"":""OSM"",""Source_ID"":""way/173874021"",""Temporary_Record_ID"":""osm_way_173874021"",""Venue_Category"":""retail_major""}"
buttler_loc_9127763a634897012430,way/174874804,OSM,way/174874804,restroom_acquisition,Robinsons Dumaguete,9.2983894,123.3036364,"Lamberto Macias Avenue, Dumaguete",unknown,unknown,Yes,Unknown,osm_explicit,"{""Access"":""unknown"",""Acquisition_Date"":""2026-09-01"",""Address"":""Lamberto Macias Avenue, Dumaguete"",""Bidet_Presence"":""Unknown"",""Candidate_Priority"":"""",""Candidate_Reason"":""toilets=yes"",""Fee"":""unknown"",""Last_Source_Update"":""2025-02-16T07:37:01Z"",""Latitude"":9.2983894,""Longitude"":123.3036364,""Match_Confidence"":"""",""Match_Reason"":"""",""Name"":""Robinsons Dumaguete"",""Notes"":"""",""OSM_ID"":""174874804"",""OSM_Type"":""way"",""Parent_Venue"":"""",""Restroom_Presence"":""Yes"",""Restroom_Verification"":""osm_explicit"",""Source"":""OSM"",""Source_ID"":""way/174874804"",""Temporary_Record_ID"":""osm_way_174874804"",""Venue_Category"":""explicit_venue""}"
buttler_loc_acdd411df6ba655cdb7d,way/174881563,OSM,way/174881563,restroom_acquisition,Cang's Inc. Shopping Complex,9.315627,123.3020323,"Veterans Avenue, Dumaguete",unknown,unknown,Yes,Unknown,osm_explicit,"{""Access"":""unknown"",""Acquisition_Date"":""2026-09-01"",""Address"":""Veterans Avenue, Dumaguete"",""Bidet_Presence"":""Unknown"",""Candidate_Priority"":"""",""Candidate_Reason"":""toilets=yes"",""Fee"":""unknown"",""Last_Source_Update"":""2025-03-23T11:56:55Z"",""Latitude"":9.315627,""Longitude"":123.3020323,""Match_Confidence"":"""",""Match_Reason"":"""",""Name"":""Cang's Inc. Shopping Complex"",""Notes"":"""",""OSM_ID"":""174881563"",""OSM_Type"":""way"",""Parent_Venue"":"""",""Restroom_Presence"":""Yes"",""Restroom_Verification"":""osm_explicit"",""Source"":""OSM"",""Source_ID"":""way/174881563"",""Temporary_Record_ID"":""osm_way_174881563"",""Venue_Category"":""explicit_venue""}"
buttler_loc_ada4769928314e6e9099,way/181769908,OSM,way/181769908,restroom_acquisition,Dumaguete Hall of Justice,9.3214144,123.3024949,,unknown,unknown,Unknown,Unknown,candidate_unverified,"{""Access"":""unknown"",""Acquisition_Date"":""2026-09-01"",""Address"":"""",""Bidet_Presence"":""Unknown"",""Candidate_Priority"":""High"",""Candidate_Reason"":""Public/civic facility (amenity=courthouse)"",""Fee"":""unknown"",""Last_Source_Update"":""2024-12-25T02:39:23Z"",""Latitude"":9.3214144,""Longitude"":123.3024949,""Match_Confidence"":"""",""Match_Reason"":"""",""Name"":""Dumaguete Hall of Justice"",""Notes"":"""",""OSM_ID"":""181769908"",""OSM_Type"":""way"",""Parent_Venue"":"""",""Restroom_Presence"":""Unknown"",""Restroom_Verification"":""candidate_unverified"",""Source"":""OSM"",""Source_ID"":""way/181769908"",""Temporary_Record_ID"":""osm_way_181769908"",""Venue_Category"":""civic""}"
buttler_loc_c52243596e09a885e47a,way/190029924,OSM,way/190029924,restroom_acquisition,Negros Oriental Provincial Capitol,9.3128656,123.3019874,"Kagawasan Avenue, Dumaguete",unknown,unknown,Unknown,Unknown,candidate_unverified,"{""Access"":""unknown"",""Acquisition_Date"":""2026-09-01"",""Address"":""Kagawasan Avenue, Dumaguete"",""Bidet_Presence"":""Unknown"",""Candidate_Priority"":""High"",""Candidate_Reason"":""Public/civic facility (amenity=public_building)"",""Fee"":""unknown"",""Last_Source_Update"":""2024-09-01T02:40:28Z"",""Latitude"":9.3128656,""Longitude"":123.3019874,""Match_Confidence"":"""",""Match_Reason"":"""",""Name"":""Negros Oriental Provincial Capitol"",""Notes"":"""",""OSM_ID"":""190029924"",""OSM_Type"":""way"",""Parent_Venue"":"""",""Restroom_Presence"":""Unknown"",""Restroom_Verification"":""candidate_unverified"",""Source"":""OSM"",""Source_ID"":""way/190029924"",""Temporary_Record_ID"":""osm_way_190029924"",""Venue_Category"":""civic""}"
buttler_loc_146e6239b77e379bf7c2,way/190384490,OSM,way/190384490,restroom_acquisition,Aqua Center,9.3138928,123.3008785,,public,unknown,Unknown,Unknown,candidate_unverified,"{""Access"":""public"",""Acquisition_Date"":""2026-09-01"",""Address"":"""",""Bidet_Presence"":""Unknown"",""Candidate_Priority"":""High"",""Candidate_Reason"":""Major recreation venue (leisure=sports_centre)"",""Fee"":""unknown"",""Last_Source_Update"":""2025-03-18T07:56:35Z"",""Latitude"":9.3138928,""Longitude"":123.3008785,""Match_Confidence"":"""",""Match_Reason"":"""",""Name"":""Aqua Center"",""Notes"":"""",""OSM_ID"":""190384490"",""OSM_Type"":""way"",""Parent_Venue"":"""",""Restroom_Presence"":""Unknown"",""Restroom_Verification"":""candidate_unverified"",""Source"":""OSM"",""Source_ID"":""way/190384490"",""Temporary_Record_ID"":""osm_way_190384490"",""Venue_Category"":""recreation_major""}"
buttler_loc_91faa5d050fb85bf9d45,way/243873832,OSM,way/243873832,restroom_acquisition,Animal Disease Diagnostic Laboratory,9.3218948,123.3008349,,unknown,unknown,Unknown,Unknown,candidate_unverified,"{""Access"":""unknown"",""Acquisition_Date"":""2026-09-01"",""Address"":"""",""Bidet_Presence"":""Unknown"",""Candidate_Priority"":""Medium"",""Candidate_Reason"":""Clinic; customer restroom plausible (amenity=clinic)"",""Fee"":""unknown"",""Last_Source_Update"":""2015-12-05T05:53:29Z"",""Latitude"":9.3218948,""Longitude"":123.3008349,""Match_Confidence"":"""",""Match_Reason"":"""",""Name"":""Animal Disease Diagnostic Laboratory"",""Notes"":"""",""OSM_ID"":""243873832"",""OSM_Type"":""way"",""Parent_Venue"":"""",""Restroom_Presence"":""Unknown"",""Restroom_Verification"":""candidate_unverified"",""Source"":""OSM"",""Source_ID"":""way/243873832"",""Temporary_Record_ID"":""osm_way_243873832"",""Venue_Category"":""clinic""}"
buttler_loc_169db1ce50bd78cf0637,way/284968895,OSM,way/284968895,restroom_acquisition,St. Paul University Dumaguete,9.3277687,123.2990685,"L. Rovira East Road, Dumaguete City",unknown,unknown,Unknown,Unknown,candidate_unverified,"{""Access"":""unknown"",""Acquisition_Date"":""2026-09-01"",""Address"":""L. Rovira East Road, Dumaguete City"",""Bidet_Presence"":""Unknown"",""Candidate_Priority"":""High"",""Candidate_Reason"":""University or college (amenity=university)"",""Fee"":""unknown"",""Last_Source_Update"":""2025-12-31T04:01:22Z"",""Latitude"":9.3277687,""Longitude"":123.2990685,""Match_Confidence"":"""",""Match_Reason"":"""",""Name"":""St. Paul University Dumaguete"",""Notes"":"""",""OSM_ID"":""284968895"",""OSM_Type"":""way"",""Parent_Venue"":"""",""Restroom_Presence"":""Unknown"",""Restroom_Verification"":""candidate_unverified"",""Source"":""OSM"",""Source_ID"":""way/284968895"",""Temporary_Record_ID"":""osm_way_284968895"",""Venue_Category"":""higher_education""}"
buttler_loc_4a2af39cad450ff6e214,way/285177314,OSM,way/285177314,restroom_acquisition,Negros Oriental State University,9.3118857,123.3034189,"Kagawasan Avenue, Dumaguete",unknown,unknown,Unknown,Unknown,candidate_unverified,"{""Access"":""unknown"",""Acquisition_Date"":""2026-09-01"",""Address"":""Kagawasan Avenue, Dumaguete"",""Bidet_Presence"":""Unknown"",""Candidate_Priority"":""High"",""Candidate_Reason"":""University or college (amenity=university)"",""Fee"":""unknown"",""Last_Source_Update"":""2025-12-31T04:01:22Z"",""Latitude"":9.3118857,""Longitude"":123.3034189,""Match_Confidence"":"""",""Match_Reason"":"""",""Name"":""Negros Oriental State University"",""Notes"":"""",""OSM_ID"":""285177314"",""OSM_Type"":""way"",""Parent_Venue"":"""",""Restroom_Presence"":""Unknown"",""Restroom_Verification"":""candidate_unverified"",""Source"":""OSM"",""Source_ID"":""way/285177314"",""Temporary_Record_ID"":""osm_way_285177314"",""Venue_Category"":""higher_education""}"
buttler_loc_eb90dd8a1cc3d323b25c,way/286360160,OSM,way/286360160,restroom_acquisition,Lamberto L. Macias Sports and Cultural Centre,9.3119054,123.3006563,,unknown,unknown,Unknown,Unknown,candidate_unverified,"{""Access"":""unknown"",""Acquisition_Date"":""2026-09-01"",""Address"":"""",""Bidet_Presence"":""Unknown"",""Candidate_Priority"":""High"",""Candidate_Reason"":""Major recreation venue (leisure=sports_centre)"",""Fee"":""unknown"",""Last_Source_Update"":""2023-02-07T16:15:17Z"",""Latitude"":9.3119054,""Longitude"":123.3006563,""Match_Confidence"":"""",""Match_Reason"":"""",""Name"":""Lamberto L. Macias Sports and Cultural Centre"",""Notes"":"""",""OSM_ID"":""286360160"",""OSM_Type"":""way"",""Parent_Venue"":"""",""Restroom_Presence"":""Unknown"",""Restroom_Verification"":""candidate_unverified"",""Source"":""OSM"",""Source_ID"":""way/286360160"",""Temporary_Record_ID"":""osm_way_286360160"",""Venue_Category"":""recreation_major""}"
buttler_loc_4ec2c85786b0b902cff1,way/288264830,OSM,way/288264830,restroom_acquisition,Hotel Essencia,9.3089513,123.3058428,,unknown,unknown,Unknown,Unknown,candidate_unverified,"{""Access"":""unknown"",""Acquisition_Date"":""2026-09-01"",""Address"":"""",""Bidet_Presence"":""Unknown"",""Candidate_Priority"":""High"",""Candidate_Reason"":""Substantial accommodation (tourism=hotel)"",""Fee"":""unknown"",""Last_Source_Update"":""2025-01-13T08:40:25Z"",""Latitude"":9.3089513,""Longitude"":123.3058428,""Match_Confidence"":"""",""Match_Reason"":"""",""Name"":""Hotel Essencia"",""Notes"":"""",""OSM_ID"":""288264830"",""OSM_Type"":""way"",""Parent_Venue"":"""",""Restroom_Presence"":""Unknown"",""Restroom_Verification"":""candidate_unverified"",""Source"":""OSM"",""Source_ID"":""way/288264830"",""Temporary_Record_ID"":""osm_way_288264830"",""Venue_Category"":""accommodation""}"
buttler_loc_0577b7777d63367c79f6,way/289880543,OSM,way/289880543,restroom_acquisition,Silliman University Medical Center,9.3163102,123.3040255,"Aldecoa Drive, Dumaguete",unknown,unknown,Unknown,Unknown,candidate_unverified,"{""Access"":""unknown"",""Acquisition_Date"":""2026-09-01"",""Address"":""Aldecoa Drive, Dumaguete"",""Bidet_Presence"":""Unknown"",""Candidate_Priority"":""High"",""Candidate_Reason"":""Hospital facility (amenity=hospital)"",""Fee"":""unknown"",""Last_Source_Update"":""2026-07-04T03:20:07Z"",""Latitude"":9.3163102,""Longitude"":123.3040255,""Match_Confidence"":""high"",""Match_Reason"":""Near-identical normalized name (100.0%) and 0.0m separation; merged relation/3850692"",""Name"":""Silliman University Medical Center"",""Notes"":"""",""OSM_ID"":""289880543"",""OSM_Type"":""way"",""Parent_Venue"":"""",""Restroom_Presence"":""Unknown"",""Restroom_Verification"":""candidate_unverified"",""Source"":""OSM"",""Source_ID"":""way/289880543"",""Temporary_Record_ID"":""osm_way_289880543"",""Venue_Category"":""hospital""}"
buttler_loc_87436627fc99e6ce7df7,way/290139445,OSM,way/290139445,restroom_acquisition,Jollibee,9.3115774,123.304863,,unknown,unknown,Unknown,Unknown,candidate_unverified,"{""Access"":""unknown"",""Acquisition_Date"":""2026-09-01"",""Address"":"""",""Bidet_Presence"":""Unknown"",""Candidate_Priority"":""High"",""Candidate_Reason"":""Restaurant or fast-food venue (amenity=fast_food)"",""Fee"":""unknown"",""Last_Source_Update"":""2025-12-31T04:01:22Z"",""Latitude"":9.3115774,""Longitude"":123.304863,""Match_Confidence"":"""",""Match_Reason"":"""",""Name"":""Jollibee"",""Notes"":"""",""OSM_ID"":""290139445"",""OSM_Type"":""way"",""Parent_Venue"":"""",""Restroom_Presence"":""Unknown"",""Restroom_Verification"":""candidate_unverified"",""Source"":""OSM"",""Source_ID"":""way/290139445"",""Temporary_Record_ID"":""osm_way_290139445"",""Venue_Category"":""food_major""}"
buttler_loc_5ff484b89dcc3fac41d8,way/290139456,OSM,way/290139456,restroom_acquisition,Holy Child Hospital,9.3059711,123.3070786,"Bishop Epifanio B. Surban Street, Dumaguete City",unknown,unknown,Unknown,Unknown,candidate_unverified,"{""Access"":""unknown"",""Acquisition_Date"":""2026-09-01"",""Address"":""Bishop Epifanio B. Surban Street, Dumaguete City"",""Bidet_Presence"":""Unknown"",""Candidate_Priority"":""High"",""Candidate_Reason"":""Hospital facility (amenity=hospital)"",""Fee"":""unknown"",""Last_Source_Update"":""2024-12-04T13:45:25Z"",""Latitude"":9.3059711,""Longitude"":123.3070786,""Match_Confidence"":"""",""Match_Reason"":"""",""Name"":""Holy Child Hospital"",""Notes"":"""",""OSM_ID"":""290139456"",""OSM_Type"":""way"",""Parent_Venue"":"""",""Restroom_Presence"":""Unknown"",""Restroom_Verification"":""candidate_unverified"",""Source"":""OSM"",""Source_ID"":""way/290139456"",""Temporary_Record_ID"":""osm_way_290139456"",""Venue_Category"":""hospital""}"
buttler_loc_51635b0d37ff225e5473,way/290622395,OSM,way/290622395,restroom_acquisition,Sunken Ampitheatre,9.3108535,123.3062475,,unknown,unknown,Unknown,Unknown,candidate_unverified,"{""Access"":""unknown"",""Acquisition_Date"":""2026-09-01"",""Address"":"""",""Bidet_Presence"":""Unknown"",""Candidate_Priority"":""High"",""Candidate_Reason"":""Major entertainment venue (amenity=theatre)"",""Fee"":""unknown"",""Last_Source_Update"":""2025-02-15T02:19:55Z"",""Latitude"":9.3108535,""Longitude"":123.3062475,""Match_Confidence"":"""",""Match_Reason"":"""",""Name"":""Sunken Ampitheatre"",""Notes"":"""",""OSM_ID"":""290622395"",""OSM_Type"":""way"",""Parent_Venue"":"""",""Restroom_Presence"":""Unknown"",""Restroom_Verification"":""candidate_unverified"",""Source"":""OSM"",""Source_ID"":""way/290622395"",""Temporary_Record_ID"":""osm_way_290622395"",""Venue_Category"":""entertainment_major""}"
buttler_loc_3a3838d10aeabdc46e71,way/290905777,OSM,way/290905777,restroom_acquisition,Honeycomb Tourist Inn,9.3072576,123.3096501,,unknown,unknown,Unknown,Unknown,candidate_unverified,"{""Access"":""unknown"",""Acquisition_Date"":""2026-09-01"",""Address"":"""",""Bidet_Presence"":""Unknown"",""Candidate_Priority"":""High"",""Candidate_Reason"":""Substantial accommodation (tourism=guest_house)"",""Fee"":""unknown"",""Last_Source_Update"":""2014-07-02T17:05:34Z"",""Latitude"":9.3072576,""Longitude"":123.3096501,""Match_Confidence"":"""",""Match_Reason"":"""",""Name"":""Honeycomb Tourist Inn"",""Notes"":"""",""OSM_ID"":""290905777"",""OSM_Type"":""way"",""Parent_Venue"":"""",""Restroom_Presence"":""Unknown"",""Restroom_Verification"":""candidate_unverified"",""Source"":""OSM"",""Source_ID"":""way/290905777"",""Temporary_Record_ID"":""osm_way_290905777"",""Venue_Category"":""accommodation""}"
buttler_loc_b7fa64002a919650bb8a,way/291045664,OSM,way/291045664,restroom_acquisition,La Tienda,9.3272305,123.3027508,,unknown,unknown,Unknown,Unknown,candidate_unverified,"{""Access"":""unknown"",""Acquisition_Date"":""2026-09-01"",""Address"":"""",""Bidet_Presence"":""Unknown"",""Candidate_Priority"":""Medium"",""Candidate_Reason"":""Convenience store; restroom uncertain (shop=convenience)"",""Fee"":""unknown"",""Last_Source_Update"":""2014-07-03T03:17:28Z"",""Latitude"":9.3272305,""Longitude"":123.3027508,""Match_Confidence"":"""",""Match_Reason"":"""",""Name"":""La Tienda"",""Notes"":"""",""OSM_ID"":""291045664"",""OSM_Type"":""way"",""Parent_Venue"":"""",""Restroom_Presence"":""Unknown"",""Restroom_Verification"":""candidate_unverified"",""Source"":""OSM"",""Source_ID"":""way/291045664"",""Temporary_Record_ID"":""osm_way_291045664"",""Venue_Category"":""convenience""}"
buttler_loc_421733c04629e1688960,way/291045665,OSM,way/291045665,restroom_acquisition,Jetti,9.3259353,123.2976537,,unknown,unknown,Yes,Unknown,osm_explicit,"{""Access"":""unknown"",""Acquisition_Date"":""2026-09-01"",""Address"":"""",""Bidet_Presence"":""Unknown"",""Candidate_Priority"":"""",""Candidate_Reason"":""toilets=yes"",""Fee"":""unknown"",""Last_Source_Update"":""2021-12-14T00:55:13Z"",""Latitude"":9.3259353,""Longitude"":123.2976537,""Match_Confidence"":"""",""Match_Reason"":"""",""Name"":""Jetti"",""Notes"":"""",""OSM_ID"":""291045665"",""OSM_Type"":""way"",""Parent_Venue"":"""",""Restroom_Presence"":""Yes"",""Restroom_Verification"":""osm_explicit"",""Source"":""OSM"",""Source_ID"":""way/291045665"",""Temporary_Record_ID"":""osm_way_291045665"",""Venue_Category"":""explicit_venue""}"
buttler_loc_770750cf6c25bd66729c,way/340651393,OSM,way/340651393,restroom_acquisition,CityMall Dumaguete,9.323455,123.2980309,"Veterans Avenue, Dumaguete",unknown,unknown,Yes,Unknown,osm_explicit,"{""Access"":""unknown"",""Acquisition_Date"":""2026-09-01"",""Address"":""Veterans Avenue, Dumaguete"",""Bidet_Presence"":""Unknown"",""Candidate_Priority"":"""",""Candidate_Reason"":""toilets=yes"",""Fee"":""unknown"",""Last_Source_Update"":""2025-12-31T04:01:22Z"",""Latitude"":9.323455,""Longitude"":123.2980309,""Match_Confidence"":"""",""Match_Reason"":"""",""Name"":""CityMall Dumaguete"",""Notes"":"""",""OSM_ID"":""340651393"",""OSM_Type"":""way"",""Parent_Venue"":"""",""Restroom_Presence"":""Yes"",""Restroom_Verification"":""osm_explicit"",""Source"":""OSM"",""Source_ID"":""way/340651393"",""Temporary_Record_ID"":""osm_way_340651393"",""Venue_Category"":""explicit_venue""}"
buttler_loc_38c7f0110970541b1ea9,way/340670734,OSM,way/340670734,restroom_acquisition,Agapeps,9.3118848,123.2705104,,unknown,unknown,Unknown,Unknown,candidate_unverified,"{""Access"":""unknown"",""Acquisition_Date"":""2026-09-01"",""Address"":"""",""Bidet_Presence"":""Unknown"",""Candidate_Priority"":""Medium"",""Candidate_Reason"":""Convenience store; restroom uncertain (shop=convenience)"",""Fee"":""unknown"",""Last_Source_Update"":""2015-05-02T04:19:33Z"",""Latitude"":9.3118848,""Longitude"":123.2705104,""Match_Confidence"":"""",""Match_Reason"":"""",""Name"":""Agapeps"",""Notes"":"""",""OSM_ID"":""340670734"",""OSM_Type"":""way"",""Parent_Venue"":"""",""Restroom_Presence"":""Unknown"",""Restroom_Verification"":""candidate_unverified"",""Source"":""OSM"",""Source_ID"":""way/340670734"",""Temporary_Record_ID"":""osm_way_340670734"",""Venue_Category"":""convenience""}"
buttler_loc_6600c742dd5a2d296b67,way/340670937,OSM,way/340670937,restroom_acquisition,Barangay Health Center,9.3123083,123.2687817,,unknown,unknown,Unknown,Unknown,candidate_unverified,"{""Access"":""unknown"",""Acquisition_Date"":""2026-09-01"",""Address"":"""",""Bidet_Presence"":""Unknown"",""Candidate_Priority"":""Medium"",""Candidate_Reason"":""Clinic; customer restroom plausible (amenity=clinic)"",""Fee"":""unknown"",""Last_Source_Update"":""2015-04-26T16:07:08Z"",""Latitude"":9.3123083,""Longitude"":123.2687817,""Match_Confidence"":"""",""Match_Reason"":"""",""Name"":""Barangay Health Center"",""Notes"":"""",""OSM_ID"":""340670937"",""OSM_Type"":""way"",""Parent_Venue"":"""",""Restroom_Presence"":""Unknown"",""Restroom_Verification"":""candidate_unverified"",""Source"":""OSM"",""Source_ID"":""way/340670937"",""Temporary_Record_ID"":""osm_way_340670937"",""Venue_Category"":""clinic""}"
buttler_loc_1feca1f230481b5b2e20,way/340964271,OSM,way/340964271,restroom_acquisition,North Campus,9.3076091,123.2994249,"Doctor Vicente Locsin Street, Dumaguete",unknown,unknown,Unknown,Unknown,candidate_unverified,"{""Access"":""unknown"",""Acquisition_Date"":""2026-09-01"",""Address"":""Doctor Vicente Locsin Street, Dumaguete"",""Bidet_Presence"":""Unknown"",""Candidate_Priority"":""High"",""Candidate_Reason"":""University or college (amenity=university)"",""Fee"":""unknown"",""Last_Source_Update"":""2025-04-04T06:20:10Z"",""Latitude"":9.3076091,""Longitude"":123.2994249,""Match_Confidence"":"""",""Match_Reason"":"""",""Name"":""North Campus"",""Notes"":"""",""OSM_ID"":""340964271"",""OSM_Type"":""way"",""Parent_Venue"":"""",""Restroom_Presence"":""Unknown"",""Restroom_Verification"":""candidate_unverified"",""Source"":""OSM"",""Source_ID"":""way/340964271"",""Temporary_Record_ID"":""osm_way_340964271"",""Venue_Category"":""higher_education""}"
buttler_loc_bae65e2fd09e03152112,way/340964274,OSM,way/340964274,restroom_acquisition,North Kennel,9.3068419,123.2999334,,unknown,unknown,Unknown,Unknown,candidate_unverified,"{""Access"":""unknown"",""Acquisition_Date"":""2026-09-01"",""Address"":"""",""Bidet_Presence"":""Unknown"",""Candidate_Priority"":""High"",""Candidate_Reason"":""Restaurant or fast-food venue (amenity=fast_food)"",""Fee"":""unknown"",""Last_Source_Update"":""2019-08-14T11:07:27Z"",""Latitude"":9.3068419,""Longitude"":123.2999334,""Match_Confidence"":"""",""Match_Reason"":"""",""Name"":""North Kennel"",""Notes"":"""",""OSM_ID"":""340964274"",""OSM_Type"":""way"",""Parent_Venue"":"""",""Restroom_Presence"":""Unknown"",""Restroom_Verification"":""candidate_unverified"",""Source"":""OSM"",""Source_ID"":""way/340964274"",""Temporary_Record_ID"":""osm_way_340964274"",""Venue_Category"":""food_major""}"
buttler_loc_8e70c75deb77c1bd6027,way/340964275,OSM,way/340964275,restroom_acquisition,Unnamed public toilet,9.3070629,123.2999083,"Dr. Vincente Locsin, Dumaguete",customers,unknown,Yes,Unknown,osm_explicit,"{""Access"":""customers"",""Acquisition_Date"":""2026-09-01"",""Address"":""Dr. Vincente Locsin, Dumaguete"",""Bidet_Presence"":""Unknown"",""Candidate_Priority"":"""",""Candidate_Reason"":""amenity=toilets"",""Fee"":""unknown"",""Last_Source_Update"":""2019-08-14T11:07:27Z"",""Latitude"":9.3070629,""Longitude"":123.2999083,""Match_Confidence"":"""",""Match_Reason"":"""",""Name"":""Unnamed public toilet"",""Notes"":"""",""OSM_ID"":""340964275"",""OSM_Type"":""way"",""Parent_Venue"":"""",""Restroom_Presence"":""Yes"",""Restroom_Verification"":""osm_explicit"",""Source"":""OSM"",""Source_ID"":""way/340964275"",""Temporary_Record_ID"":""osm_way_340964275"",""Venue_Category"":""standalone_toilet""}"
buttler_loc_246890c59d7d85c3a198,way/343197035,OSM,way/343197035,restroom_acquisition,Ricky's Grocery Store,9.3065455,123.3072552,,unknown,unknown,Unknown,Unknown,candidate_unverified,"{""Access"":""unknown"",""Acquisition_Date"":""2026-09-01"",""Address"":"""",""Bidet_Presence"":""Unknown"",""Candidate_Priority"":""High"",""Candidate_Reason"":""High-traffic major retail venue (shop=supermarket)"",""Fee"":""unknown"",""Last_Source_Update"":""2015-05-06T11:20:29Z"",""Latitude"":9.3065455,""Longitude"":123.3072552,""Match_Confidence"":"""",""Match_Reason"":"""",""Name"":""Ricky's Grocery Store"",""Notes"":"""",""OSM_ID"":""343197035"",""OSM_Type"":""way"",""Parent_Venue"":"""",""Restroom_Presence"":""Unknown"",""Restroom_Verification"":""candidate_unverified"",""Source"":""OSM"",""Source_ID"":""way/343197035"",""Temporary_Record_ID"":""osm_way_343197035"",""Venue_Category"":""retail_major""}"
buttler_loc_509bfd544d9fb1e20e2e,way/367037126,OSM,way/367037126,restroom_acquisition,YMCA Guesthouse & Downtown Center,9.3265421,123.3052598,"N. Basagoite Street, Dumaguete",unknown,unknown,Unknown,Unknown,candidate_unverified,"{""Access"":""unknown"",""Acquisition_Date"":""2026-09-01"",""Address"":""N. Basagoite Street, Dumaguete"",""Bidet_Presence"":""Unknown"",""Candidate_Priority"":""High"",""Candidate_Reason"":""Substantial accommodation (tourism=guest_house)"",""Fee"":""unknown"",""Last_Source_Update"":""2025-05-16T09:38:39Z"",""Latitude"":9.3265421,""Longitude"":123.3052598,""Match_Confidence"":"""",""Match_Reason"":"""",""Name"":""YMCA Guesthouse & Downtown Center"",""Notes"":"""",""OSM_ID"":""367037126"",""OSM_Type"":""way"",""Parent_Venue"":"""",""Restroom_Presence"":""Unknown"",""Restroom_Verification"":""candidate_unverified"",""Source"":""OSM"",""Source_ID"":""way/367037126"",""Temporary_Record_ID"":""osm_way_367037126"",""Venue_Category"":""accommodation""}"
buttler_loc_f029b1183f08466d49ed,way/367037179,OSM,way/367037179,restroom_acquisition,The Flying Fish Hostel,9.3274229,123.3066453,Hibbard Avenue,unknown,unknown,Unknown,Unknown,candidate_unverified,"{""Access"":""unknown"",""Acquisition_Date"":""2026-09-01"",""Address"":""Hibbard Avenue"",""Bidet_Presence"":""Unknown"",""Candidate_Priority"":""High"",""Candidate_Reason"":""Substantial accommodation (tourism=hostel)"",""Fee"":""unknown"",""Last_Source_Update"":""2018-11-13T08:18:54Z"",""Latitude"":9.3274229,""Longitude"":123.3066453,""Match_Confidence"":"""",""Match_Reason"":"""",""Name"":""The Flying Fish Hostel"",""Notes"":"""",""OSM_ID"":""367037179"",""OSM_Type"":""way"",""Parent_Venue"":"""",""Restroom_Presence"":""Unknown"",""Restroom_Verification"":""candidate_unverified"",""Source"":""OSM"",""Source_ID"":""way/367037179"",""Temporary_Record_ID"":""osm_way_367037179"",""Venue_Category"":""accommodation""}"
buttler_loc_96719a2880b80ae2822a,way/367038220,OSM,way/367038220,restroom_acquisition,Unnamed venue,9.3210641,123.3062539,E. J. Blanco Drive,unknown,unknown,Unknown,Unknown,candidate_unverified,"{""Access"":""unknown"",""Acquisition_Date"":""2026-09-01"",""Address"":""E. J. Blanco Drive"",""Bidet_Presence"":""Unknown"",""Candidate_Priority"":""High"",""Candidate_Reason"":""Fuel station (amenity=fuel)"",""Fee"":""unknown"",""Last_Source_Update"":""2025-06-03T09:35:09Z"",""Latitude"":9.3210641,""Longitude"":123.3062539,""Match_Confidence"":"""",""Match_Reason"":"""",""Name"":""Unnamed venue"",""Notes"":"""",""OSM_ID"":""367038220"",""OSM_Type"":""way"",""Parent_Venue"":"""",""Restroom_Presence"":""Unknown"",""Restroom_Verification"":""candidate_unverified"",""Source"":""OSM"",""Source_ID"":""way/367038220"",""Temporary_Record_ID"":""osm_way_367038220"",""Venue_Category"":""fuel_station""}"
buttler_loc_271402b84df0fb21f225,way/367038480,OSM,way/367038480,restroom_acquisition,Filoil,9.3166331,123.3071149,Hibbard Avenue,unknown,unknown,Unknown,Unknown,candidate_unverified,"{""Access"":""unknown"",""Acquisition_Date"":""2026-09-01"",""Address"":""Hibbard Avenue"",""Bidet_Presence"":""Unknown"",""Candidate_Priority"":""High"",""Candidate_Reason"":""Fuel station (amenity=fuel)"",""Fee"":""unknown"",""Last_Source_Update"":""2025-04-09T02:55:24Z"",""Latitude"":9.3166331,""Longitude"":123.3071149,""Match_Confidence"":"""",""Match_Reason"":"""",""Name"":""Filoil"",""Notes"":"""",""OSM_ID"":""367038480"",""OSM_Type"":""way"",""Parent_Venue"":"""",""Restroom_Presence"":""Unknown"",""Restroom_Verification"":""candidate_unverified"",""Source"":""OSM"",""Source_ID"":""way/367038480"",""Temporary_Record_ID"":""osm_way_367038480"",""Venue_Category"":""fuel_station""}"
buttler_loc_32bd7f65ba61c9dec342,way/367041387,OSM,way/367041387,restroom_acquisition,Dumaguete Seafront Hotel,9.3094762,123.3092254,Rizal Boulevard,unknown,unknown,Unknown,Unknown,candidate_unverified,"{""Access"":""unknown"",""Acquisition_Date"":""2026-09-01"",""Address"":""Rizal Boulevard"",""Bidet_Presence"":""Unknown"",""Candidate_Priority"":""High"",""Candidate_Reason"":""Substantial accommodation (tourism=hotel)"",""Fee"":""unknown"",""Last_Source_Update"":""2025-07-15T01:03:08Z"",""Latitude"":9.3094762,""Longitude"":123.3092254,""Match_Confidence"":"""",""Match_Reason"":"""",""Name"":""Dumaguete Seafront Hotel"",""Notes"":"""",""OSM_ID"":""367041387"",""OSM_Type"":""way"",""Parent_Venue"":"""",""Restroom_Presence"":""Unknown"",""Restroom_Verification"":""candidate_unverified"",""Source"":""OSM"",""Source_ID"":""way/367041387"",""Temporary_Record_ID"":""osm_way_367041387"",""Venue_Category"":""accommodation""}"
buttler_loc_f36965cc1f2263a2b88a,way/367076258,OSM,way/367076258,restroom_acquisition,Partosa Commercial,9.3055427,123.3047908,Independencia Street,unknown,unknown,Unknown,Unknown,candidate_unverified,"{""Access"":""unknown"",""Acquisition_Date"":""2026-09-01"",""Address"":""Independencia Street"",""Bidet_Presence"":""Unknown"",""Candidate_Priority"":""High"",""Candidate_Reason"":""High-traffic major retail venue (shop=supermarket)"",""Fee"":""unknown"",""Last_Source_Update"":""2025-04-06T04:08:16Z"",""Latitude"":9.3055427,""Longitude"":123.3047908,""Match_Confidence"":"""",""Match_Reason"":"""",""Name"":""Partosa Commercial"",""Notes"":"""",""OSM_ID"":""367076258"",""OSM_Type"":""way"",""Parent_Venue"":"""",""Restroom_Presence"":""Unknown"",""Restroom_Verification"":""candidate_unverified"",""Source"":""OSM"",""Source_ID"":""way/367076258"",""Temporary_Record_ID"":""osm_way_367076258"",""Venue_Category"":""retail_major""}"
buttler_loc_e546420cc871ea50ff4e,way/367176083,OSM,way/367176083,restroom_acquisition,Moon Mart,9.3167616,123.3070487,,unknown,unknown,Unknown,Unknown,candidate_unverified,"{""Access"":""unknown"",""Acquisition_Date"":""2026-09-01"",""Address"":"""",""Bidet_Presence"":""Unknown"",""Candidate_Priority"":""Medium"",""Candidate_Reason"":""Convenience store; restroom uncertain (shop=convenience)"",""Fee"":""unknown"",""Last_Source_Update"":""2015-08-24T00:45:43Z"",""Latitude"":9.3167616,""Longitude"":123.3070487,""Match_Confidence"":"""",""Match_Reason"":"""",""Name"":""Moon Mart"",""Notes"":"""",""OSM_ID"":""367176083"",""OSM_Type"":""way"",""Parent_Venue"":"""",""Restroom_Presence"":""Unknown"",""Restroom_Verification"":""candidate_unverified"",""Source"":""OSM"",""Source_ID"":""way/367176083"",""Temporary_Record_ID"":""osm_way_367176083"",""Venue_Category"":""convenience""}"
buttler_loc_2ef397ca2ecc0c04f049,way/367358387,OSM,way/367358387,restroom_acquisition,Poblacion 4 Barangay Hall,9.30642,123.3095311,"Bishop Epifanio B. Surban Street, Dumaguete",unknown,unknown,Unknown,Unknown,candidate_unverified,"{""Access"":""unknown"",""Acquisition_Date"":""2026-09-01"",""Address"":""Bishop Epifanio B. Surban Street, Dumaguete"",""Bidet_Presence"":""Unknown"",""Candidate_Priority"":""High"",""Candidate_Reason"":""Public/civic facility (amenity=townhall)"",""Fee"":""unknown"",""Last_Source_Update"":""2022-03-16T02:46:53Z"",""Latitude"":9.30642,""Longitude"":123.3095311,""Match_Confidence"":"""",""Match_Reason"":"""",""Name"":""Poblacion 4 Barangay Hall"",""Notes"":"""",""OSM_ID"":""367358387"",""OSM_Type"":""way"",""Parent_Venue"":"""",""Restroom_Presence"":""Unknown"",""Restroom_Verification"":""candidate_unverified"",""Source"":""OSM"",""Source_ID"":""way/367358387"",""Temporary_Record_ID"":""osm_way_367358387"",""Venue_Category"":""civic""}"
buttler_loc_3131f3c7ee5c7828d1a1,way/367368843,OSM,way/367368843,restroom_acquisition,Harold's Mansion,9.3163484,123.3074363,Hibbard Avenue,unknown,unknown,Unknown,Unknown,candidate_unverified,"{""Access"":""unknown"",""Acquisition_Date"":""2026-09-01"",""Address"":""Hibbard Avenue"",""Bidet_Presence"":""Unknown"",""Candidate_Priority"":""High"",""Candidate_Reason"":""Substantial accommodation (tourism=hostel)"",""Fee"":""unknown"",""Last_Source_Update"":""2025-04-09T02:55:24Z"",""Latitude"":9.3163484,""Longitude"":123.3074363,""Match_Confidence"":"""",""Match_Reason"":"""",""Name"":""Harold's Mansion"",""Notes"":"""",""OSM_ID"":""367368843"",""OSM_Type"":""way"",""Parent_Venue"":"""",""Restroom_Presence"":""Unknown"",""Restroom_Verification"":""candidate_unverified"",""Source"":""OSM"",""Source_ID"":""way/367368843"",""Temporary_Record_ID"":""osm_way_367368843"",""Venue_Category"":""accommodation""}"
buttler_loc_f61e1ce9f5146e593871,way/367368844,OSM,way/367368844,restroom_acquisition,Ildesefa suites inn,9.3170676,123.3073789,,unknown,unknown,Unknown,Unknown,candidate_unverified,"{""Access"":""unknown"",""Acquisition_Date"":""2026-09-01"",""Address"":"""",""Bidet_Presence"":""Unknown"",""Candidate_Priority"":""High"",""Candidate_Reason"":""Substantial accommodation (tourism=hotel)"",""Fee"":""unknown"",""Last_Source_Update"":""2025-07-15T13:48:06Z"",""Latitude"":9.3170676,""Longitude"":123.3073789,""Match_Confidence"":"""",""Match_Reason"":"""",""Name"":""Ildesefa suites inn"",""Notes"":"""",""OSM_ID"":""367368844"",""OSM_Type"":""way"",""Parent_Venue"":"""",""Restroom_Presence"":""Unknown"",""Restroom_Verification"":""candidate_unverified"",""Source"":""OSM"",""Source_ID"":""way/367368844"",""Temporary_Record_ID"":""osm_way_367368844"",""Venue_Category"":""accommodation""}"
buttler_loc_aefc18ad23282f5c02ea,way/367583750,OSM,way/367583750,restroom_acquisition,Cadawinonan Barangay Hall,9.3033852,123.2702099,Dumaguete,unknown,unknown,Unknown,Unknown,candidate_unverified,"{""Access"":""unknown"",""Acquisition_Date"":""2026-09-01"",""Address"":""Dumaguete"",""Bidet_Presence"":""Unknown"",""Candidate_Priority"":""High"",""Candidate_Reason"":""Public/civic facility (amenity=townhall)"",""Fee"":""unknown"",""Last_Source_Update"":""2022-03-16T02:46:53Z"",""Latitude"":9.3033852,""Longitude"":123.2702099,""Match_Confidence"":"""",""Match_Reason"":"""",""Name"":""Cadawinonan Barangay Hall"",""Notes"":"""",""OSM_ID"":""367583750"",""OSM_Type"":""way"",""Parent_Venue"":"""",""Restroom_Presence"":""Unknown"",""Restroom_Verification"":""candidate_unverified"",""Source"":""OSM"",""Source_ID"":""way/367583750"",""Temporary_Record_ID"":""osm_way_367583750"",""Venue_Category"":""civic""}"
buttler_loc_bffb0df240e4846065ce,way/367604749,OSM,way/367604749,restroom_acquisition,Junob Barangay Hall,9.2959613,123.2834013,"Jose Romero Road, Dumaguete",unknown,unknown,Unknown,Unknown,candidate_unverified,"{""Access"":""unknown"",""Acquisition_Date"":""2026-09-01"",""Address"":""Jose Romero Road, Dumaguete"",""Bidet_Presence"":""Unknown"",""Candidate_Priority"":""High"",""Candidate_Reason"":""Public/civic facility (amenity=townhall)"",""Fee"":""unknown"",""Last_Source_Update"":""2022-03-16T02:46:53Z"",""Latitude"":9.2959613,""Longitude"":123.2834013,""Match_Confidence"":"""",""Match_Reason"":"""",""Name"":""Junob Barangay Hall"",""Notes"":"""",""OSM_ID"":""367604749"",""OSM_Type"":""way"",""Parent_Venue"":"""",""Restroom_Presence"":""Unknown"",""Restroom_Verification"":""candidate_unverified"",""Source"":""OSM"",""Source_ID"":""way/367604749"",""Temporary_Record_ID"":""osm_way_367604749"",""Venue_Category"":""civic""}"
buttler_loc_584dd291f7f8ba352328,way/371031190,OSM,way/371031190,restroom_acquisition,Main Campus,9.3053035,123.2999129,"500 Doctor Miciano Road, Dumaguete",unknown,unknown,Unknown,Unknown,candidate_unverified,"{""Access"":""unknown"",""Acquisition_Date"":""2026-09-01"",""Address"":""500 Doctor Miciano Road, Dumaguete"",""Bidet_Presence"":""Unknown"",""Candidate_Priority"":""High"",""Candidate_Reason"":""University or college (amenity=university)"",""Fee"":""unknown"",""Last_Source_Update"":""2025-12-30T15:10:37Z"",""Latitude"":9.3053035,""Longitude"":123.2999129,""Match_Confidence"":"""",""Match_Reason"":"""",""Name"":""Main Campus"",""Notes"":"""",""OSM_ID"":""371031190"",""OSM_Type"":""way"",""Parent_Venue"":"""",""Restroom_Presence"":""Unknown"",""Restroom_Verification"":""candidate_unverified"",""Source"":""OSM"",""Source_ID"":""way/371031190"",""Temporary_Record_ID"":""osm_way_371031190"",""Venue_Category"":""higher_education""}"
buttler_loc_03472c916483743e0c01,way/371031194,OSM,way/371031194,restroom_acquisition,College of Agriculture,9.3057864,123.3003802,,unknown,unknown,Unknown,Unknown,candidate_unverified,"{""Access"":""unknown"",""Acquisition_Date"":""2026-09-01"",""Address"":"""",""Bidet_Presence"":""Unknown"",""Candidate_Priority"":""High"",""Candidate_Reason"":""University or college (amenity=college)"",""Fee"":""unknown"",""Last_Source_Update"":""2025-06-13T15:43:36Z"",""Latitude"":9.3057864,""Longitude"":123.3003802,""Match_Confidence"":"""",""Match_Reason"":"""",""Name"":""College of Agriculture"",""Notes"":"""",""OSM_ID"":""371031194"",""OSM_Type"":""way"",""Parent_Venue"":"""",""Restroom_Presence"":""Unknown"",""Restroom_Verification"":""candidate_unverified"",""Source"":""OSM"",""Source_ID"":""way/371031194"",""Temporary_Record_ID"":""osm_way_371031194"",""Venue_Category"":""higher_education""}"
buttler_loc_d8ae22f79bb34c02ef48,way/389819995,OSM,way/389819995,restroom_acquisition,Harimariz Dormitory Hotel,9.3276104,123.2959115,,unknown,unknown,Unknown,Unknown,candidate_unverified,"{""Access"":""unknown"",""Acquisition_Date"":""2026-09-01"",""Address"":"""",""Bidet_Presence"":""Unknown"",""Candidate_Priority"":""High"",""Candidate_Reason"":""Substantial accommodation (tourism=hotel)"",""Fee"":""unknown"",""Last_Source_Update"":""2025-05-01T13:15:55Z"",""Latitude"":9.3276104,""Longitude"":123.2959115,""Match_Confidence"":"""",""Match_Reason"":"""",""Name"":""Harimariz Dormitory Hotel"",""Notes"":"""",""OSM_ID"":""389819995"",""OSM_Type"":""way"",""Parent_Venue"":"""",""Restroom_Presence"":""Unknown"",""Restroom_Verification"":""candidate_unverified"",""Source"":""OSM"",""Source_ID"":""way/389819995"",""Temporary_Record_ID"":""osm_way_389819995"",""Venue_Category"":""accommodation""}"
buttler_loc_b5bbc2c4e5226083d939,way/394374444,OSM,way/394374444,restroom_acquisition,Petron,9.3082978,123.3054039,Mayor Ramon T. Pastor Sr. Street,unknown,unknown,Unknown,Unknown,candidate_unverified,"{""Access"":""unknown"",""Acquisition_Date"":""2026-09-01"",""Address"":""Mayor Ramon T. Pastor Sr. Street"",""Bidet_Presence"":""Unknown"",""Candidate_Priority"":""High"",""Candidate_Reason"":""Fuel station (amenity=fuel)"",""Fee"":""unknown"",""Last_Source_Update"":""2025-04-06T03:40:19Z"",""Latitude"":9.3082978,""Longitude"":123.3054039,""Match_Confidence"":"""",""Match_Reason"":"""",""Name"":""Petron"",""Notes"":"""",""OSM_ID"":""394374444"",""OSM_Type"":""way"",""Parent_Venue"":"""",""Restroom_Presence"":""Unknown"",""Restroom_Verification"":""candidate_unverified"",""Source"":""OSM"",""Source_ID"":""way/394374444"",""Temporary_Record_ID"":""osm_way_394374444"",""Venue_Category"":""fuel_station""}"
buttler_loc_918b21094ff72981d31d,way/394374471,OSM,way/394374471,restroom_acquisition,Caltex,9.307063,123.3057715,Mayor Ramon T. Pastor Sr. Street,unknown,unknown,Unknown,Unknown,candidate_unverified,"{""Access"":""unknown"",""Acquisition_Date"":""2026-09-01"",""Address"":""Mayor Ramon T. Pastor Sr. Street"",""Bidet_Presence"":""Unknown"",""Candidate_Priority"":""High"",""Candidate_Reason"":""Fuel station (amenity=fuel)"",""Fee"":""unknown"",""Last_Source_Update"":""2025-10-23T07:19:51Z"",""Latitude"":9.307063,""Longitude"":123.3057715,""Match_Confidence"":"""",""Match_Reason"":"""",""Name"":""Caltex"",""Notes"":"""",""OSM_ID"":""394374471"",""OSM_Type"":""way"",""Parent_Venue"":"""",""Restroom_Presence"":""Unknown"",""Restroom_Verification"":""candidate_unverified"",""Source"":""OSM"",""Source_ID"":""way/394374471"",""Temporary_Record_ID"":""osm_way_394374471"",""Venue_Category"":""fuel_station""}"
buttler_loc_6a671cd4d58902aa1e22,way/394502433,OSM,way/394502433,restroom_acquisition,M.Y. Hotel,9.3091039,123.3052766,,unknown,unknown,Unknown,Unknown,candidate_unverified,"{""Access"":""unknown"",""Acquisition_Date"":""2026-09-01"",""Address"":"""",""Bidet_Presence"":""Unknown"",""Candidate_Priority"":""High"",""Candidate_Reason"":""Substantial accommodation (tourism=hotel)"",""Fee"":""unknown"",""Last_Source_Update"":""2026-04-11T14:21:19Z"",""Latitude"":9.3091039,""Longitude"":123.3052766,""Match_Confidence"":"""",""Match_Reason"":"""",""Name"":""M.Y. Hotel"",""Notes"":"""",""OSM_ID"":""394502433"",""OSM_Type"":""way"",""Parent_Venue"":"""",""Restroom_Presence"":""Unknown"",""Restroom_Verification"":""candidate_unverified"",""Source"":""OSM"",""Source_ID"":""way/394502433"",""Temporary_Record_ID"":""osm_way_394502433"",""Venue_Category"":""accommodation""}"
buttler_loc_302137abee949e286193,way/394504167,OSM,way/394504167,restroom_acquisition,Asia Novotel,9.30771,123.3073341,Governor M. F. Perdices Street,unknown,unknown,Unknown,Unknown,candidate_unverified,"{""Access"":""unknown"",""Acquisition_Date"":""2026-09-01"",""Address"":""Governor M. F. Perdices Street"",""Bidet_Presence"":""Unknown"",""Candidate_Priority"":""High"",""Candidate_Reason"":""Substantial accommodation (tourism=hotel)"",""Fee"":""unknown"",""Last_Source_Update"":""2025-02-22T03:28:13Z"",""Latitude"":9.30771,""Longitude"":123.3073341,""Match_Confidence"":"""",""Match_Reason"":"""",""Name"":""Asia Novotel"",""Notes"":"""",""OSM_ID"":""394504167"",""OSM_Type"":""way"",""Parent_Venue"":"""",""Restroom_Presence"":""Unknown"",""Restroom_Verification"":""candidate_unverified"",""Source"":""OSM"",""Source_ID"":""way/394504167"",""Temporary_Record_ID"":""osm_way_394504167"",""Venue_Category"":""accommodation""}"
buttler_loc_dfc16ccbd9ab943694b6,way/396492755,OSM,way/396492755,restroom_acquisition,The Baly Oriental Hotel,9.321641,123.3073524,"Hibbard Avenue, Dumaguete",unknown,unknown,Unknown,Unknown,candidate_unverified,"{""Access"":""unknown"",""Acquisition_Date"":""2026-09-01"",""Address"":""Hibbard Avenue, Dumaguete"",""Bidet_Presence"":""Unknown"",""Candidate_Priority"":""High"",""Candidate_Reason"":""Substantial accommodation (tourism=hotel)"",""Fee"":""unknown"",""Last_Source_Update"":""2025-10-10T15:19:56Z"",""Latitude"":9.321641,""Longitude"":123.3073524,""Match_Confidence"":"""",""Match_Reason"":"""",""Name"":""The Baly Oriental Hotel"",""Notes"":"""",""OSM_ID"":""396492755"",""OSM_Type"":""way"",""Parent_Venue"":"""",""Restroom_Presence"":""Unknown"",""Restroom_Verification"":""candidate_unverified"",""Source"":""OSM"",""Source_ID"":""way/396492755"",""Temporary_Record_ID"":""osm_way_396492755"",""Venue_Category"":""accommodation""}"
buttler_loc_6a9473bcef97457a1c65,way/396538654,OSM,way/396538654,restroom_acquisition,Seaoil,9.3175436,123.3015424,,unknown,unknown,Unknown,Unknown,candidate_unverified,"{""Access"":""unknown"",""Acquisition_Date"":""2026-09-01"",""Address"":"""",""Bidet_Presence"":""Unknown"",""Candidate_Priority"":""High"",""Candidate_Reason"":""Fuel station (amenity=fuel)"",""Fee"":""unknown"",""Last_Source_Update"":""2026-02-01T06:18:11Z"",""Latitude"":9.3175436,""Longitude"":123.3015424,""Match_Confidence"":"""",""Match_Reason"":"""",""Name"":""Seaoil"",""Notes"":"""",""OSM_ID"":""396538654"",""OSM_Type"":""way"",""Parent_Venue"":"""",""Restroom_Presence"":""Unknown"",""Restroom_Verification"":""candidate_unverified"",""Source"":""OSM"",""Source_ID"":""way/396538654"",""Temporary_Record_ID"":""osm_way_396538654"",""Venue_Category"":""fuel_station""}"
buttler_loc_e160248e49b763ef47af,way/396544241,OSM,way/396544241,restroom_acquisition,Unnamed venue,9.3017983,123.2974868,,unknown,unknown,Unknown,Unknown,candidate_unverified,"{""Access"":""unknown"",""Acquisition_Date"":""2026-09-01"",""Address"":"""",""Bidet_Presence"":""Unknown"",""Candidate_Priority"":""High"",""Candidate_Reason"":""High-traffic major retail venue (shop=supermarket)"",""Fee"":""unknown"",""Last_Source_Update"":""2025-04-04T05:27:30Z"",""Latitude"":9.3017983,""Longitude"":123.2974868,""Match_Confidence"":"""",""Match_Reason"":"""",""Name"":""Unnamed venue"",""Notes"":"""",""OSM_ID"":""396544241"",""OSM_Type"":""way"",""Parent_Venue"":"""",""Restroom_Presence"":""Unknown"",""Restroom_Verification"":""candidate_unverified"",""Source"":""OSM"",""Source_ID"":""way/396544241"",""Temporary_Record_ID"":""osm_way_396544241"",""Venue_Category"":""retail_major""}"
buttler_loc_a401bc274d126e26f58f,way/396549571,OSM,way/396549571,restroom_acquisition,RTPM-DSHS School Canteen,9.3222087,123.2950922,"Maria Asuncion Avenue, Dumaguete",unknown,unknown,Unknown,Unknown,candidate_unverified,"{""Access"":""unknown"",""Acquisition_Date"":""2026-09-01"",""Address"":""Maria Asuncion Avenue, Dumaguete"",""Bidet_Presence"":""Unknown"",""Candidate_Priority"":""High"",""Candidate_Reason"":""Restaurant or fast-food venue (amenity=fast_food)"",""Fee"":""unknown"",""Last_Source_Update"":""2025-08-25T13:28:54Z"",""Latitude"":9.3222087,""Longitude"":123.2950922,""Match_Confidence"":"""",""Match_Reason"":"""",""Name"":""RTPM-DSHS School Canteen"",""Notes"":"""",""OSM_ID"":""396549571"",""OSM_Type"":""way"",""Parent_Venue"":"""",""Restroom_Presence"":""Unknown"",""Restroom_Verification"":""candidate_unverified"",""Source"":""OSM"",""Source_ID"":""way/396549571"",""Temporary_Record_ID"":""osm_way_396549571"",""Venue_Category"":""food_major""}"
buttler_loc_4c48a69729459fc9b3b3,way/411893344,OSM,way/411893344,restroom_acquisition,Salt & Pepper,9.3266854,123.3067436,"145 Hibbard Avenue, Dumaguete",unknown,unknown,Unknown,Unknown,candidate_unverified,"{""Access"":""unknown"",""Acquisition_Date"":""2026-09-01"",""Address"":""145 Hibbard Avenue, Dumaguete"",""Bidet_Presence"":""Unknown"",""Candidate_Priority"":""High"",""Candidate_Reason"":""Restaurant or fast-food venue (amenity=restaurant)"",""Fee"":""unknown"",""Last_Source_Update"":""2025-02-18T01:49:10Z"",""Latitude"":9.3266854,""Longitude"":123.3067436,""Match_Confidence"":"""",""Match_Reason"":"""",""Name"":""Salt & Pepper"",""Notes"":"""",""OSM_ID"":""411893344"",""OSM_Type"":""way"",""Parent_Venue"":"""",""Restroom_Presence"":""Unknown"",""Restroom_Verification"":""candidate_unverified"",""Source"":""OSM"",""Source_ID"":""way/411893344"",""Temporary_Record_ID"":""osm_way_411893344"",""Venue_Category"":""food_major""}"
buttler_loc_b9ca7f7ec636c878ee35,way/549851159,OSM,way/549851159,restroom_acquisition,Bajumpandan Barangay Hall,9.2830403,123.2782725,Dumaguete,unknown,unknown,Unknown,Unknown,candidate_unverified,"{""Access"":""unknown"",""Acquisition_Date"":""2026-09-01"",""Address"":""Dumaguete"",""Bidet_Presence"":""Unknown"",""Candidate_Priority"":""High"",""Candidate_Reason"":""Public/civic facility (amenity=townhall)"",""Fee"":""unknown"",""Last_Source_Update"":""2025-02-11T04:44:03Z"",""Latitude"":9.2830403,""Longitude"":123.2782725,""Match_Confidence"":"""",""Match_Reason"":"""",""Name"":""Bajumpandan Barangay Hall"",""Notes"":"""",""OSM_ID"":""549851159"",""OSM_Type"":""way"",""Parent_Venue"":""Bajumpandan"",""Restroom_Presence"":""Unknown"",""Restroom_Verification"":""candidate_unverified"",""Source"":""OSM"",""Source_ID"":""way/549851159"",""Temporary_Record_ID"":""osm_way_549851159"",""Venue_Category"":""civic""}"
buttler_loc_2ca8f6e3b1efd3c189ed,way/549851207,OSM,way/549851207,restroom_acquisition,Tree Hive Guest House,9.3120628,123.3045334,,unknown,unknown,Unknown,Unknown,candidate_unverified,"{""Access"":""unknown"",""Acquisition_Date"":""2026-09-01"",""Address"":"""",""Bidet_Presence"":""Unknown"",""Candidate_Priority"":""High"",""Candidate_Reason"":""Substantial accommodation (tourism=guest_house)"",""Fee"":""unknown"",""Last_Source_Update"":""2025-12-31T04:01:22Z"",""Latitude"":9.3120628,""Longitude"":123.3045334,""Match_Confidence"":"""",""Match_Reason"":"""",""Name"":""Tree Hive Guest House"",""Notes"":"""",""OSM_ID"":""549851207"",""OSM_Type"":""way"",""Parent_Venue"":"""",""Restroom_Presence"":""Unknown"",""Restroom_Verification"":""candidate_unverified"",""Source"":""OSM"",""Source_ID"":""way/549851207"",""Temporary_Record_ID"":""osm_way_549851207"",""Venue_Category"":""accommodation""}"
buttler_loc_9f494618ab5f64ecbe7d,way/562611200,OSM,way/562611200,restroom_acquisition,Silliman University Agriculture & Marine Biology Campus,9.3313419,123.3080008,Dumaguete,unknown,unknown,Unknown,Unknown,candidate_unverified,"{""Access"":""unknown"",""Acquisition_Date"":""2026-09-01"",""Address"":""Dumaguete"",""Bidet_Presence"":""Unknown"",""Candidate_Priority"":""High"",""Candidate_Reason"":""University or college (amenity=university)"",""Fee"":""unknown"",""Last_Source_Update"":""2025-02-15T11:44:00Z"",""Latitude"":9.3313419,""Longitude"":123.3080008,""Match_Confidence"":"""",""Match_Reason"":"""",""Name"":""Silliman University Agriculture & Marine Biology Campus"",""Notes"":"""",""OSM_ID"":""562611200"",""OSM_Type"":""way"",""Parent_Venue"":"""",""Restroom_Presence"":""Unknown"",""Restroom_Verification"":""candidate_unverified"",""Source"":""OSM"",""Source_ID"":""way/562611200"",""Temporary_Record_ID"":""osm_way_562611200"",""Venue_Category"":""higher_education""}"
buttler_loc_3d5d79674c5f9e85fbd8,way/578695655,OSM,way/578695655,restroom_acquisition,Motong Barangay Hall,9.3178486,123.2900006,"871 Larena Drive, Dumaguete",unknown,unknown,Unknown,Unknown,candidate_unverified,"{""Access"":""unknown"",""Acquisition_Date"":""2026-09-01"",""Address"":""871 Larena Drive, Dumaguete"",""Bidet_Presence"":""Unknown"",""Candidate_Priority"":""High"",""Candidate_Reason"":""Public/civic facility (amenity=townhall)"",""Fee"":""unknown"",""Last_Source_Update"":""2025-02-18T07:12:39Z"",""Latitude"":9.3178486,""Longitude"":123.2900006,""Match_Confidence"":"""",""Match_Reason"":"""",""Name"":""Motong Barangay Hall"",""Notes"":"""",""OSM_ID"":""578695655"",""OSM_Type"":""way"",""Parent_Venue"":"""",""Restroom_Presence"":""Unknown"",""Restroom_Verification"":""candidate_unverified"",""Source"":""OSM"",""Source_ID"":""way/578695655"",""Temporary_Record_ID"":""osm_way_578695655"",""Venue_Category"":""civic""}"
buttler_loc_0349fc9934aa9c0bce79,way/578695689,OSM,way/578695689,restroom_acquisition,Poblacion 3 Barangay Hall,9.3048359,123.3082558,"Senator Lorenzo G. Teves Street, Dumaguete",unknown,unknown,Unknown,Unknown,candidate_unverified,"{""Access"":""unknown"",""Acquisition_Date"":""2026-09-01"",""Address"":""Senator Lorenzo G. Teves Street, Dumaguete"",""Bidet_Presence"":""Unknown"",""Candidate_Priority"":""High"",""Candidate_Reason"":""Public/civic facility (amenity=townhall)"",""Fee"":""unknown"",""Last_Source_Update"":""2023-11-27T04:58:53Z"",""Latitude"":9.3048359,""Longitude"":123.3082558,""Match_Confidence"":"""",""Match_Reason"":"""",""Name"":""Poblacion 3 Barangay Hall"",""Notes"":"""",""OSM_ID"":""578695689"",""OSM_Type"":""way"",""Parent_Venue"":"""",""Restroom_Presence"":""Unknown"",""Restroom_Verification"":""candidate_unverified"",""Source"":""OSM"",""Source_ID"":""way/578695689"",""Temporary_Record_ID"":""osm_way_578695689"",""Venue_Category"":""civic""}"
buttler_loc_517ac8edae0e2d0cd52a,way/581040187,OSM,way/581040187,restroom_acquisition,Unnamed venue,9.3073822,123.2911689,,unknown,unknown,Unknown,Unknown,candidate_unverified,"{""Access"":""unknown"",""Acquisition_Date"":""2026-09-01"",""Address"":"""",""Bidet_Presence"":""Unknown"",""Candidate_Priority"":""Medium"",""Candidate_Reason"":""Smaller entertainment venue (amenity=internet_cafe)"",""Fee"":""unknown"",""Last_Source_Update"":""2018-04-18T02:51:42Z"",""Latitude"":9.3073822,""Longitude"":123.2911689,""Match_Confidence"":"""",""Match_Reason"":"""",""Name"":""Unnamed venue"",""Notes"":"""",""OSM_ID"":""581040187"",""OSM_Type"":""way"",""Parent_Venue"":"""",""Restroom_Presence"":""Unknown"",""Restroom_Verification"":""candidate_unverified"",""Source"":""OSM"",""Source_ID"":""way/581040187"",""Temporary_Record_ID"":""osm_way_581040187"",""Venue_Category"":""entertainment_small""}"
buttler_loc_3be6d15e7a12a1b6193a,way/581040801,OSM,way/581040801,restroom_acquisition,Precious Ren,9.308347,123.2917397,,unknown,unknown,Unknown,Unknown,candidate_unverified,"{""Access"":""unknown"",""Acquisition_Date"":""2026-09-01"",""Address"":"""",""Bidet_Presence"":""Unknown"",""Candidate_Priority"":""Medium"",""Candidate_Reason"":""Convenience store; restroom uncertain (shop=convenience)"",""Fee"":""unknown"",""Last_Source_Update"":""2018-04-18T02:54:14Z"",""Latitude"":9.308347,""Longitude"":123.2917397,""Match_Confidence"":"""",""Match_Reason"":"""",""Name"":""Precious Ren"",""Notes"":"""",""OSM_ID"":""581040801"",""OSM_Type"":""way"",""Parent_Venue"":"""",""Restroom_Presence"":""Unknown"",""Restroom_Verification"":""candidate_unverified"",""Source"":""OSM"",""Source_ID"":""way/581040801"",""Temporary_Record_ID"":""osm_way_581040801"",""Venue_Category"":""convenience""}"
buttler_loc_4d27447f39f6b4d3b833,way/603675964,OSM,way/603675964,restroom_acquisition,Petron,9.2997022,123.3029047,"Lamberto Macias Avenue, Dumaguete",unknown,unknown,Unknown,Unknown,candidate_unverified,"{""Access"":""unknown"",""Acquisition_Date"":""2026-09-01"",""Address"":""Lamberto Macias Avenue, Dumaguete"",""Bidet_Presence"":""Unknown"",""Candidate_Priority"":""High"",""Candidate_Reason"":""Fuel station (amenity=fuel)"",""Fee"":""unknown"",""Last_Source_Update"":""2024-01-13T14:55:31Z"",""Latitude"":9.2997022,""Longitude"":123.3029047,""Match_Confidence"":"""",""Match_Reason"":"""",""Name"":""Petron"",""Notes"":"""",""OSM_ID"":""603675964"",""OSM_Type"":""way"",""Parent_Venue"":"""",""Restroom_Presence"":""Unknown"",""Restroom_Verification"":""candidate_unverified"",""Source"":""OSM"",""Source_ID"":""way/603675964"",""Temporary_Record_ID"":""osm_way_603675964"",""Venue_Category"":""fuel_station""}"
buttler_loc_46b81b8405c9e3e850a4,way/616842299,OSM,way/616842299,restroom_acquisition,Phoenix,9.3010282,123.2998596,Jose Romero Road,unknown,unknown,Yes,Unknown,osm_explicit,"{""Access"":""unknown"",""Acquisition_Date"":""2026-09-01"",""Address"":""Jose Romero Road"",""Bidet_Presence"":""Unknown"",""Candidate_Priority"":"""",""Candidate_Reason"":""toilets=yes"",""Fee"":""unknown"",""Last_Source_Update"":""2024-10-24T01:27:37Z"",""Latitude"":9.3010282,""Longitude"":123.2998596,""Match_Confidence"":"""",""Match_Reason"":"""",""Name"":""Phoenix"",""Notes"":"""",""OSM_ID"":""616842299"",""OSM_Type"":""way"",""Parent_Venue"":"""",""Restroom_Presence"":""Yes"",""Restroom_Verification"":""osm_explicit"",""Source"":""OSM"",""Source_ID"":""way/616842299"",""Temporary_Record_ID"":""osm_way_616842299"",""Venue_Category"":""explicit_venue""}"
buttler_loc_f439f687fac3469aea48,way/643689078,OSM,way/643689078,restroom_acquisition,Go Hotels Dumaguete,9.2974598,123.3051381,,unknown,unknown,Unknown,Unknown,candidate_unverified,"{""Access"":""unknown"",""Acquisition_Date"":""2026-09-01"",""Address"":"""",""Bidet_Presence"":""Unknown"",""Candidate_Priority"":""High"",""Candidate_Reason"":""Substantial accommodation (tourism=hotel)"",""Fee"":""unknown"",""Last_Source_Update"":""2025-02-16T05:53:33Z"",""Latitude"":9.2974598,""Longitude"":123.3051381,""Match_Confidence"":"""",""Match_Reason"":"""",""Name"":""Go Hotels Dumaguete"",""Notes"":"""",""OSM_ID"":""643689078"",""OSM_Type"":""way"",""Parent_Venue"":"""",""Restroom_Presence"":""Unknown"",""Restroom_Verification"":""candidate_unverified"",""Source"":""OSM"",""Source_ID"":""way/643689078"",""Temporary_Record_ID"":""osm_way_643689078"",""Venue_Category"":""accommodation""}"
buttler_loc_5b0d823927d5827b017e,way/706526793,OSM,way/706526793,restroom_acquisition,Shell,9.3000064,123.3067268,"Governor M. F. Perdices Street, Dumaguete",unknown,unknown,Unknown,Unknown,candidate_unverified,"{""Access"":""unknown"",""Acquisition_Date"":""2026-09-01"",""Address"":""Governor M. F. Perdices Street, Dumaguete"",""Bidet_Presence"":""Unknown"",""Candidate_Priority"":""High"",""Candidate_Reason"":""Fuel station (amenity=fuel)"",""Fee"":""unknown"",""Last_Source_Update"":""2025-02-19T22:01:28Z"",""Latitude"":9.3000064,""Longitude"":123.3067268,""Match_Confidence"":"""",""Match_Reason"":"""",""Name"":""Shell"",""Notes"":"""",""OSM_ID"":""706526793"",""OSM_Type"":""way"",""Parent_Venue"":"""",""Restroom_Presence"":""Unknown"",""Restroom_Verification"":""candidate_unverified"",""Source"":""OSM"",""Source_ID"":""way/706526793"",""Temporary_Record_ID"":""osm_way_706526793"",""Venue_Category"":""fuel_station""}"
buttler_loc_f0d955c2b628fcc78819,way/710395842,OSM,way/710395842,restroom_acquisition,Medical Clinic,9.3045135,123.3007651,"Colon Extention, Dumaguete",unknown,unknown,Unknown,Unknown,candidate_unverified,"{""Access"":""unknown"",""Acquisition_Date"":""2026-09-01"",""Address"":""Colon Extention, Dumaguete"",""Bidet_Presence"":""Unknown"",""Candidate_Priority"":""Medium"",""Candidate_Reason"":""Clinic; customer restroom plausible (amenity=clinic)"",""Fee"":""unknown"",""Last_Source_Update"":""2019-08-03T03:34:54Z"",""Latitude"":9.3045135,""Longitude"":123.3007651,""Match_Confidence"":"""",""Match_Reason"":"""",""Name"":""Medical Clinic"",""Notes"":"""",""OSM_ID"":""710395842"",""OSM_Type"":""way"",""Parent_Venue"":"""",""Restroom_Presence"":""Unknown"",""Restroom_Verification"":""candidate_unverified"",""Source"":""OSM"",""Source_ID"":""way/710395842"",""Temporary_Record_ID"":""osm_way_710395842"",""Venue_Category"":""clinic""}"
buttler_loc_c15c8342b235b51477b9,way/710680637,OSM,way/710680637,restroom_acquisition,Casa Rubin,9.3007178,123.3073956,"Governor M. F. Perdices Street, Dumaguete",unknown,unknown,Unknown,Unknown,candidate_unverified,"{""Access"":""unknown"",""Acquisition_Date"":""2026-09-01"",""Address"":""Governor M. F. Perdices Street, Dumaguete"",""Bidet_Presence"":""Unknown"",""Candidate_Priority"":""High"",""Candidate_Reason"":""Substantial accommodation (tourism=hotel)"",""Fee"":""unknown"",""Last_Source_Update"":""2025-02-26T11:32:27Z"",""Latitude"":9.3007178,""Longitude"":123.3073956,""Match_Confidence"":"""",""Match_Reason"":"""",""Name"":""Casa Rubin"",""Notes"":"""",""OSM_ID"":""710680637"",""OSM_Type"":""way"",""Parent_Venue"":"""",""Restroom_Presence"":""Unknown"",""Restroom_Verification"":""candidate_unverified"",""Source"":""OSM"",""Source_ID"":""way/710680637"",""Temporary_Record_ID"":""osm_way_710680637"",""Venue_Category"":""accommodation""}"
buttler_loc_e685c28cedb416696177,way/710680639,OSM,way/710680639,restroom_acquisition,The Market Place,9.2992901,123.306045,,unknown,unknown,Unknown,Unknown,candidate_unverified,"{""Access"":""unknown"",""Acquisition_Date"":""2026-09-01"",""Address"":"""",""Bidet_Presence"":""Unknown"",""Candidate_Priority"":""High"",""Candidate_Reason"":""High-traffic major retail venue (shop=mall)"",""Fee"":""unknown"",""Last_Source_Update"":""2023-11-17T15:13:12Z"",""Latitude"":9.2992901,""Longitude"":123.306045,""Match_Confidence"":"""",""Match_Reason"":"""",""Name"":""The Market Place"",""Notes"":"""",""OSM_ID"":""710680639"",""OSM_Type"":""way"",""Parent_Venue"":"""",""Restroom_Presence"":""Unknown"",""Restroom_Verification"":""candidate_unverified"",""Source"":""OSM"",""Source_ID"":""way/710680639"",""Temporary_Record_ID"":""osm_way_710680639"",""Venue_Category"":""retail_major""}"
buttler_loc_5c5ca505a8f7dc5d9a9d,way/711240911,OSM,way/711240911,restroom_acquisition,Total,9.3066283,123.298846,Doctor Vicente Locsin Street,unknown,unknown,Unknown,Unknown,candidate_unverified,"{""Access"":""unknown"",""Acquisition_Date"":""2026-09-01"",""Address"":""Doctor Vicente Locsin Street"",""Bidet_Presence"":""Unknown"",""Candidate_Priority"":""High"",""Candidate_Reason"":""Fuel station (amenity=fuel)"",""Fee"":""unknown"",""Last_Source_Update"":""2025-04-04T06:20:10Z"",""Latitude"":9.3066283,""Longitude"":123.298846,""Match_Confidence"":"""",""Match_Reason"":"""",""Name"":""Total"",""Notes"":"""",""OSM_ID"":""711240911"",""OSM_Type"":""way"",""Parent_Venue"":"""",""Restroom_Presence"":""Unknown"",""Restroom_Verification"":""candidate_unverified"",""Source"":""OSM"",""Source_ID"":""way/711240911"",""Temporary_Record_ID"":""osm_way_711240911"",""Venue_Category"":""fuel_station""}"
buttler_loc_374766db4668486c5122,way/711240913,OSM,way/711240913,restroom_acquisition,Tati's Place,9.3063356,123.2983489,227 Dr. Miciano Road,unknown,unknown,Unknown,Unknown,candidate_unverified,"{""Access"":""unknown"",""Acquisition_Date"":""2026-09-01"",""Address"":""227 Dr. Miciano Road"",""Bidet_Presence"":""Unknown"",""Candidate_Priority"":""High"",""Candidate_Reason"":""Substantial accommodation (tourism=guest_house)"",""Fee"":""unknown"",""Last_Source_Update"":""2019-08-06T07:21:36Z"",""Latitude"":9.3063356,""Longitude"":123.2983489,""Match_Confidence"":"""",""Match_Reason"":"""",""Name"":""Tati's Place"",""Notes"":"""",""OSM_ID"":""711240913"",""OSM_Type"":""way"",""Parent_Venue"":"""",""Restroom_Presence"":""Unknown"",""Restroom_Verification"":""candidate_unverified"",""Source"":""OSM"",""Source_ID"":""way/711240913"",""Temporary_Record_ID"":""osm_way_711240913"",""Venue_Category"":""accommodation""}"
buttler_loc_72824d05a09de0a761fc,way/790816885,OSM,way/790816885,restroom_acquisition,NORSU Amphitheater,9.3117514,123.3027189,,unknown,unknown,Unknown,Unknown,candidate_unverified,"{""Access"":""unknown"",""Acquisition_Date"":""2026-09-01"",""Address"":"""",""Bidet_Presence"":""Unknown"",""Candidate_Priority"":""High"",""Candidate_Reason"":""Major entertainment venue (amenity=theatre)"",""Fee"":""unknown"",""Last_Source_Update"":""2025-07-28T15:50:51Z"",""Latitude"":9.3117514,""Longitude"":123.3027189,""Match_Confidence"":"""",""Match_Reason"":"""",""Name"":""NORSU Amphitheater"",""Notes"":"""",""OSM_ID"":""790816885"",""OSM_Type"":""way"",""Parent_Venue"":"""",""Restroom_Presence"":""Unknown"",""Restroom_Verification"":""candidate_unverified"",""Source"":""OSM"",""Source_ID"":""way/790816885"",""Temporary_Record_ID"":""osm_way_790816885"",""Venue_Category"":""entertainment_major""}"
buttler_loc_eda7f94b89ec38b69383,way/796472337,OSM,way/796472337,restroom_acquisition,Unnamed venue,9.3111073,123.3038917,,unknown,unknown,Unknown,Unknown,candidate_unverified,"{""Access"":""unknown"",""Acquisition_Date"":""2026-09-01"",""Address"":"""",""Bidet_Presence"":""Unknown"",""Candidate_Priority"":""High"",""Candidate_Reason"":""Major entertainment venue (amenity=theatre)"",""Fee"":""unknown"",""Last_Source_Update"":""2020-04-26T13:41:29Z"",""Latitude"":9.3111073,""Longitude"":123.3038917,""Match_Confidence"":"""",""Match_Reason"":"""",""Name"":""Unnamed venue"",""Notes"":"""",""OSM_ID"":""796472337"",""OSM_Type"":""way"",""Parent_Venue"":"""",""Restroom_Presence"":""Unknown"",""Restroom_Verification"":""candidate_unverified"",""Source"":""OSM"",""Source_ID"":""way/796472337"",""Temporary_Record_ID"":""osm_way_796472337"",""Venue_Category"":""entertainment_major""}"
buttler_loc_4aad1286116f64873dd5,way/901008632,OSM,way/901008632,restroom_acquisition,Banilad Barangay Hall,9.2829973,123.2951418,"Santo Niño Road, Dumaguete",unknown,unknown,Unknown,Unknown,candidate_unverified,"{""Access"":""unknown"",""Acquisition_Date"":""2026-09-01"",""Address"":""Santo Niño Road, Dumaguete"",""Bidet_Presence"":""Unknown"",""Candidate_Priority"":""High"",""Candidate_Reason"":""Public/civic facility (amenity=townhall)"",""Fee"":""unknown"",""Last_Source_Update"":""2023-07-14T06:41:35Z"",""Latitude"":9.2829973,""Longitude"":123.2951418,""Match_Confidence"":"""",""Match_Reason"":"""",""Name"":""Banilad Barangay Hall"",""Notes"":"""",""OSM_ID"":""901008632"",""OSM_Type"":""way"",""Parent_Venue"":"""",""Restroom_Presence"":""Unknown"",""Restroom_Verification"":""candidate_unverified"",""Source"":""OSM"",""Source_ID"":""way/901008632"",""Temporary_Record_ID"":""osm_way_901008632"",""Venue_Category"":""civic""}"
buttler_loc_7b05c4eb984ade5ece10,way/902556838,OSM,way/902556838,restroom_acquisition,Unnamed venue,9.29599,123.3051404,,unknown,unknown,Unknown,Unknown,candidate_unverified,"{""Access"":""unknown"",""Acquisition_Date"":""2026-09-01"",""Address"":"""",""Bidet_Presence"":""Unknown"",""Candidate_Priority"":""High"",""Candidate_Reason"":""Major recreation venue (leisure=sports_centre)"",""Fee"":""unknown"",""Last_Source_Update"":""2021-02-01T07:22:02Z"",""Latitude"":9.29599,""Longitude"":123.3051404,""Match_Confidence"":"""",""Match_Reason"":"""",""Name"":""Unnamed venue"",""Notes"":"""",""OSM_ID"":""902556838"",""OSM_Type"":""way"",""Parent_Venue"":"""",""Restroom_Presence"":""Unknown"",""Restroom_Verification"":""candidate_unverified"",""Source"":""OSM"",""Source_ID"":""way/902556838"",""Temporary_Record_ID"":""osm_way_902556838"",""Venue_Category"":""recreation_major""}"
buttler_loc_1da32f203e56e7f740f7,way/958716737,OSM,way/958716737,restroom_acquisition,Mangnao-Canal Barangay Hall,9.2937641,123.2988235,"Lamberto Macias Avenue, Dumaguete",unknown,unknown,Unknown,Unknown,candidate_unverified,"{""Access"":""unknown"",""Acquisition_Date"":""2026-09-01"",""Address"":""Lamberto Macias Avenue, Dumaguete"",""Bidet_Presence"":""Unknown"",""Candidate_Priority"":""High"",""Candidate_Reason"":""Public/civic facility (amenity=townhall)"",""Fee"":""unknown"",""Last_Source_Update"":""2022-03-16T02:46:53Z"",""Latitude"":9.2937641,""Longitude"":123.2988235,""Match_Confidence"":"""",""Match_Reason"":"""",""Name"":""Mangnao-Canal Barangay Hall"",""Notes"":"""",""OSM_ID"":""958716737"",""OSM_Type"":""way"",""Parent_Venue"":"""",""Restroom_Presence"":""Unknown"",""Restroom_Verification"":""candidate_unverified"",""Source"":""OSM"",""Source_ID"":""way/958716737"",""Temporary_Record_ID"":""osm_way_958716737"",""Venue_Category"":""civic""}"
buttler_loc_ac157a6a2e79ee365673,way/958716748,OSM,way/958716748,restroom_acquisition,Unnamed venue,9.2924364,123.2984637,,unknown,unknown,Yes,Unknown,osm_explicit,"{""Access"":""unknown"",""Acquisition_Date"":""2026-09-01"",""Address"":"""",""Bidet_Presence"":""Unknown"",""Candidate_Priority"":"""",""Candidate_Reason"":""toilets=yes"",""Fee"":""unknown"",""Last_Source_Update"":""2021-06-28T00:33:24Z"",""Latitude"":9.2924364,""Longitude"":123.2984637,""Match_Confidence"":"""",""Match_Reason"":"""",""Name"":""Unnamed venue"",""Notes"":"""",""OSM_ID"":""958716748"",""OSM_Type"":""way"",""Parent_Venue"":"""",""Restroom_Presence"":""Yes"",""Restroom_Verification"":""osm_explicit"",""Source"":""OSM"",""Source_ID"":""way/958716748"",""Temporary_Record_ID"":""osm_way_958716748"",""Venue_Category"":""explicit_venue""}"
buttler_loc_d8ec84d12e4bd08ad5d4,way/958716749,OSM,way/958716749,restroom_acquisition,Star Oil,9.2924577,123.2984533,,unknown,unknown,Unknown,Unknown,candidate_unverified,"{""Access"":""unknown"",""Acquisition_Date"":""2026-09-01"",""Address"":"""",""Bidet_Presence"":""Unknown"",""Candidate_Priority"":""High"",""Candidate_Reason"":""Fuel station (amenity=fuel)"",""Fee"":""unknown"",""Last_Source_Update"":""2025-02-28T09:58:30Z"",""Latitude"":9.2924577,""Longitude"":123.2984533,""Match_Confidence"":"""",""Match_Reason"":"""",""Name"":""Star Oil"",""Notes"":"""",""OSM_ID"":""958716749"",""OSM_Type"":""way"",""Parent_Venue"":"""",""Restroom_Presence"":""Unknown"",""Restroom_Verification"":""candidate_unverified"",""Source"":""OSM"",""Source_ID"":""way/958716749"",""Temporary_Record_ID"":""osm_way_958716749"",""Venue_Category"":""fuel_station""}"
buttler_loc_69669a508c0508cdfaf0,way/958716750,OSM,way/958716750,restroom_acquisition,Shell,9.2922199,123.2978212,Lamberto Macias,unknown,unknown,Yes,Unknown,osm_explicit,"{""Access"":""unknown"",""Acquisition_Date"":""2026-09-01"",""Address"":""Lamberto Macias"",""Bidet_Presence"":""Unknown"",""Candidate_Priority"":"""",""Candidate_Reason"":""toilets=yes"",""Fee"":""unknown"",""Last_Source_Update"":""2023-01-13T23:35:07Z"",""Latitude"":9.2922199,""Longitude"":123.2978212,""Match_Confidence"":"""",""Match_Reason"":"""",""Name"":""Shell"",""Notes"":"""",""OSM_ID"":""958716750"",""OSM_Type"":""way"",""Parent_Venue"":"""",""Restroom_Presence"":""Yes"",""Restroom_Verification"":""osm_explicit"",""Source"":""OSM"",""Source_ID"":""way/958716750"",""Temporary_Record_ID"":""osm_way_958716750"",""Venue_Category"":""explicit_venue""}"
buttler_loc_0e0d9c8811435f804726,way/958716856,OSM,way/958716856,restroom_acquisition,Seaoil,9.2914977,123.2973456,,unknown,unknown,Yes,Unknown,osm_explicit,"{""Access"":""unknown"",""Acquisition_Date"":""2026-09-01"",""Address"":"""",""Bidet_Presence"":""Unknown"",""Candidate_Priority"":"""",""Candidate_Reason"":""toilets=yes"",""Fee"":""unknown"",""Last_Source_Update"":""2022-09-16T08:32:47Z"",""Latitude"":9.2914977,""Longitude"":123.2973456,""Match_Confidence"":"""",""Match_Reason"":"""",""Name"":""Seaoil"",""Notes"":"""",""OSM_ID"":""958716856"",""OSM_Type"":""way"",""Parent_Venue"":"""",""Restroom_Presence"":""Yes"",""Restroom_Verification"":""osm_explicit"",""Source"":""OSM"",""Source_ID"":""way/958716856"",""Temporary_Record_ID"":""osm_way_958716856"",""Venue_Category"":""explicit_venue""}"
buttler_loc_1d0cf7662172bccf64c2,way/1011924618,OSM,way/1011924618,restroom_acquisition,Filoil,9.3014828,123.3044238,,unknown,unknown,Unknown,Unknown,candidate_unverified,"{""Access"":""unknown"",""Acquisition_Date"":""2026-09-01"",""Address"":"""",""Bidet_Presence"":""Unknown"",""Candidate_Priority"":""High"",""Candidate_Reason"":""Fuel station (amenity=fuel)"",""Fee"":""unknown"",""Last_Source_Update"":""2021-12-14T00:25:01Z"",""Latitude"":9.3014828,""Longitude"":123.3044238,""Match_Confidence"":"""",""Match_Reason"":"""",""Name"":""Filoil"",""Notes"":"""",""OSM_ID"":""1011924618"",""OSM_Type"":""way"",""Parent_Venue"":"""",""Restroom_Presence"":""Unknown"",""Restroom_Verification"":""candidate_unverified"",""Source"":""OSM"",""Source_ID"":""way/1011924618"",""Temporary_Record_ID"":""osm_way_1011924618"",""Venue_Category"":""fuel_station""}"
buttler_loc_b813524bf13cac7abda6,way/1034365423,OSM,way/1034365423,restroom_acquisition,Negros Oriental State University - Main Campus II,9.2792233,123.2804582,"Banilad - Bajumpandan Road, Dumaguete",unknown,unknown,Unknown,Unknown,candidate_unverified,"{""Access"":""unknown"",""Acquisition_Date"":""2026-09-01"",""Address"":""Banilad - Bajumpandan Road, Dumaguete"",""Bidet_Presence"":""Unknown"",""Candidate_Priority"":""High"",""Candidate_Reason"":""University or college (amenity=university)"",""Fee"":""unknown"",""Last_Source_Update"":""2023-02-09T14:48:38Z"",""Latitude"":9.2792233,""Longitude"":123.2804582,""Match_Confidence"":"""",""Match_Reason"":"""",""Name"":""Negros Oriental State University - Main Campus II"",""Notes"":"""",""OSM_ID"":""1034365423"",""OSM_Type"":""way"",""Parent_Venue"":"""",""Restroom_Presence"":""Unknown"",""Restroom_Verification"":""candidate_unverified"",""Source"":""OSM"",""Source_ID"":""way/1034365423"",""Temporary_Record_ID"":""osm_way_1034365423"",""Venue_Category"":""higher_education""}"
buttler_loc_1959c5c7b1624e9d2785,way/1034368374,OSM,way/1034368374,restroom_acquisition,Asian College Dumaguete Campus,9.3072355,123.3019691,"Dr. Vicente Locsin Street, Dumaguete",unknown,unknown,Unknown,Unknown,candidate_unverified,"{""Access"":""unknown"",""Acquisition_Date"":""2026-09-01"",""Address"":""Dr. Vicente Locsin Street, Dumaguete"",""Bidet_Presence"":""Unknown"",""Candidate_Priority"":""High"",""Candidate_Reason"":""University or college (amenity=college)"",""Fee"":""unknown"",""Last_Source_Update"":""2025-09-09T02:40:24Z"",""Latitude"":9.3072355,""Longitude"":123.3019691,""Match_Confidence"":"""",""Match_Reason"":"""",""Name"":""Asian College Dumaguete Campus"",""Notes"":"""",""OSM_ID"":""1034368374"",""OSM_Type"":""way"",""Parent_Venue"":"""",""Restroom_Presence"":""Unknown"",""Restroom_Verification"":""candidate_unverified"",""Source"":""OSM"",""Source_ID"":""way/1034368374"",""Temporary_Record_ID"":""osm_way_1034368374"",""Venue_Category"":""higher_education""}"
buttler_loc_e9ab74608b4918dcf221,way/1034368375,OSM,way/1034368375,restroom_acquisition,Auditorium,9.3075409,123.3019651,,unknown,unknown,Unknown,Unknown,candidate_unverified,"{""Access"":""unknown"",""Acquisition_Date"":""2026-09-01"",""Address"":"""",""Bidet_Presence"":""Unknown"",""Candidate_Priority"":""High"",""Candidate_Reason"":""Major entertainment venue (amenity=events_venue)"",""Fee"":""unknown"",""Last_Source_Update"":""2023-06-15T05:46:29Z"",""Latitude"":9.3075409,""Longitude"":123.3019651,""Match_Confidence"":"""",""Match_Reason"":"""",""Name"":""Auditorium"",""Notes"":"""",""OSM_ID"":""1034368375"",""OSM_Type"":""way"",""Parent_Venue"":"""",""Restroom_Presence"":""Unknown"",""Restroom_Verification"":""candidate_unverified"",""Source"":""OSM"",""Source_ID"":""way/1034368375"",""Temporary_Record_ID"":""osm_way_1034368375"",""Venue_Category"":""entertainment_major""}"
buttler_loc_13ea52312d8b6eb92894,way/1038157446,OSM,way/1038157446,restroom_acquisition,Camanjac Barangay Hall,9.3250478,123.271622,Dumaguete,unknown,unknown,Unknown,Unknown,candidate_unverified,"{""Access"":""unknown"",""Acquisition_Date"":""2026-09-01"",""Address"":""Dumaguete"",""Bidet_Presence"":""Unknown"",""Candidate_Priority"":""High"",""Candidate_Reason"":""Public/civic facility (amenity=townhall)"",""Fee"":""unknown"",""Last_Source_Update"":""2023-09-03T15:05:02Z"",""Latitude"":9.3250478,""Longitude"":123.271622,""Match_Confidence"":"""",""Match_Reason"":"""",""Name"":""Camanjac Barangay Hall"",""Notes"":"""",""OSM_ID"":""1038157446"",""OSM_Type"":""way"",""Parent_Venue"":"""",""Restroom_Presence"":""Unknown"",""Restroom_Verification"":""candidate_unverified"",""Source"":""OSM"",""Source_ID"":""way/1038157446"",""Temporary_Record_ID"":""osm_way_1038157446"",""Venue_Category"":""civic""}"
buttler_loc_a7db20b50c9993d58c0e,way/1038157450,OSM,way/1038157450,restroom_acquisition,Bahay Pamahalaan ng Barangay Pulantubig,9.3240755,123.2880588,"L. Rovira West Road, Dumaguete",unknown,unknown,Unknown,Unknown,candidate_unverified,"{""Access"":""unknown"",""Acquisition_Date"":""2026-09-01"",""Address"":""L. Rovira West Road, Dumaguete"",""Bidet_Presence"":""Unknown"",""Candidate_Priority"":""High"",""Candidate_Reason"":""Public/civic facility (amenity=townhall)"",""Fee"":""unknown"",""Last_Source_Update"":""2025-12-31T04:01:22Z"",""Latitude"":9.3240755,""Longitude"":123.2880588,""Match_Confidence"":"""",""Match_Reason"":"""",""Name"":""Bahay Pamahalaan ng Barangay Pulantubig"",""Notes"":"""",""OSM_ID"":""1038157450"",""OSM_Type"":""way"",""Parent_Venue"":"""",""Restroom_Presence"":""Unknown"",""Restroom_Verification"":""candidate_unverified"",""Source"":""OSM"",""Source_ID"":""way/1038157450"",""Temporary_Record_ID"":""osm_way_1038157450"",""Venue_Category"":""civic""}"
buttler_loc_b0f000c4fdf00b0117e5,way/1038157453,OSM,way/1038157453,restroom_acquisition,Balugo Barangay Hall,9.3030125,123.2627282,"Dumaguete - Balugo Road, Dumaguete",unknown,unknown,Unknown,Unknown,candidate_unverified,"{""Access"":""unknown"",""Acquisition_Date"":""2026-09-01"",""Address"":""Dumaguete - Balugo Road, Dumaguete"",""Bidet_Presence"":""Unknown"",""Candidate_Priority"":""High"",""Candidate_Reason"":""Public/civic facility (amenity=townhall)"",""Fee"":""unknown"",""Last_Source_Update"":""2023-01-11T14:14:24Z"",""Latitude"":9.3030125,""Longitude"":123.2627282,""Match_Confidence"":"""",""Match_Reason"":"""",""Name"":""Balugo Barangay Hall"",""Notes"":"""",""OSM_ID"":""1038157453"",""OSM_Type"":""way"",""Parent_Venue"":"""",""Restroom_Presence"":""Unknown"",""Restroom_Verification"":""candidate_unverified"",""Source"":""OSM"",""Source_ID"":""way/1038157453"",""Temporary_Record_ID"":""osm_way_1038157453"",""Venue_Category"":""civic""}"
buttler_loc_3dad9a0e82c8a48a38b3,way/1038157454,OSM,way/1038157454,restroom_acquisition,Bagacay Barangay Hall,9.2997674,123.2936048,"Jose Romero Road, Dumaguete",unknown,unknown,Unknown,Unknown,candidate_unverified,"{""Access"":""unknown"",""Acquisition_Date"":""2026-09-01"",""Address"":""Jose Romero Road, Dumaguete"",""Bidet_Presence"":""Unknown"",""Candidate_Priority"":""High"",""Candidate_Reason"":""Public/civic facility (amenity=townhall)"",""Fee"":""unknown"",""Last_Source_Update"":""2022-03-16T02:46:53Z"",""Latitude"":9.2997674,""Longitude"":123.2936048,""Match_Confidence"":"""",""Match_Reason"":"""",""Name"":""Bagacay Barangay Hall"",""Notes"":"""",""OSM_ID"":""1038157454"",""OSM_Type"":""way"",""Parent_Venue"":"""",""Restroom_Presence"":""Unknown"",""Restroom_Verification"":""candidate_unverified"",""Source"":""OSM"",""Source_ID"":""way/1038157454"",""Temporary_Record_ID"":""osm_way_1038157454"",""Venue_Category"":""civic""}"
buttler_loc_02c09ba7cbaffd1dd99e,way/1038754852,OSM,way/1038754852,restroom_acquisition,Parish Hall,9.2935444,123.2750697,,unknown,unknown,Unknown,Unknown,candidate_unverified,"{""Access"":""unknown"",""Acquisition_Date"":""2026-09-01"",""Address"":"""",""Bidet_Presence"":""Unknown"",""Candidate_Priority"":""High"",""Candidate_Reason"":""Public/civic facility (amenity=community_centre)"",""Fee"":""unknown"",""Last_Source_Update"":""2022-03-09T13:22:42Z"",""Latitude"":9.2935444,""Longitude"":123.2750697,""Match_Confidence"":"""",""Match_Reason"":"""",""Name"":""Parish Hall"",""Notes"":"""",""OSM_ID"":""1038754852"",""OSM_Type"":""way"",""Parent_Venue"":"""",""Restroom_Presence"":""Unknown"",""Restroom_Verification"":""candidate_unverified"",""Source"":""OSM"",""Source_ID"":""way/1038754852"",""Temporary_Record_ID"":""osm_way_1038754852"",""Venue_Category"":""civic""}"
buttler_loc_1fa50df218b2ed89f444,way/1038762301,OSM,way/1038762301,restroom_acquisition,Dumaguete Kahupayan Center,9.305637,123.3069838,"Governor Perdices Street, Dumaguete",unknown,unknown,Unknown,Unknown,candidate_unverified,"{""Access"":""unknown"",""Acquisition_Date"":""2026-09-01"",""Address"":""Governor Perdices Street, Dumaguete"",""Bidet_Presence"":""Unknown"",""Candidate_Priority"":""High"",""Candidate_Reason"":""Public/civic facility (amenity=community_centre)"",""Fee"":""unknown"",""Last_Source_Update"":""2024-12-04T13:45:25Z"",""Latitude"":9.305637,""Longitude"":123.3069838,""Match_Confidence"":"""",""Match_Reason"":"""",""Name"":""Dumaguete Kahupayan Center"",""Notes"":"""",""OSM_ID"":""1038762301"",""OSM_Type"":""way"",""Parent_Venue"":"""",""Restroom_Presence"":""Unknown"",""Restroom_Verification"":""candidate_unverified"",""Source"":""OSM"",""Source_ID"":""way/1038762301"",""Temporary_Record_ID"":""osm_way_1038762301"",""Venue_Category"":""civic""}"
buttler_loc_3838cd6f772a78b6d4ae,way/1040224015,OSM,way/1040224015,restroom_acquisition,Bahay Pamahalaan ng Barangay Buñao,9.329949,123.2934078,"Buñao Road, Dumaguete",unknown,unknown,Unknown,Unknown,candidate_unverified,"{""Access"":""unknown"",""Acquisition_Date"":""2026-09-01"",""Address"":""Buñao Road, Dumaguete"",""Bidet_Presence"":""Unknown"",""Candidate_Priority"":""High"",""Candidate_Reason"":""Public/civic facility (amenity=townhall)"",""Fee"":""unknown"",""Last_Source_Update"":""2025-12-31T04:01:22Z"",""Latitude"":9.329949,""Longitude"":123.2934078,""Match_Confidence"":"""",""Match_Reason"":"""",""Name"":""Bahay Pamahalaan ng Barangay Buñao"",""Notes"":"""",""OSM_ID"":""1040224015"",""OSM_Type"":""way"",""Parent_Venue"":"""",""Restroom_Presence"":""Unknown"",""Restroom_Verification"":""candidate_unverified"",""Source"":""OSM"",""Source_ID"":""way/1040224015"",""Temporary_Record_ID"":""osm_way_1040224015"",""Venue_Category"":""civic""}"
buttler_loc_b61e98ecf89b586f9b0d,way/1040224016,OSM,way/1040224016,restroom_acquisition,Bantayan Barangay Hall,9.3316721,123.304606,Dumaguete,unknown,unknown,Unknown,Unknown,candidate_unverified,"{""Access"":""unknown"",""Acquisition_Date"":""2026-09-01"",""Address"":""Dumaguete"",""Bidet_Presence"":""Unknown"",""Candidate_Priority"":""High"",""Candidate_Reason"":""Public/civic facility (amenity=townhall)"",""Fee"":""unknown"",""Last_Source_Update"":""2023-09-03T15:05:02Z"",""Latitude"":9.3316721,""Longitude"":123.304606,""Match_Confidence"":"""",""Match_Reason"":"""",""Name"":""Bantayan Barangay Hall"",""Notes"":"""",""OSM_ID"":""1040224016"",""OSM_Type"":""way"",""Parent_Venue"":"""",""Restroom_Presence"":""Unknown"",""Restroom_Verification"":""candidate_unverified"",""Source"":""OSM"",""Source_ID"":""way/1040224016"",""Temporary_Record_ID"":""osm_way_1040224016"",""Venue_Category"":""civic""}"
buttler_loc_634fe03d035d62000b8d,way/1040224017,OSM,way/1040224017,restroom_acquisition,Daro Barangay Hall,9.3191783,123.3023439,"Narra Street, Dumaguete",unknown,unknown,Unknown,Unknown,candidate_unverified,"{""Access"":""unknown"",""Acquisition_Date"":""2026-09-01"",""Address"":""Narra Street, Dumaguete"",""Bidet_Presence"":""Unknown"",""Candidate_Priority"":""High"",""Candidate_Reason"":""Public/civic facility (amenity=townhall)"",""Fee"":""unknown"",""Last_Source_Update"":""2026-01-20T01:12:27Z"",""Latitude"":9.3191783,""Longitude"":123.3023439,""Match_Confidence"":"""",""Match_Reason"":"""",""Name"":""Daro Barangay Hall"",""Notes"":"""",""OSM_ID"":""1040224017"",""OSM_Type"":""way"",""Parent_Venue"":"""",""Restroom_Presence"":""Unknown"",""Restroom_Verification"":""candidate_unverified"",""Source"":""OSM"",""Source_ID"":""way/1040224017"",""Temporary_Record_ID"":""osm_way_1040224017"",""Venue_Category"":""civic""}"
buttler_loc_cf82b3e704fc6af6faa9,way/1040224018,OSM,way/1040224018,restroom_acquisition,Bahay Pamahalaan ng Barangay Lo-oc,9.3141416,123.3102003,"Flores Avenue, Dumaguete",unknown,unknown,Unknown,Unknown,candidate_unverified,"{""Access"":""unknown"",""Acquisition_Date"":""2026-09-01"",""Address"":""Flores Avenue, Dumaguete"",""Bidet_Presence"":""Unknown"",""Candidate_Priority"":""High"",""Candidate_Reason"":""Public/civic facility (amenity=townhall)"",""Fee"":""unknown"",""Last_Source_Update"":""2025-04-09T02:37:16Z"",""Latitude"":9.3141416,""Longitude"":123.3102003,""Match_Confidence"":"""",""Match_Reason"":"""",""Name"":""Bahay Pamahalaan ng Barangay Lo-oc"",""Notes"":"""",""OSM_ID"":""1040224018"",""OSM_Type"":""way"",""Parent_Venue"":"""",""Restroom_Presence"":""Unknown"",""Restroom_Verification"":""candidate_unverified"",""Source"":""OSM"",""Source_ID"":""way/1040224018"",""Temporary_Record_ID"":""osm_way_1040224018"",""Venue_Category"":""civic""}"
buttler_loc_3c10eb1e19f305a7efa7,way/1040224019,OSM,way/1040224019,restroom_acquisition,Batinguel Barangay Hall,9.3099506,123.2899377,"Dumaguete - Palinpinon Road, Dumaguete",unknown,unknown,Unknown,Unknown,candidate_unverified,"{""Access"":""unknown"",""Acquisition_Date"":""2026-09-01"",""Address"":""Dumaguete - Palinpinon Road, Dumaguete"",""Bidet_Presence"":""Unknown"",""Candidate_Priority"":""High"",""Candidate_Reason"":""Public/civic facility (amenity=townhall)"",""Fee"":""unknown"",""Last_Source_Update"":""2023-09-03T15:05:02Z"",""Latitude"":9.3099506,""Longitude"":123.2899377,""Match_Confidence"":"""",""Match_Reason"":"""",""Name"":""Batinguel Barangay Hall"",""Notes"":"""",""OSM_ID"":""1040224019"",""OSM_Type"":""way"",""Parent_Venue"":"""",""Restroom_Presence"":""Unknown"",""Restroom_Verification"":""candidate_unverified"",""Source"":""OSM"",""Source_ID"":""way/1040224019"",""Temporary_Record_ID"":""osm_way_1040224019"",""Venue_Category"":""civic""}"
buttler_loc_059b71fba634d16cbb1f,way/1040696312,OSM,way/1040696312,restroom_acquisition,Candau-ay Barangay Hall,9.3135084,123.2591335,"Dumaguete - Palinpinon Road, Dumaguete",unknown,unknown,Unknown,Unknown,candidate_unverified,"{""Access"":""unknown"",""Acquisition_Date"":""2026-09-01"",""Address"":""Dumaguete - Palinpinon Road, Dumaguete"",""Bidet_Presence"":""Unknown"",""Candidate_Priority"":""High"",""Candidate_Reason"":""Public/civic facility (amenity=townhall)"",""Fee"":""unknown"",""Last_Source_Update"":""2024-12-24T05:50:49Z"",""Latitude"":9.3135084,""Longitude"":123.2591335,""Match_Confidence"":"""",""Match_Reason"":"""",""Name"":""Candau-ay Barangay Hall"",""Notes"":"""",""OSM_ID"":""1040696312"",""OSM_Type"":""way"",""Parent_Venue"":"""",""Restroom_Presence"":""Unknown"",""Restroom_Verification"":""candidate_unverified"",""Source"":""OSM"",""Source_ID"":""way/1040696312"",""Temporary_Record_ID"":""osm_way_1040696312"",""Venue_Category"":""civic""}"
buttler_loc_5f09da81d2f4301187ee,way/1040696313,OSM,way/1040696313,restroom_acquisition,Talay Barangay Hall,9.2925399,123.2624937,Dumaguete,unknown,unknown,Unknown,Unknown,candidate_unverified,"{""Access"":""unknown"",""Acquisition_Date"":""2026-09-01"",""Address"":""Dumaguete"",""Bidet_Presence"":""Unknown"",""Candidate_Priority"":""High"",""Candidate_Reason"":""Public/civic facility (amenity=townhall)"",""Fee"":""unknown"",""Last_Source_Update"":""2025-04-03T00:42:02Z"",""Latitude"":9.2925399,""Longitude"":123.2624937,""Match_Confidence"":"""",""Match_Reason"":"""",""Name"":""Talay Barangay Hall"",""Notes"":"""",""OSM_ID"":""1040696313"",""OSM_Type"":""way"",""Parent_Venue"":"""",""Restroom_Presence"":""Unknown"",""Restroom_Verification"":""candidate_unverified"",""Source"":""OSM"",""Source_ID"":""way/1040696313"",""Temporary_Record_ID"":""osm_way_1040696313"",""Venue_Category"":""civic""}"
buttler_loc_af92fd7de3eeb4bb2c40,way/1040696314,OSM,way/1040696314,restroom_acquisition,Tabuctubig Barangay Hall,9.3016593,123.3016051,"Angatan Road, Dumaguete",unknown,unknown,Unknown,Unknown,candidate_unverified,"{""Access"":""unknown"",""Acquisition_Date"":""2026-09-01"",""Address"":""Angatan Road, Dumaguete"",""Bidet_Presence"":""Unknown"",""Candidate_Priority"":""High"",""Candidate_Reason"":""Public/civic facility (amenity=townhall)"",""Fee"":""unknown"",""Last_Source_Update"":""2025-03-25T07:55:41Z"",""Latitude"":9.3016593,""Longitude"":123.3016051,""Match_Confidence"":"""",""Match_Reason"":"""",""Name"":""Tabuctubig Barangay Hall"",""Notes"":"""",""OSM_ID"":""1040696314"",""OSM_Type"":""way"",""Parent_Venue"":"""",""Restroom_Presence"":""Unknown"",""Restroom_Verification"":""candidate_unverified"",""Source"":""OSM"",""Source_ID"":""way/1040696314"",""Temporary_Record_ID"":""osm_way_1040696314"",""Venue_Category"":""civic""}"
buttler_loc_78f3c6f4eff206effe37,way/1040696315,OSM,way/1040696315,restroom_acquisition,Poblacion 7 Barangay Hall,9.3082713,123.3046569,"Jose Pro Teves Street, Dumaguete",unknown,unknown,Unknown,Unknown,candidate_unverified,"{""Access"":""unknown"",""Acquisition_Date"":""2026-09-01"",""Address"":""Jose Pro Teves Street, Dumaguete"",""Bidet_Presence"":""Unknown"",""Candidate_Priority"":""High"",""Candidate_Reason"":""Public/civic facility (amenity=townhall)"",""Fee"":""unknown"",""Last_Source_Update"":""2022-03-16T02:46:53Z"",""Latitude"":9.3082713,""Longitude"":123.3046569,""Match_Confidence"":"""",""Match_Reason"":"""",""Name"":""Poblacion 7 Barangay Hall"",""Notes"":"""",""OSM_ID"":""1040696315"",""OSM_Type"":""way"",""Parent_Venue"":"""",""Restroom_Presence"":""Unknown"",""Restroom_Verification"":""candidate_unverified"",""Source"":""OSM"",""Source_ID"":""way/1040696315"",""Temporary_Record_ID"":""osm_way_1040696315"",""Venue_Category"":""civic""}"
buttler_loc_6f821632e8fc3a354a7b,way/1040696316,OSM,way/1040696316,restroom_acquisition,Cantil-e Barangay Hall,9.2806306,123.2726153,Dumaguete,unknown,unknown,Unknown,Unknown,candidate_unverified,"{""Access"":""unknown"",""Acquisition_Date"":""2026-09-01"",""Address"":""Dumaguete"",""Bidet_Presence"":""Unknown"",""Candidate_Priority"":""High"",""Candidate_Reason"":""Public/civic facility (amenity=townhall)"",""Fee"":""unknown"",""Last_Source_Update"":""2022-03-16T02:46:53Z"",""Latitude"":9.2806306,""Longitude"":123.2726153,""Match_Confidence"":"""",""Match_Reason"":"""",""Name"":""Cantil-e Barangay Hall"",""Notes"":"""",""OSM_ID"":""1040696316"",""OSM_Type"":""way"",""Parent_Venue"":"""",""Restroom_Presence"":""Unknown"",""Restroom_Verification"":""candidate_unverified"",""Source"":""OSM"",""Source_ID"":""way/1040696316"",""Temporary_Record_ID"":""osm_way_1040696316"",""Venue_Category"":""civic""}"
buttler_loc_e587ddca7cc570210be0,way/1054118090,OSM,way/1054118090,restroom_acquisition,Bulwagang Pambarangay ng Calindagan,9.3003458,123.3115514,,unknown,unknown,Unknown,Unknown,candidate_unverified,"{""Access"":""unknown"",""Acquisition_Date"":""2026-09-01"",""Address"":"""",""Bidet_Presence"":""Unknown"",""Candidate_Priority"":""High"",""Candidate_Reason"":""Public/civic facility (amenity=townhall)"",""Fee"":""unknown"",""Last_Source_Update"":""2022-04-23T02:51:37Z"",""Latitude"":9.3003458,""Longitude"":123.3115514,""Match_Confidence"":"""",""Match_Reason"":"""",""Name"":""Bulwagang Pambarangay ng Calindagan"",""Notes"":"""",""OSM_ID"":""1054118090"",""OSM_Type"":""way"",""Parent_Venue"":""Calindagan"",""Restroom_Presence"":""Unknown"",""Restroom_Verification"":""candidate_unverified"",""Source"":""OSM"",""Source_ID"":""way/1054118090"",""Temporary_Record_ID"":""osm_way_1054118090"",""Venue_Category"":""civic""}"
buttler_loc_9c257cd7da41708beeb2,way/1059742333,OSM,way/1059742333,restroom_acquisition,Gas & Go,9.3241984,123.2862638,L. Rovira West Road,unknown,unknown,Unknown,Unknown,candidate_unverified,"{""Access"":""unknown"",""Acquisition_Date"":""2026-09-01"",""Address"":""L. Rovira West Road"",""Bidet_Presence"":""Unknown"",""Candidate_Priority"":""High"",""Candidate_Reason"":""Fuel station (amenity=fuel)"",""Fee"":""unknown"",""Last_Source_Update"":""2023-01-04T04:18:42Z"",""Latitude"":9.3241984,""Longitude"":123.2862638,""Match_Confidence"":"""",""Match_Reason"":"""",""Name"":""Gas & Go"",""Notes"":"""",""OSM_ID"":""1059742333"",""OSM_Type"":""way"",""Parent_Venue"":"""",""Restroom_Presence"":""Unknown"",""Restroom_Verification"":""candidate_unverified"",""Source"":""OSM"",""Source_ID"":""way/1059742333"",""Temporary_Record_ID"":""osm_way_1059742333"",""Venue_Category"":""fuel_station""}"
buttler_loc_adc9c6f9eb9505a6650a,way/1093960801,OSM,way/1093960801,restroom_acquisition,Veron Store,9.3106271,123.2745096,,unknown,unknown,Unknown,Unknown,candidate_unverified,"{""Access"":""unknown"",""Acquisition_Date"":""2026-09-01"",""Address"":"""",""Bidet_Presence"":""Unknown"",""Candidate_Priority"":""Medium"",""Candidate_Reason"":""Convenience store; restroom uncertain (shop=convenience)"",""Fee"":""unknown"",""Last_Source_Update"":""2022-09-12T20:30:41Z"",""Latitude"":9.3106271,""Longitude"":123.2745096,""Match_Confidence"":"""",""Match_Reason"":"""",""Name"":""Veron Store"",""Notes"":"""",""OSM_ID"":""1093960801"",""OSM_Type"":""way"",""Parent_Venue"":"""",""Restroom_Presence"":""Unknown"",""Restroom_Verification"":""candidate_unverified"",""Source"":""OSM"",""Source_ID"":""way/1093960801"",""Temporary_Record_ID"":""osm_way_1093960801"",""Venue_Category"":""convenience""}"
buttler_loc_2be9a054dc0e09ffec5e,way/1108273030,OSM,way/1108273030,restroom_acquisition,Shell,9.3042901,123.3076865,Governor M. F. Perdices Street,unknown,unknown,Unknown,Unknown,candidate_unverified,"{""Access"":""unknown"",""Acquisition_Date"":""2026-09-01"",""Address"":""Governor M. F. Perdices Street"",""Bidet_Presence"":""Unknown"",""Candidate_Priority"":""High"",""Candidate_Reason"":""Fuel station (amenity=fuel)"",""Fee"":""unknown"",""Last_Source_Update"":""2025-04-08T08:09:39Z"",""Latitude"":9.3042901,""Longitude"":123.3076865,""Match_Confidence"":"""",""Match_Reason"":"""",""Name"":""Shell"",""Notes"":"""",""OSM_ID"":""1108273030"",""OSM_Type"":""way"",""Parent_Venue"":"""",""Restroom_Presence"":""Unknown"",""Restroom_Verification"":""candidate_unverified"",""Source"":""OSM"",""Source_ID"":""way/1108273030"",""Temporary_Record_ID"":""osm_way_1108273030"",""Venue_Category"":""fuel_station""}"
buttler_loc_88b00540656a19d9867e,way/1119998608,OSM,way/1119998608,restroom_acquisition,Metro Dumaguete College,9.3188617,123.2914018,"E. J. Blanco Extension, Dumaguete",unknown,unknown,Unknown,Unknown,candidate_unverified,"{""Access"":""unknown"",""Acquisition_Date"":""2026-09-01"",""Address"":""E. J. Blanco Extension, Dumaguete"",""Bidet_Presence"":""Unknown"",""Candidate_Priority"":""High"",""Candidate_Reason"":""University or college (amenity=college)"",""Fee"":""unknown"",""Last_Source_Update"":""2025-02-18T07:12:39Z"",""Latitude"":9.3188617,""Longitude"":123.2914018,""Match_Confidence"":"""",""Match_Reason"":"""",""Name"":""Metro Dumaguete College"",""Notes"":"""",""OSM_ID"":""1119998608"",""OSM_Type"":""way"",""Parent_Venue"":"""",""Restroom_Presence"":""Unknown"",""Restroom_Verification"":""candidate_unverified"",""Source"":""OSM"",""Source_ID"":""way/1119998608"",""Temporary_Record_ID"":""osm_way_1119998608"",""Venue_Category"":""higher_education""}"
buttler_loc_e5ccaf226b4e2c572e42,way/1119998625,OSM,way/1119998625,restroom_acquisition,Triple Y Gas Station,9.3256892,123.2708657,"S. Infante Street, Dumaguete",unknown,unknown,Unknown,Unknown,candidate_unverified,"{""Access"":""unknown"",""Acquisition_Date"":""2026-09-01"",""Address"":""S. Infante Street, Dumaguete"",""Bidet_Presence"":""Unknown"",""Candidate_Priority"":""High"",""Candidate_Reason"":""Fuel station (amenity=fuel)"",""Fee"":""unknown"",""Last_Source_Update"":""2022-12-07T01:23:48Z"",""Latitude"":9.3256892,""Longitude"":123.2708657,""Match_Confidence"":"""",""Match_Reason"":"""",""Name"":""Triple Y Gas Station"",""Notes"":"""",""OSM_ID"":""1119998625"",""OSM_Type"":""way"",""Parent_Venue"":"""",""Restroom_Presence"":""Unknown"",""Restroom_Verification"":""candidate_unverified"",""Source"":""OSM"",""Source_ID"":""way/1119998625"",""Temporary_Record_ID"":""osm_way_1119998625"",""Venue_Category"":""fuel_station""}"
buttler_loc_201922917c1b064cc2b2,way/1119998628,OSM,way/1119998628,restroom_acquisition,Staroil,9.3248251,123.2741495,,unknown,unknown,Unknown,Unknown,candidate_unverified,"{""Access"":""unknown"",""Acquisition_Date"":""2026-09-01"",""Address"":"""",""Bidet_Presence"":""Unknown"",""Candidate_Priority"":""High"",""Candidate_Reason"":""Fuel station (amenity=fuel)"",""Fee"":""unknown"",""Last_Source_Update"":""2022-12-07T01:23:48Z"",""Latitude"":9.3248251,""Longitude"":123.2741495,""Match_Confidence"":"""",""Match_Reason"":"""",""Name"":""Staroil"",""Notes"":"""",""OSM_ID"":""1119998628"",""OSM_Type"":""way"",""Parent_Venue"":"""",""Restroom_Presence"":""Unknown"",""Restroom_Verification"":""candidate_unverified"",""Source"":""OSM"",""Source_ID"":""way/1119998628"",""Temporary_Record_ID"":""osm_way_1119998628"",""Venue_Category"":""fuel_station""}"
buttler_loc_ea9f1c02dcdd377211fe,way/1126832797,OSM,way/1126832797,restroom_acquisition,Star Oil,9.3004624,123.2948396,"Jose Romero Road, Dumaguete",unknown,unknown,Unknown,Unknown,candidate_unverified,"{""Access"":""unknown"",""Acquisition_Date"":""2026-09-01"",""Address"":""Jose Romero Road, Dumaguete"",""Bidet_Presence"":""Unknown"",""Candidate_Priority"":""High"",""Candidate_Reason"":""Fuel station (amenity=fuel)"",""Fee"":""unknown"",""Last_Source_Update"":""2023-01-04T04:18:42Z"",""Latitude"":9.3004624,""Longitude"":123.2948396,""Match_Confidence"":"""",""Match_Reason"":"""",""Name"":""Star Oil"",""Notes"":"""",""OSM_ID"":""1126832797"",""OSM_Type"":""way"",""Parent_Venue"":"""",""Restroom_Presence"":""Unknown"",""Restroom_Verification"":""candidate_unverified"",""Source"":""OSM"",""Source_ID"":""way/1126832797"",""Temporary_Record_ID"":""osm_way_1126832797"",""Venue_Category"":""fuel_station""}"
buttler_loc_58f281654a9bd8b19c9e,way/1126832804,OSM,way/1126832804,restroom_acquisition,Jetti,9.3000213,123.2933685,,unknown,unknown,Unknown,Unknown,candidate_unverified,"{""Access"":""unknown"",""Acquisition_Date"":""2026-09-01"",""Address"":"""",""Bidet_Presence"":""Unknown"",""Candidate_Priority"":""High"",""Candidate_Reason"":""Fuel station (amenity=fuel)"",""Fee"":""unknown"",""Last_Source_Update"":""2023-01-04T04:18:42Z"",""Latitude"":9.3000213,""Longitude"":123.2933685,""Match_Confidence"":"""",""Match_Reason"":"""",""Name"":""Jetti"",""Notes"":"""",""OSM_ID"":""1126832804"",""OSM_Type"":""way"",""Parent_Venue"":"""",""Restroom_Presence"":""Unknown"",""Restroom_Verification"":""candidate_unverified"",""Source"":""OSM"",""Source_ID"":""way/1126832804"",""Temporary_Record_ID"":""osm_way_1126832804"",""Venue_Category"":""fuel_station""}"
buttler_loc_92f8e63bdc6b96682428,way/1126832807,OSM,way/1126832807,restroom_acquisition,VAP Gas,9.2998922,123.2930736,,unknown,unknown,Unknown,Unknown,candidate_unverified,"{""Access"":""unknown"",""Acquisition_Date"":""2026-09-01"",""Address"":"""",""Bidet_Presence"":""Unknown"",""Candidate_Priority"":""High"",""Candidate_Reason"":""Fuel station (amenity=fuel)"",""Fee"":""unknown"",""Last_Source_Update"":""2023-01-04T04:18:42Z"",""Latitude"":9.2998922,""Longitude"":123.2930736,""Match_Confidence"":"""",""Match_Reason"":"""",""Name"":""VAP Gas"",""Notes"":"""",""OSM_ID"":""1126832807"",""OSM_Type"":""way"",""Parent_Venue"":"""",""Restroom_Presence"":""Unknown"",""Restroom_Verification"":""candidate_unverified"",""Source"":""OSM"",""Source_ID"":""way/1126832807"",""Temporary_Record_ID"":""osm_way_1126832807"",""Venue_Category"":""fuel_station""}"
buttler_loc_128fd04abbaa2092f997,way/1128119982,OSM,way/1128119982,restroom_acquisition,Morning Star Gas Station,9.3180742,123.2818047,,unknown,unknown,Unknown,Unknown,candidate_unverified,"{""Access"":""unknown"",""Acquisition_Date"":""2026-09-01"",""Address"":"""",""Bidet_Presence"":""Unknown"",""Candidate_Priority"":""High"",""Candidate_Reason"":""Fuel station (amenity=fuel)"",""Fee"":""unknown"",""Last_Source_Update"":""2023-01-08T04:00:56Z"",""Latitude"":9.3180742,""Longitude"":123.2818047,""Match_Confidence"":"""",""Match_Reason"":"""",""Name"":""Morning Star Gas Station"",""Notes"":"""",""OSM_ID"":""1128119982"",""OSM_Type"":""way"",""Parent_Venue"":"""",""Restroom_Presence"":""Unknown"",""Restroom_Verification"":""candidate_unverified"",""Source"":""OSM"",""Source_ID"":""way/1128119982"",""Temporary_Record_ID"":""osm_way_1128119982"",""Venue_Category"":""fuel_station""}"
buttler_loc_cea44559f74cbd9a8751,way/1128119986,OSM,way/1128119986,restroom_acquisition,2Bil Gas Station,9.3195156,123.2890082,,unknown,unknown,Unknown,Unknown,candidate_unverified,"{""Access"":""unknown"",""Acquisition_Date"":""2026-09-01"",""Address"":"""",""Bidet_Presence"":""Unknown"",""Candidate_Priority"":""High"",""Candidate_Reason"":""Fuel station (amenity=fuel)"",""Fee"":""unknown"",""Last_Source_Update"":""2026-07-06T13:28:59Z"",""Latitude"":9.3195156,""Longitude"":123.2890082,""Match_Confidence"":"""",""Match_Reason"":"""",""Name"":""2Bil Gas Station"",""Notes"":"""",""OSM_ID"":""1128119986"",""OSM_Type"":""way"",""Parent_Venue"":"""",""Restroom_Presence"":""Unknown"",""Restroom_Verification"":""candidate_unverified"",""Source"":""OSM"",""Source_ID"":""way/1128119986"",""Temporary_Record_ID"":""osm_way_1128119986"",""Venue_Category"":""fuel_station""}"
buttler_loc_5a28912a1b5a1b623021,way/1128119988,OSM,way/1128119988,restroom_acquisition,ACE Dumaguete Doctors,9.3170763,123.2959913,"Claytown Road, Dumaguete",unknown,unknown,Unknown,Unknown,candidate_unverified,"{""Access"":""unknown"",""Acquisition_Date"":""2026-09-01"",""Address"":""Claytown Road, Dumaguete"",""Bidet_Presence"":""Unknown"",""Candidate_Priority"":""High"",""Candidate_Reason"":""Hospital facility (amenity=hospital)"",""Fee"":""unknown"",""Last_Source_Update"":""2025-03-05T03:30:13Z"",""Latitude"":9.3170763,""Longitude"":123.2959913,""Match_Confidence"":"""",""Match_Reason"":"""",""Name"":""ACE Dumaguete Doctors"",""Notes"":"""",""OSM_ID"":""1128119988"",""OSM_Type"":""way"",""Parent_Venue"":"""",""Restroom_Presence"":""Unknown"",""Restroom_Verification"":""candidate_unverified"",""Source"":""OSM"",""Source_ID"":""way/1128119988"",""Temporary_Record_ID"":""osm_way_1128119988"",""Venue_Category"":""hospital""}"
buttler_loc_bdbb625139ca30419f46,way/1130918228,OSM,way/1130918228,restroom_acquisition,Taclobo Barangay Hall,9.3142105,123.2894601,Dumaguete,unknown,unknown,Unknown,Unknown,candidate_unverified,"{""Access"":""unknown"",""Acquisition_Date"":""2026-09-01"",""Address"":""Dumaguete"",""Bidet_Presence"":""Unknown"",""Candidate_Priority"":""High"",""Candidate_Reason"":""Public/civic facility (amenity=townhall)"",""Fee"":""unknown"",""Last_Source_Update"":""2024-02-09T04:00:34Z"",""Latitude"":9.3142105,""Longitude"":123.2894601,""Match_Confidence"":"""",""Match_Reason"":"""",""Name"":""Taclobo Barangay Hall"",""Notes"":"""",""OSM_ID"":""1130918228"",""OSM_Type"":""way"",""Parent_Venue"":"""",""Restroom_Presence"":""Unknown"",""Restroom_Verification"":""candidate_unverified"",""Source"":""OSM"",""Source_ID"":""way/1130918228"",""Temporary_Record_ID"":""osm_way_1130918228"",""Venue_Category"":""civic""}"
buttler_loc_ff5f5ab0ad7b5ecc18a9,way/1131829013,OSM,way/1131829013,restroom_acquisition,Petron,9.2881491,123.2950654,,unknown,unknown,Unknown,Unknown,candidate_unverified,"{""Access"":""unknown"",""Acquisition_Date"":""2026-09-01"",""Address"":"""",""Bidet_Presence"":""Unknown"",""Candidate_Priority"":""High"",""Candidate_Reason"":""Fuel station (amenity=fuel)"",""Fee"":""unknown"",""Last_Source_Update"":""2025-12-28T02:14:13Z"",""Latitude"":9.2881491,""Longitude"":123.2950654,""Match_Confidence"":"""",""Match_Reason"":"""",""Name"":""Petron"",""Notes"":"""",""OSM_ID"":""1131829013"",""OSM_Type"":""way"",""Parent_Venue"":"""",""Restroom_Presence"":""Unknown"",""Restroom_Verification"":""candidate_unverified"",""Source"":""OSM"",""Source_ID"":""way/1131829013"",""Temporary_Record_ID"":""osm_way_1131829013"",""Venue_Category"":""fuel_station""}"
buttler_loc_0240ee26adafbc36451b,way/1131829018,OSM,way/1131829018,restroom_acquisition,Orient Fuel,9.2926313,123.2985576,"Lamberto Macias Avenue, Dumaguete",unknown,unknown,Unknown,Unknown,candidate_unverified,"{""Access"":""unknown"",""Acquisition_Date"":""2026-09-01"",""Address"":""Lamberto Macias Avenue, Dumaguete"",""Bidet_Presence"":""Unknown"",""Candidate_Priority"":""High"",""Candidate_Reason"":""Fuel station (amenity=fuel)"",""Fee"":""unknown"",""Last_Source_Update"":""2023-01-13T23:35:07Z"",""Latitude"":9.2926313,""Longitude"":123.2985576,""Match_Confidence"":"""",""Match_Reason"":"""",""Name"":""Orient Fuel"",""Notes"":"""",""OSM_ID"":""1131829018"",""OSM_Type"":""way"",""Parent_Venue"":"""",""Restroom_Presence"":""Unknown"",""Restroom_Verification"":""candidate_unverified"",""Source"":""OSM"",""Source_ID"":""way/1131829018"",""Temporary_Record_ID"":""osm_way_1131829018"",""Venue_Category"":""fuel_station""}"
buttler_loc_a4dd231bffc60a191607,way/1131829020,OSM,way/1131829020,restroom_acquisition,Jetti,9.2957748,123.3001877,"Lamberto Macias Avenue, Dumaguete",unknown,unknown,Unknown,Unknown,candidate_unverified,"{""Access"":""unknown"",""Acquisition_Date"":""2026-09-01"",""Address"":""Lamberto Macias Avenue, Dumaguete"",""Bidet_Presence"":""Unknown"",""Candidate_Priority"":""High"",""Candidate_Reason"":""Fuel station (amenity=fuel)"",""Fee"":""unknown"",""Last_Source_Update"":""2025-02-04T02:29:53Z"",""Latitude"":9.2957748,""Longitude"":123.3001877,""Match_Confidence"":"""",""Match_Reason"":"""",""Name"":""Jetti"",""Notes"":"""",""OSM_ID"":""1131829020"",""OSM_Type"":""way"",""Parent_Venue"":"""",""Restroom_Presence"":""Unknown"",""Restroom_Verification"":""candidate_unverified"",""Source"":""OSM"",""Source_ID"":""way/1131829020"",""Temporary_Record_ID"":""osm_way_1131829020"",""Venue_Category"":""fuel_station""}"
buttler_loc_6e636085a2e30248d7c2,way/1131829023,OSM,way/1131829023,restroom_acquisition,Phoenix,9.2961731,123.3009121,,unknown,unknown,Unknown,Unknown,candidate_unverified,"{""Access"":""unknown"",""Acquisition_Date"":""2026-09-01"",""Address"":"""",""Bidet_Presence"":""Unknown"",""Candidate_Priority"":""High"",""Candidate_Reason"":""Fuel station (amenity=fuel)"",""Fee"":""unknown"",""Last_Source_Update"":""2025-02-04T02:29:53Z"",""Latitude"":9.2961731,""Longitude"":123.3009121,""Match_Confidence"":"""",""Match_Reason"":"""",""Name"":""Phoenix"",""Notes"":"""",""OSM_ID"":""1131829023"",""OSM_Type"":""way"",""Parent_Venue"":"""",""Restroom_Presence"":""Unknown"",""Restroom_Verification"":""candidate_unverified"",""Source"":""OSM"",""Source_ID"":""way/1131829023"",""Temporary_Record_ID"":""osm_way_1131829023"",""Venue_Category"":""fuel_station""}"
buttler_loc_6828b7da229ea4ca5071,way/1131829025,OSM,way/1131829025,restroom_acquisition,Grenergy Gas,9.2981358,123.3018611,,unknown,unknown,Unknown,Unknown,candidate_unverified,"{""Access"":""unknown"",""Acquisition_Date"":""2026-09-01"",""Address"":"""",""Bidet_Presence"":""Unknown"",""Candidate_Priority"":""High"",""Candidate_Reason"":""Fuel station (amenity=fuel)"",""Fee"":""unknown"",""Last_Source_Update"":""2023-01-13T23:35:07Z"",""Latitude"":9.2981358,""Longitude"":123.3018611,""Match_Confidence"":"""",""Match_Reason"":"""",""Name"":""Grenergy Gas"",""Notes"":"""",""OSM_ID"":""1131829025"",""OSM_Type"":""way"",""Parent_Venue"":"""",""Restroom_Presence"":""Unknown"",""Restroom_Verification"":""candidate_unverified"",""Source"":""OSM"",""Source_ID"":""way/1131829025"",""Temporary_Record_ID"":""osm_way_1131829025"",""Venue_Category"":""fuel_station""}"
buttler_loc_b86733c35b60554f3ae2,way/1144387659,OSM,way/1144387659,restroom_acquisition,Presbyterian Theological College,9.2799303,123.2721539,Dumaguete,unknown,unknown,Unknown,Unknown,candidate_unverified,"{""Access"":""unknown"",""Acquisition_Date"":""2026-09-01"",""Address"":""Dumaguete"",""Bidet_Presence"":""Unknown"",""Candidate_Priority"":""High"",""Candidate_Reason"":""University or college (amenity=college)"",""Fee"":""unknown"",""Last_Source_Update"":""2023-02-12T15:41:45Z"",""Latitude"":9.2799303,""Longitude"":123.2721539,""Match_Confidence"":"""",""Match_Reason"":"""",""Name"":""Presbyterian Theological College"",""Notes"":"""",""OSM_ID"":""1144387659"",""OSM_Type"":""way"",""Parent_Venue"":"""",""Restroom_Presence"":""Unknown"",""Restroom_Verification"":""candidate_unverified"",""Source"":""OSM"",""Source_ID"":""way/1144387659"",""Temporary_Record_ID"":""osm_way_1144387659"",""Venue_Category"":""higher_education""}"
buttler_loc_abd9d9059fe71703e06e,way/1159288507,OSM,way/1159288507,restroom_acquisition,Unitop Dumaguete,9.3040742,123.3042192,Senator Lorenzo G. Teves Extension,unknown,unknown,Unknown,Unknown,candidate_unverified,"{""Access"":""unknown"",""Acquisition_Date"":""2026-09-01"",""Address"":""Senator Lorenzo G. Teves Extension"",""Bidet_Presence"":""Unknown"",""Candidate_Priority"":""High"",""Candidate_Reason"":""High-traffic major retail venue (shop=mall)"",""Fee"":""unknown"",""Last_Source_Update"":""2025-03-25T07:55:41Z"",""Latitude"":9.3040742,""Longitude"":123.3042192,""Match_Confidence"":"""",""Match_Reason"":"""",""Name"":""Unitop Dumaguete"",""Notes"":"""",""OSM_ID"":""1159288507"",""OSM_Type"":""way"",""Parent_Venue"":"""",""Restroom_Presence"":""Unknown"",""Restroom_Verification"":""candidate_unverified"",""Source"":""OSM"",""Source_ID"":""way/1159288507"",""Temporary_Record_ID"":""osm_way_1159288507"",""Venue_Category"":""retail_major""}"
buttler_loc_5a5b4d0a2d805e9bf5cb,way/1159288520,OSM,way/1159288520,restroom_acquisition,McDonald's,9.3226952,123.299055,"Veterans Avenue, Dumaguete",unknown,unknown,Unknown,Unknown,candidate_unverified,"{""Access"":""unknown"",""Acquisition_Date"":""2026-09-01"",""Address"":""Veterans Avenue, Dumaguete"",""Bidet_Presence"":""Unknown"",""Candidate_Priority"":""High"",""Candidate_Reason"":""Restaurant or fast-food venue (amenity=fast_food)"",""Fee"":""unknown"",""Last_Source_Update"":""2026-04-27T11:45:26Z"",""Latitude"":9.3226952,""Longitude"":123.299055,""Match_Confidence"":"""",""Match_Reason"":"""",""Name"":""McDonald's"",""Notes"":"""",""OSM_ID"":""1159288520"",""OSM_Type"":""way"",""Parent_Venue"":"""",""Restroom_Presence"":""Unknown"",""Restroom_Verification"":""candidate_unverified"",""Source"":""OSM"",""Source_ID"":""way/1159288520"",""Temporary_Record_ID"":""osm_way_1159288520"",""Venue_Category"":""food_major""}"
buttler_loc_bee9b86960f34ec70915,way/1159288526,OSM,way/1159288526,restroom_acquisition,Shell Shop,9.3189088,123.3002273,,unknown,unknown,Unknown,Unknown,candidate_unverified,"{""Access"":""unknown"",""Acquisition_Date"":""2026-09-01"",""Address"":"""",""Bidet_Presence"":""Unknown"",""Candidate_Priority"":""Medium"",""Candidate_Reason"":""Convenience store; restroom uncertain (shop=convenience)"",""Fee"":""unknown"",""Last_Source_Update"":""2025-02-25T01:03:44Z"",""Latitude"":9.3189088,""Longitude"":123.3002273,""Match_Confidence"":"""",""Match_Reason"":"""",""Name"":""Shell Shop"",""Notes"":"""",""OSM_ID"":""1159288526"",""OSM_Type"":""way"",""Parent_Venue"":"""",""Restroom_Presence"":""Unknown"",""Restroom_Verification"":""candidate_unverified"",""Source"":""OSM"",""Source_ID"":""way/1159288526"",""Temporary_Record_ID"":""osm_way_1159288526"",""Venue_Category"":""convenience""}"
buttler_loc_13711e1e1a42503fdd69,way/1159288527,OSM,way/1159288527,restroom_acquisition,Star Oil,9.3198244,123.3005481,,unknown,unknown,Unknown,Unknown,candidate_unverified,"{""Access"":""unknown"",""Acquisition_Date"":""2026-09-01"",""Address"":"""",""Bidet_Presence"":""Unknown"",""Candidate_Priority"":""High"",""Candidate_Reason"":""Fuel station (amenity=fuel)"",""Fee"":""unknown"",""Last_Source_Update"":""2025-02-18T01:21:11Z"",""Latitude"":9.3198244,""Longitude"":123.3005481,""Match_Confidence"":"""",""Match_Reason"":"""",""Name"":""Star Oil"",""Notes"":"""",""OSM_ID"":""1159288527"",""OSM_Type"":""way"",""Parent_Venue"":"""",""Restroom_Presence"":""Unknown"",""Restroom_Verification"":""candidate_unverified"",""Source"":""OSM"",""Source_ID"":""way/1159288527"",""Temporary_Record_ID"":""osm_way_1159288527"",""Venue_Category"":""fuel_station""}"
buttler_loc_bf98dffd700bf2ac55ba,way/1159288531,OSM,way/1159288531,restroom_acquisition,RM Petrol,9.3291403,123.2958759,,unknown,unknown,Unknown,Unknown,candidate_unverified,"{""Access"":""unknown"",""Acquisition_Date"":""2026-09-01"",""Address"":"""",""Bidet_Presence"":""Unknown"",""Candidate_Priority"":""High"",""Candidate_Reason"":""Fuel station (amenity=fuel)"",""Fee"":""unknown"",""Last_Source_Update"":""2024-11-21T11:56:36Z"",""Latitude"":9.3291403,""Longitude"":123.2958759,""Match_Confidence"":"""",""Match_Reason"":"""",""Name"":""RM Petrol"",""Notes"":"""",""OSM_ID"":""1159288531"",""OSM_Type"":""way"",""Parent_Venue"":"""",""Restroom_Presence"":""Unknown"",""Restroom_Verification"":""candidate_unverified"",""Source"":""OSM"",""Source_ID"":""way/1159288531"",""Temporary_Record_ID"":""osm_way_1159288531"",""Venue_Category"":""fuel_station""}"
buttler_loc_eb1c1603b6dd09cfe795,way/1204698451,OSM,way/1204698451,restroom_acquisition,Sierra Hotel,9.3216009,123.3082636,,unknown,unknown,Unknown,Unknown,candidate_unverified,"{""Access"":""unknown"",""Acquisition_Date"":""2026-09-01"",""Address"":"""",""Bidet_Presence"":""Unknown"",""Candidate_Priority"":""High"",""Candidate_Reason"":""Substantial accommodation (tourism=hotel)"",""Fee"":""unknown"",""Last_Source_Update"":""2025-02-25T03:36:17Z"",""Latitude"":9.3216009,""Longitude"":123.3082636,""Match_Confidence"":"""",""Match_Reason"":"""",""Name"":""Sierra Hotel"",""Notes"":"""",""OSM_ID"":""1204698451"",""OSM_Type"":""way"",""Parent_Venue"":"""",""Restroom_Presence"":""Unknown"",""Restroom_Verification"":""candidate_unverified"",""Source"":""OSM"",""Source_ID"":""way/1204698451"",""Temporary_Record_ID"":""osm_way_1204698451"",""Venue_Category"":""accommodation""}"
buttler_loc_dd531d07f5d787f2209e,way/1207750095,OSM,way/1207750095,restroom_acquisition,FilOil,9.3088016,123.3031471,,unknown,unknown,Unknown,Unknown,candidate_unverified,"{""Access"":""unknown"",""Acquisition_Date"":""2026-09-01"",""Address"":"""",""Bidet_Presence"":""Unknown"",""Candidate_Priority"":""High"",""Candidate_Reason"":""Fuel station (amenity=fuel)"",""Fee"":""unknown"",""Last_Source_Update"":""2025-03-13T05:53:51Z"",""Latitude"":9.3088016,""Longitude"":123.3031471,""Match_Confidence"":"""",""Match_Reason"":"""",""Name"":""FilOil"",""Notes"":"""",""OSM_ID"":""1207750095"",""OSM_Type"":""way"",""Parent_Venue"":"""",""Restroom_Presence"":""Unknown"",""Restroom_Verification"":""candidate_unverified"",""Source"":""OSM"",""Source_ID"":""way/1207750095"",""Temporary_Record_ID"":""osm_way_1207750095"",""Venue_Category"":""fuel_station""}"
buttler_loc_f42afdda84a84a33a50b,way/1210760397,OSM,way/1210760397,restroom_acquisition,Poblacion 1 Barangay Hall,9.3032153,123.3110974,"Rizal Boulevard, Dumaguete",unknown,unknown,Unknown,Unknown,candidate_unverified,"{""Access"":""unknown"",""Acquisition_Date"":""2026-09-01"",""Address"":""Rizal Boulevard, Dumaguete"",""Bidet_Presence"":""Unknown"",""Candidate_Priority"":""High"",""Candidate_Reason"":""Public/civic facility (amenity=townhall)"",""Fee"":""unknown"",""Last_Source_Update"":""2025-02-15T06:12:24Z"",""Latitude"":9.3032153,""Longitude"":123.3110974,""Match_Confidence"":"""",""Match_Reason"":"""",""Name"":""Poblacion 1 Barangay Hall"",""Notes"":"""",""OSM_ID"":""1210760397"",""OSM_Type"":""way"",""Parent_Venue"":"""",""Restroom_Presence"":""Unknown"",""Restroom_Verification"":""candidate_unverified"",""Source"":""OSM"",""Source_ID"":""way/1210760397"",""Temporary_Record_ID"":""osm_way_1210760397"",""Venue_Category"":""civic""}"
buttler_loc_1a3a3cbebfca6180ec2c,way/1210760398,OSM,way/1210760398,restroom_acquisition,Unnamed public toilet,9.3045794,123.310707,,unknown,no,Yes,Unknown,osm_explicit,"{""Access"":""unknown"",""Acquisition_Date"":""2026-09-01"",""Address"":"""",""Bidet_Presence"":""Unknown"",""Candidate_Priority"":"""",""Candidate_Reason"":""amenity=toilets"",""Fee"":""no"",""Last_Source_Update"":""2025-09-11T14:10:32Z"",""Latitude"":9.3045794,""Longitude"":123.310707,""Match_Confidence"":"""",""Match_Reason"":"""",""Name"":""Unnamed public toilet"",""Notes"":"""",""OSM_ID"":""1210760398"",""OSM_Type"":""way"",""Parent_Venue"":"""",""Restroom_Presence"":""Yes"",""Restroom_Verification"":""osm_explicit"",""Source"":""OSM"",""Source_ID"":""way/1210760398"",""Temporary_Record_ID"":""osm_way_1210760398"",""Venue_Category"":""standalone_toilet""}"
buttler_loc_4259ba30447e65e17fc7,way/1234242093,OSM,way/1234242093,restroom_acquisition,FilOil,9.3079506,123.2953221,,unknown,unknown,Unknown,Unknown,candidate_unverified,"{""Access"":""unknown"",""Acquisition_Date"":""2026-09-01"",""Address"":"""",""Bidet_Presence"":""Unknown"",""Candidate_Priority"":""High"",""Candidate_Reason"":""Fuel station (amenity=fuel)"",""Fee"":""unknown"",""Last_Source_Update"":""2023-12-26T07:27:34Z"",""Latitude"":9.3079506,""Longitude"":123.2953221,""Match_Confidence"":"""",""Match_Reason"":"""",""Name"":""FilOil"",""Notes"":"""",""OSM_ID"":""1234242093"",""OSM_Type"":""way"",""Parent_Venue"":"""",""Restroom_Presence"":""Unknown"",""Restroom_Verification"":""candidate_unverified"",""Source"":""OSM"",""Source_ID"":""way/1234242093"",""Temporary_Record_ID"":""osm_way_1234242093"",""Venue_Category"":""fuel_station""}"
buttler_loc_2fabf353b1d4e1de28c1,way/1234242095,OSM,way/1234242095,restroom_acquisition,Star Oil,9.3083285,123.2955626,,unknown,unknown,Unknown,Unknown,candidate_unverified,"{""Access"":""unknown"",""Acquisition_Date"":""2026-09-01"",""Address"":"""",""Bidet_Presence"":""Unknown"",""Candidate_Priority"":""High"",""Candidate_Reason"":""Fuel station (amenity=fuel)"",""Fee"":""unknown"",""Last_Source_Update"":""2023-12-26T07:27:34Z"",""Latitude"":9.3083285,""Longitude"":123.2955626,""Match_Confidence"":"""",""Match_Reason"":"""",""Name"":""Star Oil"",""Notes"":"""",""OSM_ID"":""1234242095"",""OSM_Type"":""way"",""Parent_Venue"":"""",""Restroom_Presence"":""Unknown"",""Restroom_Verification"":""candidate_unverified"",""Source"":""OSM"",""Source_ID"":""way/1234242095"",""Temporary_Record_ID"":""osm_way_1234242095"",""Venue_Category"":""fuel_station""}"
buttler_loc_1b152e6aa4c801264316,way/1234242099,OSM,way/1234242099,restroom_acquisition,Royale QXV,9.297817,123.2956919,,unknown,unknown,Unknown,Unknown,candidate_unverified,"{""Access"":""unknown"",""Acquisition_Date"":""2026-09-01"",""Address"":"""",""Bidet_Presence"":""Unknown"",""Candidate_Priority"":""High"",""Candidate_Reason"":""Substantial accommodation (tourism=hotel)"",""Fee"":""unknown"",""Last_Source_Update"":""2023-12-26T07:27:34Z"",""Latitude"":9.297817,""Longitude"":123.2956919,""Match_Confidence"":"""",""Match_Reason"":"""",""Name"":""Royale QXV"",""Notes"":"""",""OSM_ID"":""1234242099"",""OSM_Type"":""way"",""Parent_Venue"":"""",""Restroom_Presence"":""Unknown"",""Restroom_Verification"":""candidate_unverified"",""Source"":""OSM"",""Source_ID"":""way/1234242099"",""Temporary_Record_ID"":""osm_way_1234242099"",""Venue_Category"":""accommodation""}"
buttler_loc_b379b98abcad444a0d33,way/1234242103,OSM,way/1234242103,restroom_acquisition,Total,9.3005109,123.2966251,,unknown,unknown,Unknown,Unknown,candidate_unverified,"{""Access"":""unknown"",""Acquisition_Date"":""2026-09-01"",""Address"":"""",""Bidet_Presence"":""Unknown"",""Candidate_Priority"":""High"",""Candidate_Reason"":""Fuel station (amenity=fuel)"",""Fee"":""unknown"",""Last_Source_Update"":""2023-12-26T07:27:34Z"",""Latitude"":9.3005109,""Longitude"":123.2966251,""Match_Confidence"":"""",""Match_Reason"":"""",""Name"":""Total"",""Notes"":"""",""OSM_ID"":""1234242103"",""OSM_Type"":""way"",""Parent_Venue"":"""",""Restroom_Presence"":""Unknown"",""Restroom_Verification"":""candidate_unverified"",""Source"":""OSM"",""Source_ID"":""way/1234242103"",""Temporary_Record_ID"":""osm_way_1234242103"",""Venue_Category"":""fuel_station""}"
buttler_loc_e40a9822c8c378aabd2e,way/1242199173,OSM,way/1242199173,restroom_acquisition,Rago's Fastfood,9.3014964,123.2992425,,unknown,unknown,Unknown,Unknown,candidate_unverified,"{""Access"":""unknown"",""Acquisition_Date"":""2026-09-01"",""Address"":"""",""Bidet_Presence"":""Unknown"",""Candidate_Priority"":""High"",""Candidate_Reason"":""Restaurant or fast-food venue (amenity=restaurant)"",""Fee"":""unknown"",""Last_Source_Update"":""2024-01-23T12:29:47Z"",""Latitude"":9.3014964,""Longitude"":123.2992425,""Match_Confidence"":"""",""Match_Reason"":"""",""Name"":""Rago's Fastfood"",""Notes"":"""",""OSM_ID"":""1242199173"",""OSM_Type"":""way"",""Parent_Venue"":"""",""Restroom_Presence"":""Unknown"",""Restroom_Verification"":""candidate_unverified"",""Source"":""OSM"",""Source_ID"":""way/1242199173"",""Temporary_Record_ID"":""osm_way_1242199173"",""Venue_Category"":""food_major""}"
buttler_loc_7e30b0594fb4278daa2e,way/1242211781,OSM,way/1242211781,restroom_acquisition,Unnamed venue,9.3013725,123.2993573,,unknown,unknown,Unknown,Unknown,candidate_unverified,"{""Access"":""unknown"",""Acquisition_Date"":""2026-09-01"",""Address"":"""",""Bidet_Presence"":""Unknown"",""Candidate_Priority"":""Medium"",""Candidate_Reason"":""Food/drink venue; restroom uncertain (amenity=bar)"",""Fee"":""unknown"",""Last_Source_Update"":""2024-01-23T13:08:17Z"",""Latitude"":9.3013725,""Longitude"":123.2993573,""Match_Confidence"":"""",""Match_Reason"":"""",""Name"":""Unnamed venue"",""Notes"":"""",""OSM_ID"":""1242211781"",""OSM_Type"":""way"",""Parent_Venue"":"""",""Restroom_Presence"":""Unknown"",""Restroom_Verification"":""candidate_unverified"",""Source"":""OSM"",""Source_ID"":""way/1242211781"",""Temporary_Record_ID"":""osm_way_1242211781"",""Venue_Category"":""food_drink""}"
buttler_loc_88f1fb1cca1b7426f19b,way/1247979359,OSM,way/1247979359,restroom_acquisition,Vineyard,9.3184236,123.2976711,,unknown,unknown,Unknown,Unknown,candidate_unverified,"{""Access"":""unknown"",""Acquisition_Date"":""2026-09-01"",""Address"":"""",""Bidet_Presence"":""Unknown"",""Candidate_Priority"":""High"",""Candidate_Reason"":""Major entertainment venue (amenity=events_venue)"",""Fee"":""unknown"",""Last_Source_Update"":""2026-08-24T07:56:44Z"",""Latitude"":9.3184236,""Longitude"":123.2976711,""Match_Confidence"":"""",""Match_Reason"":"""",""Name"":""Vineyard"",""Notes"":"""",""OSM_ID"":""1247979359"",""OSM_Type"":""way"",""Parent_Venue"":"""",""Restroom_Presence"":""Unknown"",""Restroom_Verification"":""candidate_unverified"",""Source"":""OSM"",""Source_ID"":""way/1247979359"",""Temporary_Record_ID"":""osm_way_1247979359"",""Venue_Category"":""entertainment_major""}"
buttler_loc_a4dbed415dbfb3c731d1,way/1247979363,OSM,way/1247979363,restroom_acquisition,Bagacay Farmers' Market,9.3002751,123.2929604,,unknown,unknown,Unknown,Unknown,candidate_unverified,"{""Access"":""unknown"",""Acquisition_Date"":""2026-09-01"",""Address"":"""",""Bidet_Presence"":""Unknown"",""Candidate_Priority"":""High"",""Candidate_Reason"":""Public market (amenity=marketplace)"",""Fee"":""unknown"",""Last_Source_Update"":""2024-02-09T04:00:34Z"",""Latitude"":9.3002751,""Longitude"":123.2929604,""Match_Confidence"":"""",""Match_Reason"":"""",""Name"":""Bagacay Farmers' Market"",""Notes"":"""",""OSM_ID"":""1247979363"",""OSM_Type"":""way"",""Parent_Venue"":"""",""Restroom_Presence"":""Unknown"",""Restroom_Verification"":""candidate_unverified"",""Source"":""OSM"",""Source_ID"":""way/1247979363"",""Temporary_Record_ID"":""osm_way_1247979363"",""Venue_Category"":""public_market""}"
buttler_loc_f846ac81e52be7a7d6af,way/1310607644,OSM,way/1310607644,restroom_acquisition,Blue Horizon,9.3160152,123.3008406,"137 Aldecoa Drive, Daro, Dumaguete City",unknown,unknown,Unknown,Unknown,candidate_unverified,"{""Access"":""unknown"",""Acquisition_Date"":""2026-09-01"",""Address"":""137 Aldecoa Drive, Daro, Dumaguete City"",""Bidet_Presence"":""Unknown"",""Candidate_Priority"":""High"",""Candidate_Reason"":""Substantial accommodation (tourism=hotel)"",""Fee"":""unknown"",""Last_Source_Update"":""2025-03-05T06:43:59Z"",""Latitude"":9.3160152,""Longitude"":123.3008406,""Match_Confidence"":"""",""Match_Reason"":"""",""Name"":""Blue Horizon"",""Notes"":"""",""OSM_ID"":""1310607644"",""OSM_Type"":""way"",""Parent_Venue"":"""",""Restroom_Presence"":""Unknown"",""Restroom_Verification"":""candidate_unverified"",""Source"":""OSM"",""Source_ID"":""way/1310607644"",""Temporary_Record_ID"":""osm_way_1310607644"",""Venue_Category"":""accommodation""}"
buttler_loc_1afb062b1a42e0594e78,way/1340696463,OSM,way/1340696463,restroom_acquisition,Rovira Suites,9.3265652,123.3014278,"L. Rovira East Road, Bantayan, Dumaguete City",unknown,unknown,Unknown,Unknown,candidate_unverified,"{""Access"":""unknown"",""Acquisition_Date"":""2026-09-01"",""Address"":""L. Rovira East Road, Bantayan, Dumaguete City"",""Bidet_Presence"":""Unknown"",""Candidate_Priority"":""High"",""Candidate_Reason"":""Substantial accommodation (tourism=hotel)"",""Fee"":""unknown"",""Last_Source_Update"":""2024-12-07T07:00:10Z"",""Latitude"":9.3265652,""Longitude"":123.3014278,""Match_Confidence"":"""",""Match_Reason"":"""",""Name"":""Rovira Suites"",""Notes"":"""",""OSM_ID"":""1340696463"",""OSM_Type"":""way"",""Parent_Venue"":"""",""Restroom_Presence"":""Unknown"",""Restroom_Verification"":""candidate_unverified"",""Source"":""OSM"",""Source_ID"":""way/1340696463"",""Temporary_Record_ID"":""osm_way_1340696463"",""Venue_Category"":""accommodation""}"
buttler_loc_6b8721e7468ceb6c4aa7,way/1341960168,OSM,way/1341960168,restroom_acquisition,K-Town,9.3227166,123.3074349,,unknown,unknown,Unknown,Unknown,candidate_unverified,"{""Access"":""unknown"",""Acquisition_Date"":""2026-09-01"",""Address"":"""",""Bidet_Presence"":""Unknown"",""Candidate_Priority"":""High"",""Candidate_Reason"":""Restaurant or fast-food venue (amenity=restaurant)"",""Fee"":""unknown"",""Last_Source_Update"":""2024-12-11T23:21:36Z"",""Latitude"":9.3227166,""Longitude"":123.3074349,""Match_Confidence"":"""",""Match_Reason"":"""",""Name"":""K-Town"",""Notes"":"""",""OSM_ID"":""1341960168"",""OSM_Type"":""way"",""Parent_Venue"":"""",""Restroom_Presence"":""Unknown"",""Restroom_Verification"":""candidate_unverified"",""Source"":""OSM"",""Source_ID"":""way/1341960168"",""Temporary_Record_ID"":""osm_way_1341960168"",""Venue_Category"":""food_major""}"
buttler_loc_654bbc8842bf85d5dba7,way/1344461181,OSM,way/1344461181,restroom_acquisition,Unnamed venue,9.3203173,123.3106824,,unknown,unknown,Unknown,Unknown,candidate_unverified,"{""Access"":""unknown"",""Acquisition_Date"":""2026-09-01"",""Address"":"""",""Bidet_Presence"":""Unknown"",""Candidate_Priority"":""High"",""Candidate_Reason"":""Restaurant or fast-food venue (amenity=restaurant)"",""Fee"":""unknown"",""Last_Source_Update"":""2024-12-21T00:22:18Z"",""Latitude"":9.3203173,""Longitude"":123.3106824,""Match_Confidence"":"""",""Match_Reason"":"""",""Name"":""Unnamed venue"",""Notes"":"""",""OSM_ID"":""1344461181"",""OSM_Type"":""way"",""Parent_Venue"":"""",""Restroom_Presence"":""Unknown"",""Restroom_Verification"":""candidate_unverified"",""Source"":""OSM"",""Source_ID"":""way/1344461181"",""Temporary_Record_ID"":""osm_way_1344461181"",""Venue_Category"":""food_major""}"
buttler_loc_f335260ad0ee0e73b180,way/1344461182,OSM,way/1344461182,restroom_acquisition,La Mensa Bar,9.3202148,123.3101896,,unknown,unknown,Unknown,Unknown,candidate_unverified,"{""Access"":""unknown"",""Acquisition_Date"":""2026-09-01"",""Address"":"""",""Bidet_Presence"":""Unknown"",""Candidate_Priority"":""Medium"",""Candidate_Reason"":""Food/drink venue; restroom uncertain (amenity=bar)"",""Fee"":""unknown"",""Last_Source_Update"":""2026-03-19T04:28:28Z"",""Latitude"":9.3202148,""Longitude"":123.3101896,""Match_Confidence"":"""",""Match_Reason"":"""",""Name"":""La Mensa Bar"",""Notes"":"""",""OSM_ID"":""1344461182"",""OSM_Type"":""way"",""Parent_Venue"":"""",""Restroom_Presence"":""Unknown"",""Restroom_Verification"":""candidate_unverified"",""Source"":""OSM"",""Source_ID"":""way/1344461182"",""Temporary_Record_ID"":""osm_way_1344461182"",""Venue_Category"":""food_drink""}"
buttler_loc_3f5fcae5e37275877614,way/1346094453,OSM,way/1346094453,restroom_acquisition,Bahay Pamahalaan ng Barangay Piapi,9.3214906,123.3055787,"E. J. Blanco Drive, Dumaguete",unknown,unknown,Unknown,Unknown,candidate_unverified,"{""Access"":""unknown"",""Acquisition_Date"":""2026-09-01"",""Address"":""E. J. Blanco Drive, Dumaguete"",""Bidet_Presence"":""Unknown"",""Candidate_Priority"":""High"",""Candidate_Reason"":""Public/civic facility (amenity=townhall)"",""Fee"":""unknown"",""Last_Source_Update"":""2025-12-31T04:01:22Z"",""Latitude"":9.3214906,""Longitude"":123.3055787,""Match_Confidence"":"""",""Match_Reason"":"""",""Name"":""Bahay Pamahalaan ng Barangay Piapi"",""Notes"":"""",""OSM_ID"":""1346094453"",""OSM_Type"":""way"",""Parent_Venue"":"""",""Restroom_Presence"":""Unknown"",""Restroom_Verification"":""candidate_unverified"",""Source"":""OSM"",""Source_ID"":""way/1346094453"",""Temporary_Record_ID"":""osm_way_1346094453"",""Venue_Category"":""civic""}"
buttler_loc_3c71951d4c3d89fb2832,way/1350662144,OSM,way/1350662144,restroom_acquisition,Mr. Fuel,9.2932007,123.2761026,,unknown,unknown,Unknown,Unknown,candidate_unverified,"{""Access"":""unknown"",""Acquisition_Date"":""2026-09-01"",""Address"":"""",""Bidet_Presence"":""Unknown"",""Candidate_Priority"":""High"",""Candidate_Reason"":""Fuel station (amenity=fuel)"",""Fee"":""unknown"",""Last_Source_Update"":""2025-01-12T14:04:56Z"",""Latitude"":9.2932007,""Longitude"":123.2761026,""Match_Confidence"":"""",""Match_Reason"":"""",""Name"":""Mr. Fuel"",""Notes"":"""",""OSM_ID"":""1350662144"",""OSM_Type"":""way"",""Parent_Venue"":"""",""Restroom_Presence"":""Unknown"",""Restroom_Verification"":""candidate_unverified"",""Source"":""OSM"",""Source_ID"":""way/1350662144"",""Temporary_Record_ID"":""osm_way_1350662144"",""Venue_Category"":""fuel_station""}"
buttler_loc_654d6ed9f4819bd7e378,way/1350662146,OSM,way/1350662146,restroom_acquisition,5 Diamonds Pharmacy & Convenience Store,9.2932504,123.2762118,,unknown,unknown,Unknown,Unknown,candidate_unverified,"{""Access"":""unknown"",""Acquisition_Date"":""2026-09-01"",""Address"":"""",""Bidet_Presence"":""Unknown"",""Candidate_Priority"":""Medium"",""Candidate_Reason"":""Convenience store; restroom uncertain (shop=convenience)"",""Fee"":""unknown"",""Last_Source_Update"":""2025-01-12T14:04:56Z"",""Latitude"":9.2932504,""Longitude"":123.2762118,""Match_Confidence"":"""",""Match_Reason"":"""",""Name"":""5 Diamonds Pharmacy & Convenience Store"",""Notes"":"""",""OSM_ID"":""1350662146"",""OSM_Type"":""way"",""Parent_Venue"":"""",""Restroom_Presence"":""Unknown"",""Restroom_Verification"":""candidate_unverified"",""Source"":""OSM"",""Source_ID"":""way/1350662146"",""Temporary_Record_ID"":""osm_way_1350662146"",""Venue_Category"":""convenience""}"
buttler_loc_54c7013c5a424c9ffb31,way/1362482566,OSM,way/1362482566,restroom_acquisition,Calabeera,9.3196999,123.2944949,"E. J. Blanco Extension, Dumaguete",unknown,unknown,Unknown,Unknown,candidate_unverified,"{""Access"":""unknown"",""Acquisition_Date"":""2026-09-01"",""Address"":""E. J. Blanco Extension, Dumaguete"",""Bidet_Presence"":""Unknown"",""Candidate_Priority"":""Medium"",""Candidate_Reason"":""Food/drink venue; restroom uncertain (amenity=bar)"",""Fee"":""unknown"",""Last_Source_Update"":""2025-02-26T08:58:11Z"",""Latitude"":9.3196999,""Longitude"":123.2944949,""Match_Confidence"":"""",""Match_Reason"":"""",""Name"":""Calabeera"",""Notes"":"""",""OSM_ID"":""1362482566"",""OSM_Type"":""way"",""Parent_Venue"":"""",""Restroom_Presence"":""Unknown"",""Restroom_Verification"":""candidate_unverified"",""Source"":""OSM"",""Source_ID"":""way/1362482566"",""Temporary_Record_ID"":""osm_way_1362482566"",""Venue_Category"":""food_drink""}"
buttler_loc_85ea760fcd20bf4a7b9f,way/1362482568,OSM,way/1362482568,restroom_acquisition,Aberrise Pension Hotel,9.3198235,123.2943302,"Saint Raymund Street, Dumaguete",unknown,unknown,Unknown,Unknown,candidate_unverified,"{""Access"":""unknown"",""Acquisition_Date"":""2026-09-01"",""Address"":""Saint Raymund Street, Dumaguete"",""Bidet_Presence"":""Unknown"",""Candidate_Priority"":""High"",""Candidate_Reason"":""Substantial accommodation (tourism=hotel)"",""Fee"":""unknown"",""Last_Source_Update"":""2025-04-04T07:48:10Z"",""Latitude"":9.3198235,""Longitude"":123.2943302,""Match_Confidence"":"""",""Match_Reason"":"""",""Name"":""Aberrise Pension Hotel"",""Notes"":"""",""OSM_ID"":""1362482568"",""OSM_Type"":""way"",""Parent_Venue"":"""",""Restroom_Presence"":""Unknown"",""Restroom_Verification"":""candidate_unverified"",""Source"":""OSM"",""Source_ID"":""way/1362482568"",""Temporary_Record_ID"":""osm_way_1362482568"",""Venue_Category"":""accommodation""}"
buttler_loc_9fbf4b25458fff71a116,way/1363976522,OSM,way/1363976522,restroom_acquisition,Ducky's Garden Inn,9.3219623,123.2937824,"Saint Raymund Street, Dumaguete",unknown,unknown,Unknown,Unknown,candidate_unverified,"{""Access"":""unknown"",""Acquisition_Date"":""2026-09-01"",""Address"":""Saint Raymund Street, Dumaguete"",""Bidet_Presence"":""Unknown"",""Candidate_Priority"":""High"",""Candidate_Reason"":""Substantial accommodation (tourism=hotel)"",""Fee"":""unknown"",""Last_Source_Update"":""2025-03-02T16:15:21Z"",""Latitude"":9.3219623,""Longitude"":123.2937824,""Match_Confidence"":"""",""Match_Reason"":"""",""Name"":""Ducky's Garden Inn"",""Notes"":"""",""OSM_ID"":""1363976522"",""OSM_Type"":""way"",""Parent_Venue"":"""",""Restroom_Presence"":""Unknown"",""Restroom_Verification"":""candidate_unverified"",""Source"":""OSM"",""Source_ID"":""way/1363976522"",""Temporary_Record_ID"":""osm_way_1363976522"",""Venue_Category"":""accommodation""}"
buttler_loc_90b75a04215bf59e617a,way/1368910219,OSM,way/1368910219,restroom_acquisition,"But First, Coffee",9.3068238,123.3086045,,unknown,unknown,Unknown,Unknown,candidate_unverified,"{""Access"":""unknown"",""Acquisition_Date"":""2026-09-01"",""Address"":"""",""Bidet_Presence"":""Unknown"",""Candidate_Priority"":""Medium"",""Candidate_Reason"":""Food/drink venue; restroom uncertain (amenity=cafe)"",""Fee"":""unknown"",""Last_Source_Update"":""2026-03-19T04:28:28Z"",""Latitude"":9.3068238,""Longitude"":123.3086045,""Match_Confidence"":"""",""Match_Reason"":"""",""Name"":""But First, Coffee"",""Notes"":"""",""OSM_ID"":""1368910219"",""OSM_Type"":""way"",""Parent_Venue"":"""",""Restroom_Presence"":""Unknown"",""Restroom_Verification"":""candidate_unverified"",""Source"":""OSM"",""Source_ID"":""way/1368910219"",""Temporary_Record_ID"":""osm_way_1368910219"",""Venue_Category"":""food_drink""}"
buttler_loc_5102ba835273a84e2245,way/1374089473,OSM,way/1374089473,restroom_acquisition,Dumaguete City Health Office Ⅱ,9.2913231,123.2629405,,unknown,unknown,Unknown,Unknown,candidate_unverified,"{""Access"":""unknown"",""Acquisition_Date"":""2026-09-01"",""Address"":"""",""Bidet_Presence"":""Unknown"",""Candidate_Priority"":""Medium"",""Candidate_Reason"":""Clinic; customer restroom plausible (amenity=clinic)"",""Fee"":""unknown"",""Last_Source_Update"":""2025-04-02T09:47:35Z"",""Latitude"":9.2913231,""Longitude"":123.2629405,""Match_Confidence"":"""",""Match_Reason"":"""",""Name"":""Dumaguete City Health Office Ⅱ"",""Notes"":"""",""OSM_ID"":""1374089473"",""OSM_Type"":""way"",""Parent_Venue"":""Bliss"",""Restroom_Presence"":""Unknown"",""Restroom_Verification"":""candidate_unverified"",""Source"":""OSM"",""Source_ID"":""way/1374089473"",""Temporary_Record_ID"":""osm_way_1374089473"",""Venue_Category"":""clinic""}"
buttler_loc_b39f9b16c38541e14995,way/1375152186,OSM,way/1375152186,restroom_acquisition,City Burger,9.3080101,123.3053719,Mayor Ramon T. Pastor Sr. Street,unknown,unknown,Unknown,Unknown,candidate_unverified,"{""Access"":""unknown"",""Acquisition_Date"":""2026-09-01"",""Address"":""Mayor Ramon T. Pastor Sr. Street"",""Bidet_Presence"":""Unknown"",""Candidate_Priority"":""High"",""Candidate_Reason"":""Restaurant or fast-food venue (amenity=restaurant)"",""Fee"":""unknown"",""Last_Source_Update"":""2025-04-06T03:40:19Z"",""Latitude"":9.3080101,""Longitude"":123.3053719,""Match_Confidence"":"""",""Match_Reason"":"""",""Name"":""City Burger"",""Notes"":"""",""OSM_ID"":""1375152186"",""OSM_Type"":""way"",""Parent_Venue"":"""",""Restroom_Presence"":""Unknown"",""Restroom_Verification"":""candidate_unverified"",""Source"":""OSM"",""Source_ID"":""way/1375152186"",""Temporary_Record_ID"":""osm_way_1375152186"",""Venue_Category"":""food_major""}"
buttler_loc_45849ef4bed2ff991840,way/1419931217,OSM,way/1419931217,restroom_acquisition,Tago Restobar and Cafe,9.3266705,123.3058016,"Hibbard Avenue, Dumaguete City",unknown,unknown,Unknown,Unknown,candidate_unverified,"{""Access"":""unknown"",""Acquisition_Date"":""2026-09-01"",""Address"":""Hibbard Avenue, Dumaguete City"",""Bidet_Presence"":""Unknown"",""Candidate_Priority"":""High"",""Candidate_Reason"":""Restaurant or fast-food venue (amenity=restaurant)"",""Fee"":""unknown"",""Last_Source_Update"":""2025-08-04T10:02:50Z"",""Latitude"":9.3266705,""Longitude"":123.3058016,""Match_Confidence"":"""",""Match_Reason"":"""",""Name"":""Tago Restobar and Cafe"",""Notes"":"""",""OSM_ID"":""1419931217"",""OSM_Type"":""way"",""Parent_Venue"":"""",""Restroom_Presence"":""Unknown"",""Restroom_Verification"":""candidate_unverified"",""Source"":""OSM"",""Source_ID"":""way/1419931217"",""Temporary_Record_ID"":""osm_way_1419931217"",""Venue_Category"":""food_major""}"
buttler_loc_56f24fd89a09ed96eb72,way/1463028111,OSM,way/1463028111,restroom_acquisition,7-Eleven,9.311781,123.3047153,,unknown,unknown,Unknown,Unknown,candidate_unverified,"{""Access"":""unknown"",""Acquisition_Date"":""2026-09-01"",""Address"":"""",""Bidet_Presence"":""Unknown"",""Candidate_Priority"":""Medium"",""Candidate_Reason"":""Convenience store; restroom uncertain (shop=convenience)"",""Fee"":""unknown"",""Last_Source_Update"":""2026-02-11T15:48:22Z"",""Latitude"":9.311781,""Longitude"":123.3047153,""Match_Confidence"":"""",""Match_Reason"":"""",""Name"":""7-Eleven"",""Notes"":"""",""OSM_ID"":""1463028111"",""OSM_Type"":""way"",""Parent_Venue"":"""",""Restroom_Presence"":""Unknown"",""Restroom_Verification"":""candidate_unverified"",""Source"":""OSM"",""Source_ID"":""way/1463028111"",""Temporary_Record_ID"":""osm_way_1463028111"",""Venue_Category"":""convenience""}"
buttler_loc_bdd7cf87798c82dad28a,way/1463028112,OSM,way/1463028112,restroom_acquisition,Chowking,9.3124005,123.304404,,unknown,unknown,Unknown,Unknown,candidate_unverified,"{""Access"":""unknown"",""Acquisition_Date"":""2026-09-01"",""Address"":"""",""Bidet_Presence"":""Unknown"",""Candidate_Priority"":""High"",""Candidate_Reason"":""Restaurant or fast-food venue (amenity=fast_food)"",""Fee"":""unknown"",""Last_Source_Update"":""2025-12-31T04:01:22Z"",""Latitude"":9.3124005,""Longitude"":123.304404,""Match_Confidence"":"""",""Match_Reason"":"""",""Name"":""Chowking"",""Notes"":"""",""OSM_ID"":""1463028112"",""OSM_Type"":""way"",""Parent_Venue"":"""",""Restroom_Presence"":""Unknown"",""Restroom_Verification"":""candidate_unverified"",""Source"":""OSM"",""Source_ID"":""way/1463028112"",""Temporary_Record_ID"":""osm_way_1463028112"",""Venue_Category"":""food_major""}"
buttler_loc_781f019679330cf2fc14,way/1463028113,OSM,way/1463028113,restroom_acquisition,Jollibee,9.3213329,123.299659,"Veterans Avenue, Dumaguete",unknown,unknown,Unknown,Unknown,candidate_unverified,"{""Access"":""unknown"",""Acquisition_Date"":""2026-09-01"",""Address"":""Veterans Avenue, Dumaguete"",""Bidet_Presence"":""Unknown"",""Candidate_Priority"":""High"",""Candidate_Reason"":""Restaurant or fast-food venue (amenity=fast_food)"",""Fee"":""unknown"",""Last_Source_Update"":""2025-12-31T04:01:22Z"",""Latitude"":9.3213329,""Longitude"":123.299659,""Match_Confidence"":"""",""Match_Reason"":"""",""Name"":""Jollibee"",""Notes"":"""",""OSM_ID"":""1463028113"",""OSM_Type"":""way"",""Parent_Venue"":"""",""Restroom_Presence"":""Unknown"",""Restroom_Verification"":""candidate_unverified"",""Source"":""OSM"",""Source_ID"":""way/1463028113"",""Temporary_Record_ID"":""osm_way_1463028113"",""Venue_Category"":""food_major""}"
buttler_loc_8e01a61618f31048b088,way/1473261919,OSM,way/1473261919,restroom_acquisition,Habitat Bajumpandan Community Center,9.2750904,123.2812714,,unknown,unknown,Unknown,Unknown,candidate_unverified,"{""Access"":""unknown"",""Acquisition_Date"":""2026-09-01"",""Address"":"""",""Bidet_Presence"":""Unknown"",""Candidate_Priority"":""High"",""Candidate_Reason"":""Public/civic facility (amenity=community_centre)"",""Fee"":""unknown"",""Last_Source_Update"":""2026-02-01T02:41:50Z"",""Latitude"":9.2750904,""Longitude"":123.2812714,""Match_Confidence"":"""",""Match_Reason"":"""",""Name"":""Habitat Bajumpandan Community Center"",""Notes"":"""",""OSM_ID"":""1473261919"",""OSM_Type"":""way"",""Parent_Venue"":"""",""Restroom_Presence"":""Unknown"",""Restroom_Verification"":""candidate_unverified"",""Source"":""OSM"",""Source_ID"":""way/1473261919"",""Temporary_Record_ID"":""osm_way_1473261919"",""Venue_Category"":""civic""}"
buttler_loc_d6dc717f91420460f307,relation/3854596,OSM,relation/3854596,restroom_acquisition,Negros Oriental Provincial Hospital,9.32244,123.3003018,,unknown,unknown,Unknown,Unknown,candidate_unverified,"{""Access"":""unknown"",""Acquisition_Date"":""2026-09-01"",""Address"":"""",""Bidet_Presence"":""Unknown"",""Candidate_Priority"":""High"",""Candidate_Reason"":""Hospital facility (amenity=hospital)"",""Fee"":""unknown"",""Last_Source_Update"":""2014-07-01T02:28:57Z"",""Latitude"":9.32244,""Longitude"":123.3003018,""Match_Confidence"":""high"",""Match_Reason"":""Near-identical normalized name (100.0%) and 0.0m separation; merged relation/10353141"",""Name"":""Negros Oriental Provincial Hospital"",""Notes"":"""",""OSM_ID"":""3854596"",""OSM_Type"":""relation"",""Parent_Venue"":"""",""Restroom_Presence"":""Unknown"",""Restroom_Verification"":""candidate_unverified"",""Source"":""OSM"",""Source_ID"":""relation/3854596"",""Temporary_Record_ID"":""osm_relation_3854596"",""Venue_Category"":""hospital""}"
buttler_loc_c53a3863362bd6a93017,relation/12451074,OSM,relation/12451074,restroom_acquisition,Unnamed venue,9.3111178,123.3083616,,unknown,unknown,Unknown,Unknown,candidate_unverified,"{""Access"":""unknown"",""Acquisition_Date"":""2026-09-01"",""Address"":"""",""Bidet_Presence"":""Unknown"",""Candidate_Priority"":""High"",""Candidate_Reason"":""University or college (amenity=university)"",""Fee"":""unknown"",""Last_Source_Update"":""2022-12-20T17:04:30Z"",""Latitude"":9.3111178,""Longitude"":123.3083616,""Match_Confidence"":"""",""Match_Reason"":"""",""Name"":""Unnamed venue"",""Notes"":"""",""OSM_ID"":""12451074"",""OSM_Type"":""relation"",""Parent_Venue"":"""",""Restroom_Presence"":""Unknown"",""Restroom_Verification"":""candidate_unverified"",""Source"":""OSM"",""Source_ID"":""relation/12451074"",""Temporary_Record_ID"":""osm_relation_12451074"",""Venue_Category"":""higher_education""}"
buttler_loc_8e508d99957bafa117e2,relation/13548131,OSM,relation/13548131,restroom_acquisition,Silliman University,9.3128717,123.3056814,,unknown,unknown,Unknown,Unknown,candidate_unverified,"{""Access"":""unknown"",""Acquisition_Date"":""2026-09-01"",""Address"":"""",""Bidet_Presence"":""Unknown"",""Candidate_Priority"":""High"",""Candidate_Reason"":""University or college (amenity=university)"",""Fee"":""unknown"",""Last_Source_Update"":""2025-12-31T04:01:22Z"",""Latitude"":9.3128717,""Longitude"":123.3056814,""Match_Confidence"":"""",""Match_Reason"":"""",""Name"":""Silliman University"",""Notes"":"""",""OSM_ID"":""13548131"",""OSM_Type"":""relation"",""Parent_Venue"":"""",""Restroom_Presence"":""Unknown"",""Restroom_Verification"":""candidate_unverified"",""Source"":""OSM"",""Source_ID"":""relation/13548131"",""Temporary_Record_ID"":""osm_relation_13548131"",""Venue_Category"":""higher_education""}"
buttler_loc_27e4a28e02e9fc3458ac,relation/15027272,OSM,relation/15027272,restroom_acquisition,Silliman University,9.3136403,123.3062618,"1 Hibbard Avenue, Dumaguete",unknown,unknown,Unknown,Unknown,candidate_unverified,"{""Access"":""unknown"",""Acquisition_Date"":""2026-09-01"",""Address"":""1 Hibbard Avenue, Dumaguete"",""Bidet_Presence"":""Unknown"",""Candidate_Priority"":""High"",""Candidate_Reason"":""University or college (amenity=university)"",""Fee"":""unknown"",""Last_Source_Update"":""2025-12-31T04:01:22Z"",""Latitude"":9.3136403,""Longitude"":123.3062618,""Match_Confidence"":"""",""Match_Reason"":"""",""Name"":""Silliman University"",""Notes"":"""",""OSM_ID"":""15027272"",""OSM_Type"":""relation"",""Parent_Venue"":"""",""Restroom_Presence"":""Unknown"",""Restroom_Verification"":""candidate_unverified"",""Source"":""OSM"",""Source_ID"":""relation/15027272"",""Temporary_Record_ID"":""osm_relation_15027272"",""Venue_Category"":""higher_education""}"
buttler_loc_8a4737e476016cbc2087,relation/15027289,OSM,relation/15027289,restroom_acquisition,Foundation University,9.3065402,123.2998049,Dumaguete,unknown,unknown,Unknown,Unknown,candidate_unverified,"{""Access"":""unknown"",""Acquisition_Date"":""2026-09-01"",""Address"":""Dumaguete"",""Bidet_Presence"":""Unknown"",""Candidate_Priority"":""High"",""Candidate_Reason"":""University or college (amenity=university)"",""Fee"":""unknown"",""Last_Source_Update"":""2025-12-30T15:10:37Z"",""Latitude"":9.3065402,""Longitude"":123.2998049,""Match_Confidence"":"""",""Match_Reason"":"""",""Name"":""Foundation University"",""Notes"":"""",""OSM_ID"":""15027289"",""OSM_Type"":""relation"",""Parent_Venue"":"""",""Restroom_Presence"":""Unknown"",""Restroom_Verification"":""candidate_unverified"",""Source"":""OSM"",""Source_ID"":""relation/15027289"",""Temporary_Record_ID"":""osm_relation_15027289"",""Venue_Category"":""higher_education""}"
buttler_loc_5148e42dd20c68aec756,relation/16160280,OSM,relation/16160280,restroom_acquisition,Hotel Florentina,9.3267905,123.3042524,"E. Rovira, Dumaguete",unknown,unknown,Unknown,Unknown,candidate_unverified,"{""Access"":""unknown"",""Acquisition_Date"":""2026-09-01"",""Address"":""E. Rovira, Dumaguete"",""Bidet_Presence"":""Unknown"",""Candidate_Priority"":""High"",""Candidate_Reason"":""Substantial accommodation (tourism=hotel)"",""Fee"":""unknown"",""Last_Source_Update"":""2023-08-04T18:22:49Z"",""Latitude"":9.3267905,""Longitude"":123.3042524,""Match_Confidence"":"""",""Match_Reason"":"""",""Name"":""Hotel Florentina"",""Notes"":"""",""OSM_ID"":""16160280"",""OSM_Type"":""relation"",""Parent_Venue"":"""",""Restroom_Presence"":""Unknown"",""Restroom_Verification"":""candidate_unverified"",""Source"":""OSM"",""Source_ID"":""relation/16160280"",""Temporary_Record_ID"":""osm_relation_16160280"",""Venue_Category"":""accommodation""}"
buttler_loc_5ebd663963c8463e4418,relation/18336150,OSM,relation/18336150,restroom_acquisition,Filinvest Mall Dumaguete,9.3226511,123.3119204,"Flores Avenue Extension, Dumaguete",unknown,unknown,Unknown,Unknown,candidate_unverified,"{""Access"":""unknown"",""Acquisition_Date"":""2026-09-01"",""Address"":""Flores Avenue Extension, Dumaguete"",""Bidet_Presence"":""Unknown"",""Candidate_Priority"":""High"",""Candidate_Reason"":""High-traffic major retail venue (shop=mall)"",""Fee"":""unknown"",""Last_Source_Update"":""2024-11-26T21:45:56Z"",""Latitude"":9.3226511,""Longitude"":123.3119204,""Match_Confidence"":"""",""Match_Reason"":"""",""Name"":""Filinvest Mall Dumaguete"",""Notes"":"""",""OSM_ID"":""18336150"",""OSM_Type"":""relation"",""Parent_Venue"":"""",""Restroom_Presence"":""Unknown"",""Restroom_Verification"":""candidate_unverified"",""Source"":""OSM"",""Source_ID"":""relation/18336150"",""Temporary_Record_ID"":""osm_relation_18336150"",""Venue_Category"":""retail_major""}"
buttler_loc_48b6962f996a9aea4edb,relation/18722816,OSM,relation/18722816,restroom_acquisition,Governor Mariano F. Perdices Memorial Coliseum,9.3134283,123.3001794,,unknown,unknown,Unknown,Unknown,candidate_unverified,"{""Access"":""unknown"",""Acquisition_Date"":""2026-09-01"",""Address"":"""",""Bidet_Presence"":""Unknown"",""Candidate_Priority"":""High"",""Candidate_Reason"":""Major recreation venue (leisure=sports_centre)"",""Fee"":""unknown"",""Last_Source_Update"":""2025-04-04T08:12:43Z"",""Latitude"":9.3134283,""Longitude"":123.3001794,""Match_Confidence"":"""",""Match_Reason"":"""",""Name"":""Governor Mariano F. Perdices Memorial Coliseum"",""Notes"":"""",""OSM_ID"":""18722816"",""OSM_Type"":""relation"",""Parent_Venue"":"""",""Restroom_Presence"":""Unknown"",""Restroom_Verification"":""candidate_unverified"",""Source"":""OSM"",""Source_ID"":""relation/18722816"",""Temporary_Record_ID"":""osm_relation_18722816"",""Venue_Category"":""recreation_major""}"
buttler_loc_324ba9cd5fd66cf2840b,relation/18728821,OSM,relation/18728821,restroom_acquisition,McDonald's,9.2998477,123.3065346,Governor M. F. Perdices Street,unknown,unknown,Unknown,Unknown,candidate_unverified,"{""Access"":""unknown"",""Acquisition_Date"":""2026-09-01"",""Address"":""Governor M. F. Perdices Street"",""Bidet_Presence"":""Unknown"",""Candidate_Priority"":""High"",""Candidate_Reason"":""Restaurant or fast-food venue (amenity=fast_food)"",""Fee"":""unknown"",""Last_Source_Update"":""2026-04-27T11:45:31Z"",""Latitude"":9.2998477,""Longitude"":123.3065346,""Match_Confidence"":"""",""Match_Reason"":"""",""Name"":""McDonald's"",""Notes"":"""",""OSM_ID"":""18728821"",""OSM_Type"":""relation"",""Parent_Venue"":"""",""Restroom_Presence"":""Unknown"",""Restroom_Verification"":""candidate_unverified"",""Source"":""OSM"",""Source_ID"":""relation/18728821"",""Temporary_Record_ID"":""osm_relation_18728821"",""Venue_Category"":""food_major""}"
buttler_loc_58e26e83390449bfaa30,relation/18783538,OSM,relation/18783538,restroom_acquisition,Shell,9.3189979,123.3004707,Veterans Avenue,unknown,unknown,Unknown,Unknown,candidate_unverified,"{""Access"":""unknown"",""Acquisition_Date"":""2026-09-01"",""Address"":""Veterans Avenue"",""Bidet_Presence"":""Unknown"",""Candidate_Priority"":""High"",""Candidate_Reason"":""Fuel station (amenity=fuel)"",""Fee"":""unknown"",""Last_Source_Update"":""2025-04-04T07:55:06Z"",""Latitude"":9.3189979,""Longitude"":123.3004707,""Match_Confidence"":"""",""Match_Reason"":"""",""Name"":""Shell"",""Notes"":"""",""OSM_ID"":""18783538"",""OSM_Type"":""relation"",""Parent_Venue"":"""",""Restroom_Presence"":""Unknown"",""Restroom_Verification"":""candidate_unverified"",""Source"":""OSM"",""Source_ID"":""relation/18783538"",""Temporary_Record_ID"":""osm_relation_18783538"",""Venue_Category"":""fuel_station""}"
buttler_loc_acaf1e9be914c1719ff8,relation/18858861,OSM,relation/18858861,restroom_acquisition,Lighthouse Point Hotel,9.3261041,123.3066414,,unknown,unknown,Unknown,Unknown,candidate_unverified,"{""Access"":""unknown"",""Acquisition_Date"":""2026-09-01"",""Address"":"""",""Bidet_Presence"":""Unknown"",""Candidate_Priority"":""High"",""Candidate_Reason"":""Substantial accommodation (tourism=hotel)"",""Fee"":""unknown"",""Last_Source_Update"":""2026-03-19T04:28:28Z"",""Latitude"":9.3261041,""Longitude"":123.3066414,""Match_Confidence"":"""",""Match_Reason"":"""",""Name"":""Lighthouse Point Hotel"",""Notes"":"""",""OSM_ID"":""18858861"",""OSM_Type"":""relation"",""Parent_Venue"":"""",""Restroom_Presence"":""Unknown"",""Restroom_Verification"":""candidate_unverified"",""Source"":""OSM"",""Source_ID"":""relation/18858861"",""Temporary_Record_ID"":""osm_relation_18858861"",""Venue_Category"":""accommodation""}"
buttler_loc_8604ad39c3b321ba2330,relation/20113250,OSM,relation/20113250,restroom_acquisition,Unnamed venue,9.3181091,123.3041685,,unknown,unknown,Unknown,Unknown,candidate_unverified,"{""Access"":""unknown"",""Acquisition_Date"":""2026-09-01"",""Address"":"""",""Bidet_Presence"":""Unknown"",""Candidate_Priority"":""High"",""Candidate_Reason"":""Major recreation venue (leisure=sports_centre)"",""Fee"":""unknown"",""Last_Source_Update"":""2026-01-20T01:12:27Z"",""Latitude"":9.3181091,""Longitude"":123.3041685,""Match_Confidence"":"""",""Match_Reason"":"""",""Name"":""Unnamed venue"",""Notes"":"""",""OSM_ID"":""20113250"",""OSM_Type"":""relation"",""Parent_Venue"":"""",""Restroom_Presence"":""Unknown"",""Restroom_Verification"":""candidate_unverified"",""Source"":""OSM"",""Source_ID"":""relation/20113250"",""Temporary_Record_ID"":""osm_relation_20113250"",""Venue_Category"":""recreation_major""}"
buttler_loc_65c3a3714430de02d42f,node/12401543870,OSM,node/12401543870,restroom_acquisition,Dumaguete Royal Suite Inn,9.3262554,123.3003343,"L. Rovira East Road, Bantayan, Dumaguete City",unknown,unknown,Unknown,Unknown,candidate_unverified,"{""Access"":""unknown"",""Acquisition_Date"":""2026-09-01"",""Address"":""L. Rovira East Road, Bantayan, Dumaguete City"",""Bidet_Presence"":""Unknown"",""Candidate_Priority"":""High"",""Candidate_Reason"":""Substantial accommodation (tourism=hotel)"",""Fee"":""unknown"",""Last_Source_Update"":""2024-12-07T07:00:10Z"",""Latitude"":9.3262554,""Longitude"":123.3003343,""Match_Confidence"":""high_manual_review"",""Match_Reason"":""Restaurant POI is inside the Dumaguete Royal Suite Inn hotel polygon; names, full address, and venue identity align."",""Name"":""Dumaguete Royal Suite Inn"",""Notes"":""Merged provenance: node/12401543870, way/1340696458"",""OSM_ID"":""12401543870;1340696458"",""OSM_Type"":""node;way"",""Parent_Venue"":"""",""Restroom_Presence"":""Unknown"",""Restroom_Verification"":""candidate_unverified"",""Source"":""OSM"",""Source_ID"":""node/12401543870;way/1340696458"",""Temporary_Record_ID"":""osm_way_1340696458"",""Venue_Category"":""accommodation""}"
buttler_loc_65c3a3714430de02d42f,way/1340696458,OSM,way/1340696458,restroom_acquisition,Dumaguete Royal Suite Inn,9.3262554,123.3003343,"L. Rovira East Road, Bantayan, Dumaguete City",unknown,unknown,Unknown,Unknown,candidate_unverified,"{""Access"":""unknown"",""Acquisition_Date"":""2026-09-01"",""Address"":""L. Rovira East Road, Bantayan, Dumaguete City"",""Bidet_Presence"":""Unknown"",""Candidate_Priority"":""High"",""Candidate_Reason"":""Substantial accommodation (tourism=hotel)"",""Fee"":""unknown"",""Last_Source_Update"":""2024-12-07T07:00:10Z"",""Latitude"":9.3262554,""Longitude"":123.3003343,""Match_Confidence"":""high_manual_review"",""Match_Reason"":""Restaurant POI is inside the Dumaguete Royal Suite Inn hotel polygon; names, full address, and venue identity align."",""Name"":""Dumaguete Royal Suite Inn"",""Notes"":""Merged provenance: node/12401543870, way/1340696458"",""OSM_ID"":""12401543870;1340696458"",""OSM_Type"":""node;way"",""Parent_Venue"":"""",""Restroom_Presence"":""Unknown"",""Restroom_Verification"":""candidate_unverified"",""Source"":""OSM"",""Source_ID"":""node/12401543870;way/1340696458"",""Temporary_Record_ID"":""osm_way_1340696458"",""Venue_Category"":""accommodation""}"
buttler_loc_5ae29e074ee10892a767,node/12624734542,OSM,node/12624734542,restroom_acquisition,Unnamed venue,9.3206258,123.2961949,Dumaguete,unknown,unknown,Unknown,Unknown,candidate_unverified,"{""Access"":""unknown"",""Acquisition_Date"":""2026-09-01"",""Address"":""Dumaguete"",""Bidet_Presence"":""Unknown"",""Candidate_Priority"":""Medium"",""Candidate_Reason"":""Convenience store; restroom uncertain (shop=convenience)"",""Fee"":""unknown"",""Last_Source_Update"":""2025-03-02T16:12:21Z"",""Latitude"":9.3206258,""Longitude"":123.2961949,""Match_Confidence"":""high_manual_review"",""Match_Reason"":""Convenience-store POI lies inside its building polygon; tags and survey metadata match exactly."",""Name"":""Unnamed venue"",""Notes"":""Merged provenance: node/12624734542, way/1363952908"",""OSM_ID"":""12624734542;1363952908"",""OSM_Type"":""node;way"",""Parent_Venue"":"""",""Restroom_Presence"":""Unknown"",""Restroom_Verification"":""candidate_unverified"",""Source"":""OSM"",""Source_ID"":""node/12624734542;way/1363952908"",""Temporary_Record_ID"":""osm_way_1363952908"",""Venue_Category"":""convenience""}"
buttler_loc_5ae29e074ee10892a767,way/1363952908,OSM,way/1363952908,restroom_acquisition,Unnamed venue,9.3206258,123.2961949,Dumaguete,unknown,unknown,Unknown,Unknown,candidate_unverified,"{""Access"":""unknown"",""Acquisition_Date"":""2026-09-01"",""Address"":""Dumaguete"",""Bidet_Presence"":""Unknown"",""Candidate_Priority"":""Medium"",""Candidate_Reason"":""Convenience store; restroom uncertain (shop=convenience)"",""Fee"":""unknown"",""Last_Source_Update"":""2025-03-02T16:12:21Z"",""Latitude"":9.3206258,""Longitude"":123.2961949,""Match_Confidence"":""high_manual_review"",""Match_Reason"":""Convenience-store POI lies inside its building polygon; tags and survey metadata match exactly."",""Name"":""Unnamed venue"",""Notes"":""Merged provenance: node/12624734542, way/1363952908"",""OSM_ID"":""12624734542;1363952908"",""OSM_Type"":""node;way"",""Parent_Venue"":"""",""Restroom_Presence"":""Unknown"",""Restroom_Verification"":""candidate_unverified"",""Source"":""OSM"",""Source_ID"":""node/12624734542;way/1363952908"",""Temporary_Record_ID"":""osm_way_1363952908"",""Venue_Category"":""convenience""}"
buttler_loc_8ae982b417d38bb88240,node/12647539048,OSM,node/12647539048,restroom_acquisition,Shell Select,9.2921336,123.2977222,,unknown,unknown,Unknown,Unknown,candidate_unverified,"{""Access"":""unknown"",""Acquisition_Date"":""2026-09-01"",""Address"":"""",""Bidet_Presence"":""Unknown"",""Candidate_Priority"":""Medium"",""Candidate_Reason"":""Convenience store; restroom uncertain (shop=convenience)"",""Fee"":""unknown"",""Last_Source_Update"":""2025-03-09T13:26:23Z"",""Latitude"":9.2921336,""Longitude"":123.2977222,""Match_Confidence"":""high_manual_review"",""Match_Reason"":""Both are Shell Select convenience-store representations at the same station; exact name/category/brand context supports POI-building duplication."",""Name"":""Shell Select"",""Notes"":""Merged provenance: node/12647539048, way/1131829016"",""OSM_ID"":""12647539048;1131829016"",""OSM_Type"":""node;way"",""Parent_Venue"":"""",""Restroom_Presence"":""Unknown"",""Restroom_Verification"":""candidate_unverified"",""Source"":""OSM"",""Source_ID"":""node/12647539048;way/1131829016"",""Temporary_Record_ID"":""osm_way_1131829016"",""Venue_Category"":""convenience""}"
buttler_loc_8ae982b417d38bb88240,way/1131829016,OSM,way/1131829016,restroom_acquisition,Shell Select,9.2921336,123.2977222,,unknown,unknown,Unknown,Unknown,candidate_unverified,"{""Access"":""unknown"",""Acquisition_Date"":""2026-09-01"",""Address"":"""",""Bidet_Presence"":""Unknown"",""Candidate_Priority"":""Medium"",""Candidate_Reason"":""Convenience store; restroom uncertain (shop=convenience)"",""Fee"":""unknown"",""Last_Source_Update"":""2025-03-09T13:26:23Z"",""Latitude"":9.2921336,""Longitude"":123.2977222,""Match_Confidence"":""high_manual_review"",""Match_Reason"":""Both are Shell Select convenience-store representations at the same station; exact name/category/brand context supports POI-building duplication."",""Name"":""Shell Select"",""Notes"":""Merged provenance: node/12647539048, way/1131829016"",""OSM_ID"":""12647539048;1131829016"",""OSM_Type"":""node;way"",""Parent_Venue"":"""",""Restroom_Presence"":""Unknown"",""Restroom_Verification"":""candidate_unverified"",""Source"":""OSM"",""Source_ID"":""node/12647539048;way/1131829016"",""Temporary_Record_ID"":""osm_way_1131829016"",""Venue_Category"":""convenience""}"
buttler_loc_19781754c775b847415b,bidet_survey_9f7140dedcab80628f5e,field_survey_bidet_workbook,bidet_survey_9f7140dedcab80628f5e,verified_bidet_and_restroom_presence,85 Degree Artisan Café,9.3174883,123.303309,"PVL Square, Corner Ipil street, Aldecoa Drive, Dumaguete City",customers,no,Yes,Yes,field_verified,"{""Access"":""customers"",""Address"":""PVL Square, Corner Ipil street, Aldecoa Drive, Dumaguete City"",""Bidet_Source_ID"":""bidet_survey_9f7140dedcab80628f5e"",""Fee"":""no"",""Latitude"":9.3174883,""Longitude"":123.303309,""Name"":""85 Degree Artisan Café""}"
buttler_loc_370800da18317b311fdb,bidet_survey_3dd5ebf0f0526a038961,field_survey_bidet_workbook,bidet_survey_3dd5ebf0f0526a038961,verified_bidet_and_restroom_presence,8th Yoga Shala and Wellness Hub,9.322563,123.295687,"St. Ignatius Street, Maria Asuncion Village, Daro, Dumaguete City",customers,no,Yes,Yes,field_verified,"{""Access"":""customers"",""Address"":""St. Ignatius Street, Maria Asuncion Village, Daro, Dumaguete City"",""Bidet_Source_ID"":""bidet_survey_3dd5ebf0f0526a038961"",""Fee"":""no"",""Latitude"":9.322563,""Longitude"":123.295687,""Name"":""8th Yoga Shala and Wellness Hub""}"
buttler_loc_93f3b69b4fbd631458a3,bidet_survey_7109da7346468fd8779d,field_survey_bidet_workbook,bidet_survey_7109da7346468fd8779d,verified_bidet_and_restroom_presence,Antwet Backpacker's Inn & Rooftop Bar,9.313813,123.30012,"Capitol Site, Negros Oriental, Dumaguete City",customers,no,Yes,Yes,field_verified,"{""Access"":""customers"",""Address"":""Capitol Site, Negros Oriental, Dumaguete City"",""Bidet_Source_ID"":""bidet_survey_7109da7346468fd8779d"",""Fee"":""no"",""Latitude"":9.313813,""Longitude"":123.30012,""Name"":""Antwet Backpacker's Inn & Rooftop Bar""}"
buttler_loc_8f58768f963a3cbabc47,bidet_survey_293cdf09980b94df6049,field_survey_bidet_workbook,bidet_survey_293cdf09980b94df6049,verified_bidet_and_restroom_presence,Astra Bella Apartment,9.321312,123.294687,"St. Michael Street, Ma. Asuncion Subdivision, Daro, Dumaguete City",customers,no,Yes,Yes,field_verified,"{""Access"":""customers"",""Address"":""St. Michael Street, Ma. Asuncion Subdivision, Daro, Dumaguete City"",""Bidet_Source_ID"":""bidet_survey_293cdf09980b94df6049"",""Fee"":""no"",""Latitude"":9.321312,""Longitude"":123.294687,""Name"":""Astra Bella Apartment""}"
buttler_loc_3fd2b8c150f387402d8d,bidet_survey_4c72f508e552491a6703,field_survey_bidet_workbook,bidet_survey_4c72f508e552491a6703,verified_bidet_and_restroom_presence,Bigby's,9.32231,123.31215,"2nd Floor, Filinvest Mall Dumaguete (Marina Town), Dumaguete City",customers,no,Yes,Yes,field_verified,"{""Access"":""customers"",""Address"":""2nd Floor, Filinvest Mall Dumaguete (Marina Town), Dumaguete City"",""Bidet_Source_ID"":""bidet_survey_4c72f508e552491a6703"",""Fee"":""no"",""Latitude"":9.32231,""Longitude"":123.31215,""Name"":""Bigby's""}"
buttler_loc_183bb305a0b4e6fce936,bidet_survey_def358baad9ed1bad905,field_survey_bidet_workbook,bidet_survey_def358baad9ed1bad905,verified_bidet_and_restroom_presence,Brain Brew,9.31645,123.30738,"Hibbard Avenue, within Harold's Mansion, Dumaguete City",customers,no,Yes,Yes,field_verified,"{""Access"":""customers"",""Address"":""Hibbard Avenue, within Harold's Mansion, Dumaguete City"",""Bidet_Source_ID"":""bidet_survey_def358baad9ed1bad905"",""Fee"":""no"",""Latitude"":9.31645,""Longitude"":123.30738,""Name"":""Brain Brew""}"
buttler_loc_10ac9a448d809db9dcb2,bidet_survey_54a67154cc382815a57e,field_survey_bidet_workbook,bidet_survey_54a67154cc382815a57e,verified_bidet_and_restroom_presence,Brispace Inn,9.303562,123.304063,"Colon St, Dumaguete City",public,no,Yes,Yes,field_verified,"{""Access"":""public"",""Address"":""Colon St, Dumaguete City"",""Bidet_Source_ID"":""bidet_survey_54a67154cc382815a57e"",""Fee"":""no"",""Latitude"":9.303562,""Longitude"":123.304063,""Name"":""Brispace Inn""}"
buttler_loc_530719a95e1ff4d4ed54,bidet_survey_ddbefcc1a723198d13f5,field_survey_bidet_workbook,bidet_survey_ddbefcc1a723198d13f5,verified_bidet_and_restroom_presence,Buglas Isla Cafe Dumaguete,9.320438,123.310688,"EJ Blanco Drive, Piapi, Dumaguete City",customers,no,Yes,Yes,field_verified,"{""Access"":""customers"",""Address"":""EJ Blanco Drive, Piapi, Dumaguete City"",""Bidet_Source_ID"":""bidet_survey_ddbefcc1a723198d13f5"",""Fee"":""no"",""Latitude"":9.320438,""Longitude"":123.310688,""Name"":""Buglas Isla Cafe Dumaguete""}"
buttler_loc_55d23a698d635db9b3e2,bidet_survey_b8b5f0f0f5619f698806,field_survey_bidet_workbook,bidet_survey_b8b5f0f0f5619f698806,verified_bidet_and_restroom_presence,Café Mamia,9.308187,123.308937,"San Jose Street, Dumaguete City",customers,no,Yes,Yes,field_verified,"{""Access"":""customers"",""Address"":""San Jose Street, Dumaguete City"",""Bidet_Source_ID"":""bidet_survey_b8b5f0f0f5619f698806"",""Fee"":""no"",""Latitude"":9.308187,""Longitude"":123.308937,""Name"":""Café Mamia""}"
buttler_loc_abb4a78aa93b560d8469,bidet_survey_658e24715eb4f41d3d6c,field_survey_bidet_workbook,bidet_survey_658e24715eb4f41d3d6c,verified_bidet_and_restroom_presence,Carlo's Place,9.317763,123.305766,"Hibbard Avenue, Tubod Street C25, C24, Dumaguete City",customers,no,Yes,Yes,field_verified,"{""Access"":""customers"",""Address"":""Hibbard Avenue, Tubod Street C25, C24, Dumaguete City"",""Bidet_Source_ID"":""bidet_survey_658e24715eb4f41d3d6c"",""Fee"":""no"",""Latitude"":9.317763,""Longitude"":123.305766,""Name"":""Carlo's Place""}"
buttler_loc_b2a4f21fbc6a500ff101,bidet_survey_0bb53ae23775ce74868b,field_survey_bidet_workbook,bidet_survey_0bb53ae23775ce74868b,verified_bidet_and_restroom_presence,Casablanca Restaurant,9.30852,123.30952,"Rizal Boulevard, corner Noblefranca Street, Dumaguete City",customers,no,Yes,Yes,field_verified,"{""Access"":""customers"",""Address"":""Rizal Boulevard, corner Noblefranca Street, Dumaguete City"",""Bidet_Source_ID"":""bidet_survey_0bb53ae23775ce74868b"",""Fee"":""no"",""Latitude"":9.30852,""Longitude"":123.30952,""Name"":""Casablanca Restaurant""}"
buttler_loc_c70a6736e7bc8d3979ca,bidet_survey_9cff0ffca1e9d5c354a1,field_survey_bidet_workbook,bidet_survey_9cff0ffca1e9d5c354a1,verified_bidet_and_restroom_presence,Ceres Bus Terminal Restrooms,9.299688,123.305641,"Calindagan, Dumaguete City",public,no,Yes,Yes,field_verified,"{""Access"":""public"",""Address"":""Calindagan, Dumaguete City"",""Bidet_Source_ID"":""bidet_survey_9cff0ffca1e9d5c354a1"",""Fee"":""no"",""Latitude"":9.299688,""Longitude"":123.305641,""Name"":""Ceres Bus Terminal Restrooms""}"
buttler_loc_d520c347f58cdae2ec61,bidet_survey_10ddf3ab9ad3265be610,field_survey_bidet_workbook,bidet_survey_10ddf3ab9ad3265be610,verified_bidet_and_restroom_presence,Cha Tuk Chak,9.30415,123.30863,"38 Acias Pinili St., Corner Sta. Catalina, Dumaguete City",customers,no,Yes,Yes,field_verified,"{""Access"":""customers"",""Address"":""38 Acias Pinili St., Corner Sta. Catalina, Dumaguete City"",""Bidet_Source_ID"":""bidet_survey_10ddf3ab9ad3265be610"",""Fee"":""no"",""Latitude"":9.30415,""Longitude"":123.30863,""Name"":""Cha Tuk Chak""}"
buttler_loc_b7cd2afef95390b0dfdb,bidet_survey_b2e2440ec2a034e93e84,field_survey_bidet_workbook,bidet_survey_b2e2440ec2a034e93e84,verified_bidet_and_restroom_presence,Charos Dormitel,9.31948,123.2912,"EJ Blanco Extension, Daro, Dumaguete City",customers,no,Yes,Yes,field_verified,"{""Access"":""customers"",""Address"":""EJ Blanco Extension, Daro, Dumaguete City"",""Bidet_Source_ID"":""bidet_survey_b2e2440ec2a034e93e84"",""Fee"":""no"",""Latitude"":9.31948,""Longitude"":123.2912,""Name"":""Charos Dormitel""}"
buttler_loc_bdd7cf87798c82dad28a,bidet_survey_73bf504f98c76a8d43c9,field_survey_bidet_workbook,bidet_survey_73bf504f98c76a8d43c9,verified_bidet_and_restroom_presence,Chowking Drive Thru,9.312313,123.304312,"Ground floor, Robinsons Place Parking Area, Dumaguete City",customers,no,Yes,Yes,field_verified,"{""Access"":""customers"",""Address"":""Ground floor, Robinsons Place Parking Area, Dumaguete City"",""Bidet_Source_ID"":""bidet_survey_73bf504f98c76a8d43c9"",""Fee"":""no"",""Latitude"":9.312313,""Longitude"":123.304312,""Name"":""Chowking Drive Thru""}"
buttler_loc_ab32c5e0e68625dd477c,bidet_survey_063e1d3d98177149f081,field_survey_bidet_workbook,bidet_survey_063e1d3d98177149f081,verified_bidet_and_restroom_presence,Chowking Dumaguete Downtown,9.308312,123.307812,"Perdices Road, Dumaguete City",customers,no,Yes,Yes,field_verified,"{""Access"":""customers"",""Address"":""Perdices Road, Dumaguete City"",""Bidet_Source_ID"":""bidet_survey_063e1d3d98177149f081"",""Fee"":""no"",""Latitude"":9.308312,""Longitude"":123.307812,""Name"":""Chowking Dumaguete Downtown""}"
buttler_loc_770750cf6c25bd66729c,bidet_survey_a093dc295b2a88fec80a,field_survey_bidet_workbook,bidet_survey_a093dc295b2a88fec80a,verified_bidet_and_restroom_presence,CityMall Dumaguete,9.32375,123.29868,"First St, cor Negros South Road, Dumaguete City",public,no,Yes,Yes,field_verified,"{""Access"":""public"",""Address"":""First St, cor Negros South Road, Dumaguete City"",""Bidet_Source_ID"":""bidet_survey_a093dc295b2a88fec80a"",""Fee"":""no"",""Latitude"":9.32375,""Longitude"":123.29868,""Name"":""CityMall Dumaguete""}"
buttler_loc_d99368ac8ddda980838a,bidet_survey_2c8ec0396dec5220e5a2,field_survey_bidet_workbook,bidet_survey_2c8ec0396dec5220e5a2,verified_bidet_and_restroom_presence,Coco Grande Hotel,9.31533,123.30745,"Hibbard Avenue, Dumaguete City",public,no,Yes,Yes,field_verified,"{""Access"":""public"",""Address"":""Hibbard Avenue, Dumaguete City"",""Bidet_Source_ID"":""bidet_survey_2c8ec0396dec5220e5a2"",""Fee"":""no"",""Latitude"":9.31533,""Longitude"":123.30745,""Name"":""Coco Grande Hotel""}"
buttler_loc_08616ae45c9747267f3b,bidet_survey_34b0a20c6c9b9f8c1e87,field_survey_bidet_workbook,bidet_survey_34b0a20c6c9b9f8c1e87,verified_bidet_and_restroom_presence,Crete Cafe,9.32565,123.30478,"Mango Avenue, Bantayan, Dumaguete City",customers,no,Yes,Yes,field_verified,"{""Access"":""customers"",""Address"":""Mango Avenue, Bantayan, Dumaguete City"",""Bidet_Source_ID"":""bidet_survey_34b0a20c6c9b9f8c1e87"",""Fee"":""no"",""Latitude"":9.32565,""Longitude"":123.30478,""Name"":""Crete Cafe""}"
buttler_loc_b10c08f1051227187c1d,bidet_survey_1c3f15a6fb27d5633927,field_survey_bidet_workbook,bidet_survey_1c3f15a6fb27d5633927,verified_bidet_and_restroom_presence,DCCCO Hotel,9.302812,123.307312,"Upper Luke Wright Street, Dumaguete City",public,no,Yes,Yes,field_verified,"{""Access"":""public"",""Address"":""Upper Luke Wright Street, Dumaguete City"",""Bidet_Source_ID"":""bidet_survey_1c3f15a6fb27d5633927"",""Fee"":""no"",""Latitude"":9.302812,""Longitude"":123.307312,""Name"":""DCCCO Hotel""}"
buttler_loc_fd8af9e4b87e5f53834b,bidet_survey_3876b03aec33a493273b,field_survey_bidet_workbook,bidet_survey_3876b03aec33a493273b,verified_bidet_and_restroom_presence,Derm Corner,9.309188,123.308766,"Derm Corner, Third Building, Corner: Santa Catalina, San Juan St, Poblacion 6, Dumaguete City",customers,no,Yes,Yes,field_verified,"{""Access"":""customers"",""Address"":""Derm Corner, Third Building, Corner: Santa Catalina, San Juan St, Poblacion 6, Dumaguete City"",""Bidet_Source_ID"":""bidet_survey_3876b03aec33a493273b"",""Fee"":""no"",""Latitude"":9.309188,""Longitude"":123.308766,""Name"":""Derm Corner""}"
buttler_loc_be2211e1d0468e194f49,bidet_survey_ae7673ec051b483f0855,field_survey_bidet_workbook,bidet_survey_ae7673ec051b483f0855,verified_bidet_and_restroom_presence,DGTech Computer,9.30881,123.30768,"325 DGTech Building, Perdices Street, Dumaguete City",public,no,Yes,Yes,field_verified,"{""Access"":""public"",""Address"":""325 DGTech Building, Perdices Street, Dumaguete City"",""Bidet_Source_ID"":""bidet_survey_ae7673ec051b483f0855"",""Fee"":""no"",""Latitude"":9.30881,""Longitude"":123.30768,""Name"":""DGTech Computer""}"
buttler_loc_bb655b90bfc7513bc298,bidet_survey_686ecfd1f44535a7deaf,field_survey_bidet_workbook,bidet_survey_686ecfd1f44535a7deaf,verified_bidet_and_restroom_presence,Dumaguete Port Restrooms,9.312563,123.310688,"Port Area, Dumaguete City",public,no,Yes,Yes,field_verified,"{""Access"":""public"",""Address"":""Port Area, Dumaguete City"",""Bidet_Source_ID"":""bidet_survey_686ecfd1f44535a7deaf"",""Fee"":""no"",""Latitude"":9.312563,""Longitude"":123.310688,""Name"":""Dumaguete Port Restrooms""}"
buttler_loc_d7fffc5ae7443b459a29,bidet_survey_f77cc4241d4f3ab88e39,field_survey_bidet_workbook,bidet_survey_f77cc4241d4f3ab88e39,verified_bidet_and_restroom_presence,Elaine's Homestay,9.316562,123.306438,"17 Aldecoa Drive Laguna, Dumaguete City",customers,no,Yes,Yes,field_verified,"{""Access"":""customers"",""Address"":""17 Aldecoa Drive Laguna, Dumaguete City"",""Bidet_Source_ID"":""bidet_survey_f77cc4241d4f3ab88e39"",""Fee"":""no"",""Latitude"":9.316562,""Longitude"":123.306438,""Name"":""Elaine's Homestay""}"
buttler_loc_44bb06f5a21b983a4d61,bidet_survey_633fed9a82f83bc95563,field_survey_bidet_workbook,bidet_survey_633fed9a82f83bc95563,verified_bidet_and_restroom_presence,Flamin' Grill - Hibbard Branch,9.317937,123.307063,"Tunod Hibbard Avenue, Dumaguete City",customers,no,Yes,Yes,field_verified,"{""Access"":""customers"",""Address"":""Tunod Hibbard Avenue, Dumaguete City"",""Bidet_Source_ID"":""bidet_survey_633fed9a82f83bc95563"",""Fee"":""no"",""Latitude"":9.317937,""Longitude"":123.307063,""Name"":""Flamin' Grill - Hibbard Branch""}"
buttler_loc_837b1a828ff222ff4aef,bidet_survey_558e197ad39d5246d922,field_survey_bidet_workbook,bidet_survey_558e197ad39d5246d922,verified_bidet_and_restroom_presence,Freedom Park,9.3138129,123.3025817,"Ninoy Aquino Freedom Park, in front of the Negros Oriental Capitol Building, Dumaguete City",public,yes,Yes,Yes,field_verified,"{""Access"":""public"",""Address"":""Ninoy Aquino Freedom Park, in front of the Negros Oriental Capitol Building, Dumaguete City"",""Bidet_Source_ID"":""bidet_survey_558e197ad39d5246d922"",""Fee"":""yes"",""Latitude"":9.3138129,""Longitude"":123.3025817,""Name"":""Freedom Park""}"
buttler_loc_76a362601ed36b666f73,bidet_survey_8081f9f98fda75b52923,field_survey_bidet_workbook,bidet_survey_8081f9f98fda75b52923,verified_bidet_and_restroom_presence,GSIS Dumaguete,9.323062,123.298937,"North National Highway, Daro, Dumaguete City",public,no,Yes,Yes,field_verified,"{""Access"":""public"",""Address"":""North National Highway, Daro, Dumaguete City"",""Bidet_Source_ID"":""bidet_survey_8081f9f98fda75b52923"",""Fee"":""no"",""Latitude"":9.323062,""Longitude"":123.298937,""Name"":""GSIS Dumaguete""}"
buttler_loc_d0af5d7f3e7644d1da5e,bidet_survey_11ff3da9db94ead0bd0a,field_survey_bidet_workbook,bidet_survey_11ff3da9db94ead0bd0a,verified_bidet_and_restroom_presence,Gabby's Bed and Breakfast,9.317837,123.297172,"Claytown, Felomino Cimafranca, Dumaguete City",customers,no,Yes,Yes,field_verified,"{""Access"":""customers"",""Address"":""Claytown, Felomino Cimafranca, Dumaguete City"",""Bidet_Source_ID"":""bidet_survey_11ff3da9db94ead0bd0a"",""Fee"":""no"",""Latitude"":9.317837,""Longitude"":123.297172,""Name"":""Gabby's Bed and Breakfast""}"
buttler_loc_b18ac28591168e243d9c,bidet_survey_41cee1248f2573c47f18,field_survey_bidet_workbook,bidet_survey_41cee1248f2573c47f18,verified_bidet_and_restroom_presence,Gabby's Bistro (Bantayan/Main),9.327188,123.304187,"E. Rovira Road, Bantayan, Dumaguete City",customers,no,Yes,Yes,field_verified,"{""Access"":""customers"",""Address"":""E. Rovira Road, Bantayan, Dumaguete City"",""Bidet_Source_ID"":""bidet_survey_41cee1248f2573c47f18"",""Fee"":""no"",""Latitude"":9.327188,""Longitude"":123.304187,""Name"":""Gabby's Bistro (Bantayan/Main)""}"
buttler_loc_5275cfcb8d68f9954799,bidet_survey_2b9a1a379eb7c5e4ea06,field_survey_bidet_workbook,bidet_survey_2b9a1a379eb7c5e4ea06,verified_bidet_and_restroom_presence,Grace Pharmacy,9.306088,123.305516,"Governor Mariano F. Perdices Street, Dumaguete City",customers,no,Yes,Yes,field_verified,"{""Access"":""customers"",""Address"":""Governor Mariano F. Perdices Street, Dumaguete City"",""Bidet_Source_ID"":""bidet_survey_2b9a1a379eb7c5e4ea06"",""Fee"":""no"",""Latitude"":9.306088,""Longitude"":123.305516,""Name"":""Grace Pharmacy""}"
buttler_loc_35c41771ca526effbe96,bidet_survey_f1a02283bdf610eaa040,field_survey_bidet_workbook,bidet_survey_f1a02283bdf610eaa040,verified_bidet_and_restroom_presence,Greenwich (Robinsons Place),9.298312,123.302937,"Robinsons Place Dumaguete, Calindagan, Dumaguete City",customers,no,Yes,Yes,field_verified,"{""Access"":""customers"",""Address"":""Robinsons Place Dumaguete, Calindagan, Dumaguete City"",""Bidet_Source_ID"":""bidet_survey_f1a02283bdf610eaa040"",""Fee"":""no"",""Latitude"":9.298312,""Longitude"":123.302937,""Name"":""Greenwich (Robinsons Place)""}"
buttler_loc_65b26b46d8f27441b259,bidet_survey_abfe88b4f23d789e4286,field_survey_bidet_workbook,bidet_survey_abfe88b4f23d789e4286,verified_bidet_and_restroom_presence,Greenwich Perdices Street (Downtown),9.3070165,123.3075523,"G/F Ever Mall, Gov. Perdices Avenue, Dumaguete City",customers,no,Yes,Yes,field_verified,"{""Access"":""customers"",""Address"":""G/F Ever Mall, Gov. Perdices Avenue, Dumaguete City"",""Bidet_Source_ID"":""bidet_survey_abfe88b4f23d789e4286"",""Fee"":""no"",""Latitude"":9.3070165,""Longitude"":123.3075523,""Name"":""Greenwich Perdices Street (Downtown)""}"
buttler_loc_bd46da715d0546b6c6e1,bidet_survey_c1c7b1a96a0cc4cc9c1e,field_survey_bidet_workbook,bidet_survey_c1c7b1a96a0cc4cc9c1e,verified_bidet_and_restroom_presence,Habibi Chicken and Habibi Ice Cream,9.299563,123.305063,"Calindagan Rd, Calindagan, Dumaguete City",customers,no,Yes,Yes,field_verified,"{""Access"":""customers"",""Address"":""Calindagan Rd, Calindagan, Dumaguete City"",""Bidet_Source_ID"":""bidet_survey_c1c7b1a96a0cc4cc9c1e"",""Fee"":""no"",""Latitude"":9.299563,""Longitude"":123.305063,""Name"":""Habibi Chicken and Habibi Ice Cream""}"
buttler_loc_79f166ed599957081c37,bidet_survey_821a5f0696d46752b2a3,field_survey_bidet_workbook,bidet_survey_821a5f0696d46752b2a3,verified_bidet_and_restroom_presence,Harold's Dive Center,9.316313,123.307312,"205 Hibbard Avenue, Dumaguete City",customers,no,Yes,Yes,field_verified,"{""Access"":""customers"",""Address"":""205 Hibbard Avenue, Dumaguete City"",""Bidet_Source_ID"":""bidet_survey_821a5f0696d46752b2a3"",""Fee"":""no"",""Latitude"":9.316313,""Longitude"":123.307312,""Name"":""Harold's Dive Center""}"
buttler_loc_0598318ce1ee64cef811,bidet_survey_53a61980f550a6ffd59e,field_survey_bidet_workbook,bidet_survey_53a61980f550a6ffd59e,verified_bidet_and_restroom_presence,Heart Hotel,9.302688,123.307938,"Perdices St. corner Luke Wright St., Dumaguete City",public,no,Yes,Yes,field_verified,"{""Access"":""public"",""Address"":""Perdices St. corner Luke Wright St., Dumaguete City"",""Bidet_Source_ID"":""bidet_survey_53a61980f550a6ffd59e"",""Fee"":""no"",""Latitude"":9.302688,""Longitude"":123.307938,""Name"":""Heart Hotel""}"
buttler_loc_6886724e44fcd81aaf27,bidet_survey_287fdaa8700b7a166ae5,field_survey_bidet_workbook,bidet_survey_287fdaa8700b7a166ae5,verified_bidet_and_restroom_presence,Henia Hotel,9.306437,123.305813,"LEU Bldg., Bishop Epifanio Surban St. cor. Real St., Dumaguete City",public,no,Yes,Yes,field_verified,"{""Access"":""public"",""Address"":""LEU Bldg., Bishop Epifanio Surban St. cor. Real St., Dumaguete City"",""Bidet_Source_ID"":""bidet_survey_287fdaa8700b7a166ae5"",""Fee"":""no"",""Latitude"":9.306437,""Longitude"":123.305813,""Name"":""Henia Hotel""}"
buttler_loc_5e3d14611172a387da4e,bidet_survey_18ecccd2d5cfc6138022,field_survey_bidet_workbook,bidet_survey_18ecccd2d5cfc6138022,verified_bidet_and_restroom_presence,Hotel Dumaguete,9.3213901,123.3104219,"EJ Blanco Drive, Piapi, Dumaguete City",public,no,Yes,Yes,field_verified,"{""Access"":""public"",""Address"":""EJ Blanco Drive, Piapi, Dumaguete City"",""Bidet_Source_ID"":""bidet_survey_18ecccd2d5cfc6138022"",""Fee"":""no"",""Latitude"":9.3213901,""Longitude"":123.3104219,""Name"":""Hotel Dumaguete""}"
buttler_loc_c598b00ec110d6a6ac29,bidet_survey_d166a9de3c6863a08e9e,field_survey_bidet_workbook,bidet_survey_d166a9de3c6863a08e9e,verified_bidet_and_restroom_presence,Hotel Nicanor,9.308063,123.308188,"San Jose Street, Dumaguete City",public,no,Yes,Yes,field_verified,"{""Access"":""public"",""Address"":""San Jose Street, Dumaguete City"",""Bidet_Source_ID"":""bidet_survey_d166a9de3c6863a08e9e"",""Fee"":""no"",""Latitude"":9.308063,""Longitude"":123.308188,""Name"":""Hotel Nicanor""}"
buttler_loc_16e1b83fe4bb26432f19,bidet_survey_124a90aa363e436a3304,field_survey_bidet_workbook,bidet_survey_124a90aa363e436a3304,verified_bidet_and_restroom_presence,Izakaya Himawari Japanese Restaurant,9.32543,123.30702,"58 Hibbard Ave, Dumaguete City",customers,no,Yes,Yes,field_verified,"{""Access"":""customers"",""Address"":""58 Hibbard Ave, Dumaguete City"",""Bidet_Source_ID"":""bidet_survey_124a90aa363e436a3304"",""Fee"":""no"",""Latitude"":9.32543,""Longitude"":123.30702,""Name"":""Izakaya Himawari Japanese Restaurant""}"
buttler_loc_04ae17aa5bea7478b372,bidet_survey_533434b18f75b8204199,field_survey_bidet_workbook,bidet_survey_533434b18f75b8204199,verified_bidet_and_restroom_presence,Jo's Chicken Inato (Main),9.31023,123.30798,"Silliman Avenue, Dumaguete City",customers,no,Yes,Yes,field_verified,"{""Access"":""customers"",""Address"":""Silliman Avenue, Dumaguete City"",""Bidet_Source_ID"":""bidet_survey_533434b18f75b8204199"",""Fee"":""no"",""Latitude"":9.31023,""Longitude"":123.30798,""Name"":""Jo's Chicken Inato (Main)""}"
buttler_loc_2e0131d0c93dc62ca6b9,bidet_survey_decec93e793b701bac6d,field_survey_bidet_workbook,bidet_survey_decec93e793b701bac6d,verified_bidet_and_restroom_presence,Jollibee Dumaguete Cathedral,9.306062,123.307563,"Santa Catalina Street (corner Perdices St), Dumaguete City",customers,no,Yes,Yes,field_verified,"{""Access"":""customers"",""Address"":""Santa Catalina Street (corner Perdices St), Dumaguete City"",""Bidet_Source_ID"":""bidet_survey_decec93e793b701bac6d"",""Fee"":""no"",""Latitude"":9.306062,""Longitude"":123.307563,""Name"":""Jollibee Dumaguete Cathedral""}"
buttler_loc_65833e659d4f2a7a19ed,bidet_survey_dbcdab1c46b8495eeca5,field_survey_bidet_workbook,bidet_survey_dbcdab1c46b8495eeca5,verified_bidet_and_restroom_presence,Jollibee Dumaguete Downtown,9.308187,123.307563,"Gov. Perdices cor. San Jose Sts, Dumaguete City",customers,no,Yes,Yes,field_verified,"{""Access"":""customers"",""Address"":""Gov. Perdices cor. San Jose Sts, Dumaguete City"",""Bidet_Source_ID"":""bidet_survey_dbcdab1c46b8495eeca5"",""Fee"":""no"",""Latitude"":9.308187,""Longitude"":123.307563,""Name"":""Jollibee Dumaguete Downtown""}"
buttler_loc_54f23dda5581c666b0bc,bidet_survey_320bfd0f132ecd2bca47,field_survey_bidet_workbook,bidet_survey_320bfd0f132ecd2bca47,verified_bidet_and_restroom_presence,Jollibee Dumaguete South Road,9.299062,123.302437,"South Road Dumaguete Highway, Fronting Robinsons Dumaguete, Dumaguete City",customers,no,Yes,Yes,field_verified,"{""Access"":""customers"",""Address"":""South Road Dumaguete Highway, Fronting Robinsons Dumaguete, Dumaguete City"",""Bidet_Source_ID"":""bidet_survey_320bfd0f132ecd2bca47"",""Fee"":""no"",""Latitude"":9.299062,""Longitude"":123.302437,""Name"":""Jollibee Dumaguete South Road""}"
buttler_loc_5767f35ebf7948b777d6,bidet_survey_de673148ed6817e53a59,field_survey_bidet_workbook,bidet_survey_de673148ed6817e53a59,verified_bidet_and_restroom_presence,Jollibee inside Robinsons Place Mall,9.298188,123.303313,"Level 1, Robinsons Place Dumaguete, Calindagan, Dumaguete City",public,no,Yes,Yes,field_verified,"{""Access"":""public"",""Address"":""Level 1, Robinsons Place Dumaguete, Calindagan, Dumaguete City"",""Bidet_Source_ID"":""bidet_survey_de673148ed6817e53a59"",""Fee"":""no"",""Latitude"":9.298188,""Longitude"":123.303313,""Name"":""Jollibee inside Robinsons Place Mall""}"
buttler_loc_781f019679330cf2fc14,bidet_survey_5729c8370fd54c752706,field_survey_bidet_workbook,bidet_survey_5729c8370fd54c752706,verified_bidet_and_restroom_presence,Jollibee near Negros Oriental Provincial Hospital,9.32115,123.29944,"North National Highway, Brgy. Daro, Dumaguete City",customers,no,Yes,Yes,field_verified,"{""Access"":""customers"",""Address"":""North National Highway, Brgy. Daro, Dumaguete City"",""Bidet_Source_ID"":""bidet_survey_5729c8370fd54c752706"",""Fee"":""no"",""Latitude"":9.32115,""Longitude"":123.29944,""Name"":""Jollibee near Negros Oriental Provincial Hospital""}"
buttler_loc_87436627fc99e6ce7df7,bidet_survey_ae6a9c15f33c334d9583,field_survey_bidet_workbook,bidet_survey_ae6a9c15f33c334d9583,verified_bidet_and_restroom_presence,Jollibee near NORSU,9.31159,123.30488,"Corner National Highway and Real Street, Dumaguete City",customers,no,Yes,Yes,field_verified,"{""Access"":""customers"",""Address"":""Corner National Highway and Real Street, Dumaguete City"",""Bidet_Source_ID"":""bidet_survey_ae6a9c15f33c334d9583"",""Fee"":""no"",""Latitude"":9.31159,""Longitude"":123.30488,""Name"":""Jollibee near NORSU""}"
buttler_loc_d78b150632eac4b883d7,bidet_survey_195ee2fef57b421c4eec,field_survey_bidet_workbook,bidet_survey_195ee2fef57b421c4eec,verified_bidet_and_restroom_presence,Koze Suites,9.326812,123.302688,"L. Rovira East Road, Dumaguete City",public,no,Yes,Yes,field_verified,"{""Access"":""public"",""Address"":""L. Rovira East Road, Dumaguete City"",""Bidet_Source_ID"":""bidet_survey_195ee2fef57b421c4eec"",""Fee"":""no"",""Latitude"":9.326812,""Longitude"":123.302688,""Name"":""Koze Suites""}"
buttler_loc_3358f130f4eabfad41f3,bidet_survey_7191bd927880643a00c6,field_survey_bidet_workbook,bidet_survey_7191bd927880643a00c6,verified_bidet_and_restroom_presence,La Essencia Cafe (Hotel Essencia),9.30897,123.30567,"#39 Hotel Essencia, Real St., Dumaguete City",public,no,Yes,Yes,field_verified,"{""Access"":""public"",""Address"":""#39 Hotel Essencia, Real St., Dumaguete City"",""Bidet_Source_ID"":""bidet_survey_7191bd927880643a00c6"",""Fee"":""no"",""Latitude"":9.30897,""Longitude"":123.30567,""Name"":""La Essencia Cafe (Hotel Essencia)""}"
buttler_loc_f335260ad0ee0e73b180,bidet_survey_ce7672acc185d3cb8cd2,field_survey_bidet_workbook,bidet_survey_ce7672acc185d3cb8cd2,verified_bidet_and_restroom_presence,La Mensa Bar,9.32031,123.31028,"EJ Blanco Drive, Piapi, Dumaguete City",customers,no,Yes,Yes,field_verified,"{""Access"":""customers"",""Address"":""EJ Blanco Drive, Piapi, Dumaguete City"",""Bidet_Source_ID"":""bidet_survey_ce7672acc185d3cb8cd2"",""Fee"":""no"",""Latitude"":9.32031,""Longitude"":123.31028,""Name"":""La Mensa Bar""}"
buttler_loc_d1aab60749b263ce0b6f,bidet_survey_bc9693cc116164c987f3,field_survey_bidet_workbook,bidet_survey_bc9693cc116164c987f3,verified_bidet_and_restroom_presence,La Mensa Bar Lounge,9.3203894,123.3100319,"EJ Blanco Drive, Piapi, Dumaguete City",customers,no,Yes,Yes,field_verified,"{""Access"":""customers"",""Address"":""EJ Blanco Drive, Piapi, Dumaguete City"",""Bidet_Source_ID"":""bidet_survey_bc9693cc116164c987f3"",""Fee"":""no"",""Latitude"":9.3203894,""Longitude"":123.3100319,""Name"":""La Mensa Bar Lounge""}"
buttler_loc_a8f6a7ee7bebe0fa186b,bidet_survey_42d880de0bb0e28a4836,field_survey_bidet_workbook,bidet_survey_42d880de0bb0e28a4836,verified_bidet_and_restroom_presence,La Mensa Italian Chophouse,9.3202773,123.310753,"EJ Blanco Drive, Piapi, Dumaguete City",customers,no,Yes,Yes,field_verified,"{""Access"":""customers"",""Address"":""EJ Blanco Drive, Piapi, Dumaguete City"",""Bidet_Source_ID"":""bidet_survey_42d880de0bb0e28a4836"",""Fee"":""no"",""Latitude"":9.3202773,""Longitude"":123.310753,""Name"":""La Mensa Italian Chophouse""}"
buttler_loc_acaf1e9be914c1719ff8,bidet_survey_35a57d402171a7a740b1,field_survey_bidet_workbook,bidet_survey_35a57d402171a7a740b1,verified_bidet_and_restroom_presence,Lighthouse Point Hotel Lobby,9.32623,123.30683,"32 Hibbard Ave, Dumaguete City",public,no,Yes,Yes,field_verified,"{""Access"":""public"",""Address"":""32 Hibbard Ave, Dumaguete City"",""Bidet_Source_ID"":""bidet_survey_35a57d402171a7a740b1"",""Fee"":""no"",""Latitude"":9.32623,""Longitude"":123.30683,""Name"":""Lighthouse Point Hotel Lobby""}"
buttler_loc_22c9cabc3a0a85dc1080,bidet_survey_fd464de2627141a706bf,field_survey_bidet_workbook,bidet_survey_fd464de2627141a706bf,verified_bidet_and_restroom_presence,Llaollao Boulevard,9.30928,123.30928,"44 Rizal Boulevard, Dumaguete City",customers,no,Yes,Yes,field_verified,"{""Access"":""customers"",""Address"":""44 Rizal Boulevard, Dumaguete City"",""Bidet_Source_ID"":""bidet_survey_fd464de2627141a706bf"",""Fee"":""no"",""Latitude"":9.30928,""Longitude"":123.30928,""Name"":""Llaollao Boulevard""}"
buttler_loc_b80619d4f720e6f4723b,bidet_survey_d5f98742fb69a926efdd,field_survey_bidet_workbook,bidet_survey_d5f98742fb69a926efdd,verified_bidet_and_restroom_presence,Lorenzo's Steak en Deli (Don Atilano),9.32165,123.3073,"Hibbard Ave., Piapi, Dumaguete City",customers,no,Yes,Yes,field_verified,"{""Access"":""customers"",""Address"":""Hibbard Ave., Piapi, Dumaguete City"",""Bidet_Source_ID"":""bidet_survey_d5f98742fb69a926efdd"",""Fee"":""no"",""Latitude"":9.32165,""Longitude"":123.3073,""Name"":""Lorenzo's Steak en Deli (Don Atilano)""}"
buttler_loc_6a671cd4d58902aa1e22,bidet_survey_b2398fe361ba36ae2f01,field_survey_bidet_workbook,bidet_survey_b2398fe361ba36ae2f01,verified_bidet_and_restroom_presence,M.Y. Hotel,9.30915,123.30524,"101 San Juan Street, Dumaguete City",public,no,Yes,Yes,field_verified,"{""Access"":""public"",""Address"":""101 San Juan Street, Dumaguete City"",""Bidet_Source_ID"":""bidet_survey_b2398fe361ba36ae2f01"",""Fee"":""no"",""Latitude"":9.30915,""Longitude"":123.30524,""Name"":""M.Y. Hotel""}"
buttler_loc_3953216ede20b2092e9c,bidet_survey_7bbce213ba36786391f1,field_survey_bidet_workbook,bidet_survey_7bbce213ba36786391f1,verified_bidet_and_restroom_presence,Mad Monkey Dumaguete,9.31948,123.31085,"Amigo St., Amigo Subdivision, Piapi, Dumaguete City",customers,no,Yes,Yes,field_verified,"{""Access"":""customers"",""Address"":""Amigo St., Amigo Subdivision, Piapi, Dumaguete City"",""Bidet_Source_ID"":""bidet_survey_7bbce213ba36786391f1"",""Fee"":""no"",""Latitude"":9.31948,""Longitude"":123.31085,""Name"":""Mad Monkey Dumaguete""}"
buttler_loc_5298f774bb19ebf4d3ee,bidet_survey_2d05f8fac750fbff14e6,field_survey_bidet_workbook,bidet_survey_2d05f8fac750fbff14e6,verified_bidet_and_restroom_presence,Mala King,9.30871,123.30808,"Noblefranca St., Dumaguete City",customers,no,Yes,Yes,field_verified,"{""Access"":""customers"",""Address"":""Noblefranca St., Dumaguete City"",""Bidet_Source_ID"":""bidet_survey_2d05f8fac750fbff14e6"",""Fee"":""no"",""Latitude"":9.30871,""Longitude"":123.30808,""Name"":""Mala King""}"
buttler_loc_97656d999048b0d6a972,bidet_survey_3f28d486c26a2639f5c8,field_survey_bidet_workbook,bidet_survey_3f28d486c26a2639f5c8,verified_bidet_and_restroom_presence,Manila Teacher's Mutual Aid System Incorporation,9.306687,123.300562,"Dr V. Locsin St, Dumaguete City",customers,no,Yes,Yes,field_verified,"{""Access"":""customers"",""Address"":""Dr V. Locsin St, Dumaguete City"",""Bidet_Source_ID"":""bidet_survey_3f28d486c26a2639f5c8"",""Fee"":""no"",""Latitude"":9.306687,""Longitude"":123.300562,""Name"":""Manila Teacher's Mutual Aid System Incorporation""}"
buttler_loc_6fe425032c44ce5f22e6,bidet_survey_c824d7481f9556e63602,field_survey_bidet_workbook,bidet_survey_c824d7481f9556e63602,verified_bidet_and_restroom_presence,Marina Spatial,9.32168,123.31154,"EJ Blanco Ave, Brgy. Piapi, Dumaguete City",customers,no,Yes,Yes,field_verified,"{""Access"":""customers"",""Address"":""EJ Blanco Ave, Brgy. Piapi, Dumaguete City"",""Bidet_Source_ID"":""bidet_survey_c824d7481f9556e63602"",""Fee"":""no"",""Latitude"":9.32168,""Longitude"":123.31154,""Name"":""Marina Spatial""}"
buttler_loc_324ba9cd5fd66cf2840b,bidet_survey_d8688e25ec4dbef29307,field_survey_bidet_workbook,bidet_survey_d8688e25ec4dbef29307,verified_bidet_and_restroom_presence,McDonald's Dumaguete Business Park,9.299812,123.306438,"Calindagan Rd, Dumaguete City",customers,no,Yes,Yes,field_verified,"{""Access"":""customers"",""Address"":""Calindagan Rd, Dumaguete City"",""Bidet_Source_ID"":""bidet_survey_d8688e25ec4dbef29307"",""Fee"":""no"",""Latitude"":9.299812,""Longitude"":123.306438,""Name"":""McDonald's Dumaguete Business Park""}"
buttler_loc_3b1faf0541635e066a92,bidet_survey_dd475f23217d2b52cbb2,field_survey_bidet_workbook,bidet_survey_dd475f23217d2b52cbb2,verified_bidet_and_restroom_presence,McDonald's Dumaguete Downtown,9.308488,123.307766,"Corner Governor Perdices and Legaspi Sts, Dumaguete City",customers,no,Yes,Yes,field_verified,"{""Access"":""customers"",""Address"":""Corner Governor Perdices and Legaspi Sts, Dumaguete City"",""Bidet_Source_ID"":""bidet_survey_dd475f23217d2b52cbb2"",""Fee"":""no"",""Latitude"":9.308488,""Longitude"":123.307766,""Name"":""McDonald's Dumaguete Downtown""}"
buttler_loc_5a5b4d0a2d805e9bf5cb,bidet_survey_5c4396d7db1c8d7c6bc1,field_survey_bidet_workbook,bidet_survey_5c4396d7db1c8d7c6bc1,verified_bidet_and_restroom_presence,McDonald's Dumaguete Real Street (North Road/Daro),9.322812,123.299312,"161 National Road (in front of NOPH), Dumaguete City",customers,no,Yes,Yes,field_verified,"{""Access"":""customers"",""Address"":""161 National Road (in front of NOPH), Dumaguete City"",""Bidet_Source_ID"":""bidet_survey_5c4396d7db1c8d7c6bc1"",""Fee"":""no"",""Latitude"":9.322812,""Longitude"":123.299312,""Name"":""McDonald's Dumaguete Real Street (North Road/Daro)""}"
buttler_loc_42b3990b20786fe8f326,bidet_survey_ded1439a123ff45ddd6b,field_survey_bidet_workbook,bidet_survey_ded1439a123ff45ddd6b,verified_bidet_and_restroom_presence,Moriah Pension,9.31894,123.30133,"Molave Street, Daro, Dumaguete City",customers,no,Yes,Yes,field_verified,"{""Access"":""customers"",""Address"":""Molave Street, Daro, Dumaguete City"",""Bidet_Source_ID"":""bidet_survey_ded1439a123ff45ddd6b"",""Fee"":""no"",""Latitude"":9.31894,""Longitude"":123.30133,""Name"":""Moriah Pension""}"
buttler_loc_4229a48371e3734c46b9,bidet_survey_f45a1dfdddaab4f330f6,field_survey_bidet_workbook,bidet_survey_f45a1dfdddaab4f330f6,verified_bidet_and_restroom_presence,Optimum Pension House,9.314563,123.304063,"Mariño Compound, Capitol Area, Daro, Dumaguete City",public,no,Yes,Yes,field_verified,"{""Access"":""public"",""Address"":""Mariño Compound, Capitol Area, Daro, Dumaguete City"",""Bidet_Source_ID"":""bidet_survey_f45a1dfdddaab4f330f6"",""Fee"":""no"",""Latitude"":9.314563,""Longitude"":123.304063,""Name"":""Optimum Pension House""}"
buttler_loc_94ef19ad3e86227128a6,bidet_survey_6be70236fb628ccc9fd9,field_survey_bidet_workbook,bidet_survey_6be70236fb628ccc9fd9,verified_bidet_and_restroom_presence,PVL Suites,9.317438,123.303313,"Aldecoa Drive, corner Ipil street, Daro, Dumaguete City",public,no,Yes,Yes,field_verified,"{""Access"":""public"",""Address"":""Aldecoa Drive, corner Ipil street, Daro, Dumaguete City"",""Bidet_Source_ID"":""bidet_survey_6be70236fb628ccc9fd9"",""Fee"":""no"",""Latitude"":9.317438,""Longitude"":123.303313,""Name"":""PVL Suites""}"
buttler_loc_0c293896352a16f3f264,bidet_survey_21b7eb7b4b3ec0e01f9c,field_survey_bidet_workbook,bidet_survey_21b7eb7b4b3ec0e01f9c,verified_bidet_and_restroom_presence,Piapi Deli,9.321263,123.3103508,"EJ Blanco Drive, Piapi (Inside Hotel Dumaguete), Dumaguete City",customers,no,Yes,Yes,field_verified,"{""Access"":""customers"",""Address"":""EJ Blanco Drive, Piapi (Inside Hotel Dumaguete), Dumaguete City"",""Bidet_Source_ID"":""bidet_survey_21b7eb7b4b3ec0e01f9c"",""Fee"":""no"",""Latitude"":9.321263,""Longitude"":123.3103508,""Name"":""Piapi Deli""}"
buttler_loc_37e2d1bdca057eb0a0cb,bidet_survey_0d100586a495b428ec7d,field_survey_bidet_workbook,bidet_survey_0d100586a495b428ec7d,verified_bidet_and_restroom_presence,Plaza Maria Luisa Suites Inn,9.30651,123.30818,"Bishop Epifanio Surban St., Dumaguete City",public,no,Yes,Yes,field_verified,"{""Access"":""public"",""Address"":""Bishop Epifanio Surban St., Dumaguete City"",""Bidet_Source_ID"":""bidet_survey_0d100586a495b428ec7d"",""Fee"":""no"",""Latitude"":9.30651,""Longitude"":123.30818,""Name"":""Plaza Maria Luisa Suites Inn""}"
buttler_loc_a962aa157dff936ae36a,bidet_survey_2fb2f828db6b507991d2,field_survey_bidet_workbook,bidet_survey_2fb2f828db6b507991d2,verified_bidet_and_restroom_presence,Pulantubig Barangay Hall,9.32435,123.29254,"Purok Tikling, Pulantubig, Dumaguete City",public,no,Yes,Yes,field_verified,"{""Access"":""public"",""Address"":""Purok Tikling, Pulantubig, Dumaguete City"",""Bidet_Source_ID"":""bidet_survey_2fb2f828db6b507991d2"",""Fee"":""no"",""Latitude"":9.32435,""Longitude"":123.29254,""Name"":""Pulantubig Barangay Hall""}"
buttler_loc_29cf723eb590bc249df4,bidet_survey_10aa3f81114d0ee2c45c,field_survey_bidet_workbook,bidet_survey_10aa3f81114d0ee2c45c,verified_bidet_and_restroom_presence,Powerswing Motor Vehicle Inspection Center,9.320313,123.296437,"EJ Blanco Drive, Dumaguete City",public,no,Yes,Yes,field_verified,"{""Access"":""public"",""Address"":""EJ Blanco Drive, Dumaguete City"",""Bidet_Source_ID"":""bidet_survey_10aa3f81114d0ee2c45c"",""Fee"":""no"",""Latitude"":9.320313,""Longitude"":123.296437,""Name"":""Powerswing Motor Vehicle Inspection Center""}"
buttler_loc_023f2f83bba03e49dbde,bidet_survey_e9c34c2789b7e96c3ad0,field_survey_bidet_workbook,bidet_survey_e9c34c2789b7e96c3ad0,verified_bidet_and_restroom_presence,Quarto Dgte,9.3249,123.30809,"Fatima Village, Piapi, Dumaguete City",customers,no,Yes,Yes,field_verified,"{""Access"":""customers"",""Address"":""Fatima Village, Piapi, Dumaguete City"",""Bidet_Source_ID"":""bidet_survey_e9c34c2789b7e96c3ad0"",""Fee"":""no"",""Latitude"":9.3249,""Longitude"":123.30809,""Name"":""Quarto Dgte""}"
buttler_loc_9952816f319ab1c801ee,bidet_survey_c44960df810ba607d09a,field_survey_bidet_workbook,bidet_survey_c44960df810ba607d09a,verified_bidet_and_restroom_presence,RM Guest House & Grand Royal Spa,9.326062,123.298063,"Silliman Avenue, Dumaguete City",customers,no,Yes,Yes,field_verified,"{""Access"":""customers"",""Address"":""Silliman Avenue, Dumaguete City"",""Bidet_Source_ID"":""bidet_survey_c44960df810ba607d09a"",""Fee"":""no"",""Latitude"":9.326062,""Longitude"":123.298063,""Name"":""RM Guest House & Grand Royal Spa""}"
buttler_loc_9127763a634897012430,bidet_survey_c81fcfb4fcdcebd141a1,field_survey_bidet_workbook,bidet_survey_c81fcfb4fcdcebd141a1,verified_bidet_and_restroom_presence,Robinsons Place Mall Calindagan,9.298188,123.303188,"Dumaguete Business Park, Calindagan, Dumaguete City",public,no,Yes,Yes,field_verified,"{""Access"":""public"",""Address"":""Dumaguete Business Park, Calindagan, Dumaguete City"",""Bidet_Source_ID"":""bidet_survey_c81fcfb4fcdcebd141a1"",""Fee"":""no"",""Latitude"":9.298188,""Longitude"":123.303188,""Name"":""Robinsons Place Mall Calindagan""}"
buttler_loc_c8e9950eac7c5b226a35,bidet_survey_de8f17e29a8c90c746e7,field_survey_bidet_workbook,bidet_survey_de8f17e29a8c90c746e7,verified_bidet_and_restroom_presence,Robinsons Supermarket Perdices,9.307562,123.307812,"Gov. Perdices St., Dumaguete City",public,no,Yes,Yes,field_verified,"{""Access"":""public"",""Address"":""Gov. Perdices St., Dumaguete City"",""Bidet_Source_ID"":""bidet_survey_de8f17e29a8c90c746e7"",""Fee"":""no"",""Latitude"":9.307562,""Longitude"":123.307812,""Name"":""Robinsons Supermarket Perdices""}"
buttler_loc_a18438e80aa556de4c63,bidet_survey_0a607ec16484d6c76ead,field_survey_bidet_workbook,bidet_survey_0a607ec16484d6c76ead,verified_bidet_and_restroom_presence,Rollin' Pin,9.31192,123.30793,"24 Katada Street, Dumaguete City",customers,no,Yes,Yes,field_verified,"{""Access"":""customers"",""Address"":""24 Katada Street, Dumaguete City"",""Bidet_Source_ID"":""bidet_survey_0a607ec16484d6c76ead"",""Fee"":""no"",""Latitude"":9.31192,""Longitude"":123.30793,""Name"":""Rollin' Pin""}"
buttler_loc_454888a0022bdc39c775,bidet_survey_2d16f1cb0449feea8189,field_survey_bidet_workbook,bidet_survey_2d16f1cb0449feea8189,verified_bidet_and_restroom_presence,Sans Rival Marina Town (Filinvest Mall),9.32271,123.31208,"Filinvest Malls Dumaguete, Marina Town, Dumaguete City",customers,no,Yes,Yes,field_verified,"{""Access"":""customers"",""Address"":""Filinvest Malls Dumaguete, Marina Town, Dumaguete City"",""Bidet_Source_ID"":""bidet_survey_2d16f1cb0449feea8189"",""Fee"":""no"",""Latitude"":9.32271,""Longitude"":123.31208,""Name"":""Sans Rival Marina Town (Filinvest Mall)""}"
buttler_loc_eb1c1603b6dd09cfe795,bidet_survey_9e03c8a40ed017dddd32,field_survey_bidet_workbook,bidet_survey_9e03c8a40ed017dddd32,verified_bidet_and_restroom_presence,Sierra Hotel,9.32161,123.30834,"Brgy Piapi, E. J. Blanco Dr, Dumaguete City",public,no,Yes,Yes,field_verified,"{""Access"":""public"",""Address"":""Brgy Piapi, E. J. Blanco Dr, Dumaguete City"",""Bidet_Source_ID"":""bidet_survey_9e03c8a40ed017dddd32"",""Fee"":""no"",""Latitude"":9.32161,""Longitude"":123.30834,""Name"":""Sierra Hotel""}"
buttler_loc_b887f9459d0e10c51a43,bidet_survey_5d195ab19514c0c24f56,field_survey_bidet_workbook,bidet_survey_5d195ab19514c0c24f56,verified_bidet_and_restroom_presence,Silliman University Cafeteria,9.31145,123.30765,"Hibbard Ave., Silliman University, Dumaguete City",customers,no,Yes,Yes,field_verified,"{""Access"":""customers"",""Address"":""Hibbard Ave., Silliman University, Dumaguete City"",""Bidet_Source_ID"":""bidet_survey_5d195ab19514c0c24f56"",""Fee"":""no"",""Latitude"":9.31145,""Longitude"":123.30765,""Name"":""Silliman University Cafeteria""}"
buttler_loc_1fbd3579b0769e0666cc,bidet_survey_d692851e63a7f51d21ca,field_survey_bidet_workbook,bidet_survey_d692851e63a7f51d21ca,verified_bidet_and_restroom_presence,Silliman University College of Arts and Sciences,9.31207,123.30677,"Hibbard Ave., Silliman University, Dumaguete City",customers,no,Yes,Yes,field_verified,"{""Access"":""customers"",""Address"":""Hibbard Ave., Silliman University, Dumaguete City"",""Bidet_Source_ID"":""bidet_survey_d692851e63a7f51d21ca"",""Fee"":""no"",""Latitude"":9.31207,""Longitude"":123.30677,""Name"":""Silliman University College of Arts and Sciences""}"
buttler_loc_2e296a1c3007192589e0,bidet_survey_8335e3b14d870cabe9a6,field_survey_bidet_workbook,bidet_survey_8335e3b14d870cabe9a6,verified_bidet_and_restroom_presence,Silliman University College of Business Administration (PWD Stalls),9.31268,123.30724,"Hibbard Ave., Silliman University, Dumaguete City",customers,no,Yes,Yes,field_verified,"{""Access"":""customers"",""Address"":""Hibbard Ave., Silliman University, Dumaguete City"",""Bidet_Source_ID"":""bidet_survey_8335e3b14d870cabe9a6"",""Fee"":""no"",""Latitude"":9.31268,""Longitude"":123.30724,""Name"":""Silliman University College of Business Administration (PWD Stalls)""}"
buttler_loc_d2c3273f9988af2fc041,bidet_survey_f280ca8e8b602f8ca969,field_survey_bidet_workbook,bidet_survey_f280ca8e8b602f8ca969,verified_bidet_and_restroom_presence,Silliman University Library,9.31363,123.30634,"Hibbard Ave., Silliman University, Dumaguete City",public,no,Yes,Yes,field_verified,"{""Access"":""public"",""Address"":""Hibbard Ave., Silliman University, Dumaguete City"",""Bidet_Source_ID"":""bidet_survey_f280ca8e8b602f8ca969"",""Fee"":""no"",""Latitude"":9.31363,""Longitude"":123.30634,""Name"":""Silliman University Library""}"
buttler_loc_d913a265f9b8d713002a,bidet_survey_f1a3653a53ce4b38234a,field_survey_bidet_workbook,bidet_survey_f1a3653a53ce4b38234a,verified_bidet_and_restroom_presence,Silliman University Luce Auditorium,9.31331,123.30563,"Hibbard Ave., Silliman University, Dumaguete City",customers,no,Yes,Yes,field_verified,"{""Access"":""customers"",""Address"":""Hibbard Ave., Silliman University, Dumaguete City"",""Bidet_Source_ID"":""bidet_survey_f1a3653a53ce4b38234a"",""Fee"":""no"",""Latitude"":9.31331,""Longitude"":123.30563,""Name"":""Silliman University Luce Auditorium""}"
buttler_loc_0577b7777d63367c79f6,bidet_survey_eb9574e052432e84bdb0,field_survey_bidet_workbook,bidet_survey_eb9574e052432e84bdb0,verified_bidet_and_restroom_presence,Silliman University Medical Center,9.31646,123.30424,"Aldecoa Drive, Dumaguete City",public,no,Yes,Yes,field_verified,"{""Access"":""public"",""Address"":""Aldecoa Drive, Dumaguete City"",""Bidet_Source_ID"":""bidet_survey_eb9574e052432e84bdb0"",""Fee"":""no"",""Latitude"":9.31646,""Longitude"":123.30424,""Name"":""Silliman University Medical Center""}"
buttler_loc_6970ca1ddc199b0d965e,bidet_survey_de3f2d1d76f0403fed25,field_survey_bidet_workbook,bidet_survey_de3f2d1d76f0403fed25,verified_bidet_and_restroom_presence,Silliman University Senior High School Building,9.3143,123.30535,"Hibbard Ave., Silliman University, Dumaguete City",customers,no,Yes,Yes,field_verified,"{""Access"":""customers"",""Address"":""Hibbard Ave., Silliman University, Dumaguete City"",""Bidet_Source_ID"":""bidet_survey_de3f2d1d76f0403fed25"",""Fee"":""no"",""Latitude"":9.3143,""Longitude"":123.30535,""Name"":""Silliman University Senior High School Building""}"
buttler_loc_f0797585bf5377521490,bidet_survey_df1e650e9875e2497c68,field_survey_bidet_workbook,bidet_survey_df1e650e9875e2497c68,verified_bidet_and_restroom_presence,Silliman University Zoo,9.319187,123.303687,"Ipil, Dumaguete City",customers,no,Yes,Yes,field_verified,"{""Access"":""customers"",""Address"":""Ipil, Dumaguete City"",""Bidet_Source_ID"":""bidet_survey_df1e650e9875e2497c68"",""Fee"":""no"",""Latitude"":9.319187,""Longitude"":123.303687,""Name"":""Silliman University Zoo""}"
buttler_loc_fdc9b78eee16c50646c0,bidet_survey_96171721609d8f448d78,field_survey_bidet_workbook,bidet_survey_96171721609d8f448d78,verified_bidet_and_restroom_presence,Sol de Luna Cafe Restaurant Bar & Lounge,9.328437,123.308813,"24 East Rovira Road, Bantayan, Dumaguete City",customers,no,Yes,Yes,field_verified,"{""Access"":""customers"",""Address"":""24 East Rovira Road, Bantayan, Dumaguete City"",""Bidet_Source_ID"":""bidet_survey_96171721609d8f448d78"",""Fee"":""no"",""Latitude"":9.328437,""Longitude"":123.308813,""Name"":""Sol de Luna Cafe Restaurant Bar & Lounge""}"
buttler_loc_13afdf47189cae64b91b,bidet_survey_48cf6b172e71255d0687,field_survey_bidet_workbook,bidet_survey_48cf6b172e71255d0687,verified_bidet_and_restroom_presence,Sola Guesthouse,9.3257,123.30685,"Hibbard Ave., Dumaguete City",public,no,Yes,Yes,field_verified,"{""Access"":""public"",""Address"":""Hibbard Ave., Dumaguete City"",""Bidet_Source_ID"":""bidet_survey_48cf6b172e71255d0687"",""Fee"":""no"",""Latitude"":9.3257,""Longitude"":123.30685,""Name"":""Sola Guesthouse""}"
buttler_loc_ea03922cdb9af9b27bc3,bidet_survey_16ef178b9394b22f76ea,field_survey_bidet_workbook,bidet_survey_16ef178b9394b22f76ea,verified_bidet_and_restroom_presence,Tanzy Tristan Salon,9.317813,123.307063,"Infante Bartch Subdivision, Bagacay, Dumaguete City",customers,no,Yes,Yes,field_verified,"{""Access"":""customers"",""Address"":""Infante Bartch Subdivision, Bagacay, Dumaguete City"",""Bidet_Source_ID"":""bidet_survey_16ef178b9394b22f76ea"",""Fee"":""no"",""Latitude"":9.317813,""Longitude"":123.307063,""Name"":""Tanzy Tristan Salon""}"
buttler_loc_8dd9e00d64f8fabd1a95,bidet_survey_010815a236b3197eb0d5,field_survey_bidet_workbook,bidet_survey_010815a236b3197eb0d5,verified_bidet_and_restroom_presence,The Apartment 5,9.31858,123.30701,"Unit 5, TS Homes, Hibbard Avenue, Dumaguete City",customers,no,Yes,Yes,field_verified,"{""Access"":""customers"",""Address"":""Unit 5, TS Homes, Hibbard Avenue, Dumaguete City"",""Bidet_Source_ID"":""bidet_survey_010815a236b3197eb0d5"",""Fee"":""no"",""Latitude"":9.31858,""Longitude"":123.30701,""Name"":""The Apartment 5""}"
buttler_loc_f9c3afff9c1a723ca54b,bidet_survey_4a9ac4cb1bf206961273,field_survey_bidet_workbook,bidet_survey_4a9ac4cb1bf206961273,verified_bidet_and_restroom_presence,The Coffee Bean & Tea Leaf,9.31994,123.31244,"143 Flores Ave, Dumaguete City",customers,no,Yes,Yes,field_verified,"{""Access"":""customers"",""Address"":""143 Flores Ave, Dumaguete City"",""Bidet_Source_ID"":""bidet_survey_4a9ac4cb1bf206961273"",""Fee"":""no"",""Latitude"":9.31994,""Longitude"":123.31244,""Name"":""The Coffee Bean & Tea Leaf""}"
buttler_loc_7c97a9d8ec205d876b53,bidet_survey_f110dc301ac4113242b9,field_survey_bidet_workbook,bidet_survey_f110dc301ac4113242b9,verified_bidet_and_restroom_presence,The Henry Resort,9.32738,123.31028,"Flores Avenue, Bantayan, Dumaguete City",customers,no,Yes,Yes,field_verified,"{""Access"":""customers"",""Address"":""Flores Avenue, Bantayan, Dumaguete City"",""Bidet_Source_ID"":""bidet_survey_f110dc301ac4113242b9"",""Fee"":""no"",""Latitude"":9.32738,""Longitude"":123.31028,""Name"":""The Henry Resort""}"
buttler_loc_f7cecc218d8486f21625,bidet_survey_07060c982de69b1724da,field_survey_bidet_workbook,bidet_survey_07060c982de69b1724da,verified_bidet_and_restroom_presence,The Pawnshop Bar,9.321312,123.310438,"EJ Blanco Drive, Piapi (Inside Hotel Dumaguete), Dumaguete City",public,no,Yes,Yes,field_verified,"{""Access"":""public"",""Address"":""EJ Blanco Drive, Piapi (Inside Hotel Dumaguete), Dumaguete City"",""Bidet_Source_ID"":""bidet_survey_07060c982de69b1724da"",""Fee"":""no"",""Latitude"":9.321312,""Longitude"":123.310438,""Name"":""The Pawnshop Bar""}"
buttler_loc_61b1f357aac99d3e39ec,bidet_survey_93ac60c2d197e9fa0f6f,field_survey_bidet_workbook,bidet_survey_93ac60c2d197e9fa0f6f,verified_bidet_and_restroom_presence,Traffic Management Office - City Government of Dumaguete,9.305687,123.308562,"City Hall, Colon St, Dumaguete City",public,yes,Yes,Yes,field_verified,"{""Access"":""public"",""Address"":""City Hall, Colon St, Dumaguete City"",""Bidet_Source_ID"":""bidet_survey_93ac60c2d197e9fa0f6f"",""Fee"":""yes"",""Latitude"":9.305687,""Longitude"":123.308562,""Name"":""Traffic Management Office - City Government of Dumaguete""}"
buttler_loc_097974080a187d4454eb,bidet_survey_e8a75547312f6ba7b834,field_survey_bidet_workbook,bidet_survey_e8a75547312f6ba7b834,verified_bidet_and_restroom_presence,Tres Bistro,9.31788,123.30714,"Hibbard Avenue, Tubod, Dumaguete City",customers,no,Yes,Yes,field_verified,"{""Access"":""customers"",""Address"":""Hibbard Avenue, Tubod, Dumaguete City"",""Bidet_Source_ID"":""bidet_survey_e8a75547312f6ba7b834"",""Fee"":""no"",""Latitude"":9.31788,""Longitude"":123.30714,""Name"":""Tres Bistro""}"
buttler_loc_11150d0d776dc7e0f148,bidet_survey_33679a2cd4a7d13824b9,field_survey_bidet_workbook,bidet_survey_33679a2cd4a7d13824b9,verified_bidet_and_restroom_presence,UCC Café Terrace,9.322188,123.312187,"G/F Filinvest Malls Dumaguete, Flores Avenue corner EJ Blanco Drive, Brgy. Piapi, Dumaguete City",public/customers,no,Yes,Yes,field_verified,"{""Access"":""public/customers"",""Address"":""G/F Filinvest Malls Dumaguete, Flores Avenue corner EJ Blanco Drive, Brgy. Piapi, Dumaguete City"",""Bidet_Source_ID"":""bidet_survey_33679a2cd4a7d13824b9"",""Fee"":""no"",""Latitude"":9.322188,""Longitude"":123.312187,""Name"":""UCC Café Terrace""}"
buttler_loc_8283db1ce4be947af46f,bidet_survey_d957904bcc0287692445,field_survey_bidet_workbook,bidet_survey_d957904bcc0287692445,verified_bidet_and_restroom_presence,WrkPod Downtown,9.308441,123.3080518,"Maneda Building, Noblefranca Street, Dumaguete City",customers,no,Yes,Yes,field_verified,"{""Access"":""customers"",""Address"":""Maneda Building, Noblefranca Street, Dumaguete City"",""Bidet_Source_ID"":""bidet_survey_d957904bcc0287692445"",""Fee"":""no"",""Latitude"":9.308441,""Longitude"":123.3080518,""Name"":""WrkPod Downtown""}"
buttler_loc_4d17ef99dad3c1a25de0,bidet_survey_20874ce56946e5e55493,field_survey_bidet_workbook,bidet_survey_20874ce56946e5e55493,verified_bidet_and_restroom_presence,Wrkpod HQ,9.31125,123.29875,"Buñao Road, National Highway, beside Royhle Aviation, Dumaguete City",customers,no,Yes,Yes,field_verified,"{""Access"":""customers"",""Address"":""Buñao Road, National Highway, beside Royhle Aviation, Dumaguete City"",""Bidet_Source_ID"":""bidet_survey_20874ce56946e5e55493"",""Fee"":""no"",""Latitude"":9.31125,""Longitude"":123.29875,""Name"":""Wrkpod HQ""}"
buttler_loc_7cecbc599a6bf25bb11f,bidet_survey_5bc03330085f45bb63ad,field_survey_bidet_workbook,bidet_survey_5bc03330085f45bb63ad,verified_bidet_and_restroom_presence,Wrkpod Northside,9.328563,123.296063,"Western Nautical Hwy, Buñao Rd, Dumaguete City",customers,no,Yes,Yes,field_verified,"{""Access"":""customers"",""Address"":""Western Nautical Hwy, Buñao Rd, Dumaguete City"",""Bidet_Source_ID"":""bidet_survey_5bc03330085f45bb63ad"",""Fee"":""no"",""Latitude"":9.328563,""Longitude"":123.296063,""Name"":""Wrkpod Northside""}"
buttler_loc_611d12adc4f98a41d312,bidet_survey_3aa2bbee7583c453b4c8,field_survey_bidet_workbook,bidet_survey_3aa2bbee7583c453b4c8,verified_bidet_and_restroom_presence,Yvan Cafe,9.31933,123.30686,"Hibbard Avenue, Brgy. Piapi, Dumaguete City",customers,no,Yes,Yes,field_verified,"{""Access"":""customers"",""Address"":""Hibbard Avenue, Brgy. Piapi, Dumaguete City"",""Bidet_Source_ID"":""bidet_survey_3aa2bbee7583c453b4c8"",""Fee"":""no"",""Latitude"":9.31933,""Longitude"":123.30686,""Name"":""Yvan Cafe""}"
buttler_loc_454888a0022bdc39c775,context_acd508f64b5140a6b7fb,OSM,relation/18336150,parent_venue_context,Filinvest Mall Dumaguete,9.3226511,123.3119204,"Flores Avenue Extension, Dumaguete",unknown,unknown,Unknown,Unknown,candidate_unverified,"{""Access"":""unknown"",""Acquisition_Date"":""2026-09-01"",""Address"":""Flores Avenue Extension, Dumaguete"",""Bidet_Presence"":""Unknown"",""Candidate_Priority"":""High"",""Candidate_Reason"":""High-traffic major retail venue (shop=mall)"",""Fee"":""unknown"",""Last_Source_Update"":""2024-11-26T21:45:56Z"",""Latitude"":9.3226511,""Longitude"":123.3119204,""Match_Confidence"":"""",""Match_Reason"":"""",""Name"":""Filinvest Mall Dumaguete"",""Notes"":"""",""OSM_ID"":""18336150"",""OSM_Type"":""relation"",""Parent_Venue"":"""",""Restroom_Presence"":""Unknown"",""Restroom_Verification"":""candidate_unverified"",""Source"":""OSM"",""Source_ID"":""relation/18336150"",""Temporary_Record_ID"":""osm_relation_18336150"",""Venue_Category"":""retail_major""}"
buttler_loc_79f166ed599957081c37,context_2e2c02f783eb5d34d004,OSM,way/367368843,parent_venue_context,Harold's Mansion,9.3163484,123.3074363,Hibbard Avenue,unknown,unknown,Unknown,Unknown,candidate_unverified,"{""Access"":""unknown"",""Acquisition_Date"":""2026-09-01"",""Address"":""Hibbard Avenue"",""Bidet_Presence"":""Unknown"",""Candidate_Priority"":""High"",""Candidate_Reason"":""Substantial accommodation (tourism=hostel)"",""Fee"":""unknown"",""Last_Source_Update"":""2025-04-09T02:55:24Z"",""Latitude"":9.3163484,""Longitude"":123.3074363,""Match_Confidence"":"""",""Match_Reason"":"""",""Name"":""Harold's Mansion"",""Notes"":"""",""OSM_ID"":""367368843"",""OSM_Type"":""way"",""Parent_Venue"":"""",""Restroom_Presence"":""Unknown"",""Restroom_Verification"":""candidate_unverified"",""Source"":""OSM"",""Source_ID"":""way/367368843"",""Temporary_Record_ID"":""osm_way_367368843"",""Venue_Category"":""accommodation""}"
buttler_loc_183bb305a0b4e6fce936,context_814711db80b236a15836,OSM,way/367368843,parent_venue_context,Harold's Mansion,9.3163484,123.3074363,Hibbard Avenue,unknown,unknown,Unknown,Unknown,candidate_unverified,"{""Access"":""unknown"",""Acquisition_Date"":""2026-09-01"",""Address"":""Hibbard Avenue"",""Bidet_Presence"":""Unknown"",""Candidate_Priority"":""High"",""Candidate_Reason"":""Substantial accommodation (tourism=hostel)"",""Fee"":""unknown"",""Last_Source_Update"":""2025-04-09T02:55:24Z"",""Latitude"":9.3163484,""Longitude"":123.3074363,""Match_Confidence"":"""",""Match_Reason"":"""",""Name"":""Harold's Mansion"",""Notes"":"""",""OSM_ID"":""367368843"",""OSM_Type"":""way"",""Parent_Venue"":"""",""Restroom_Presence"":""Unknown"",""Restroom_Verification"":""candidate_unverified"",""Source"":""OSM"",""Source_ID"":""way/367368843"",""Temporary_Record_ID"":""osm_way_367368843"",""Venue_Category"":""accommodation""}"
buttler_loc_b887f9459d0e10c51a43,context_a274d0ca2b556933b925,OSM,relation/13548131,parent_venue_context,Silliman University,9.3128717,123.3056814,,unknown,unknown,Unknown,Unknown,candidate_unverified,"{""Access"":""unknown"",""Acquisition_Date"":""2026-09-01"",""Address"":"""",""Bidet_Presence"":""Unknown"",""Candidate_Priority"":""High"",""Candidate_Reason"":""University or college (amenity=university)"",""Fee"":""unknown"",""Last_Source_Update"":""2025-12-31T04:01:22Z"",""Latitude"":9.3128717,""Longitude"":123.3056814,""Match_Confidence"":"""",""Match_Reason"":"""",""Name"":""Silliman University"",""Notes"":"""",""OSM_ID"":""13548131"",""OSM_Type"":""relation"",""Parent_Venue"":"""",""Restroom_Presence"":""Unknown"",""Restroom_Verification"":""candidate_unverified"",""Source"":""OSM"",""Source_ID"":""relation/13548131"",""Temporary_Record_ID"":""osm_relation_13548131"",""Venue_Category"":""higher_education""}"
buttler_loc_1fbd3579b0769e0666cc,context_1a67bbb59c0d298335a1,OSM,relation/13548131,parent_venue_context,Silliman University,9.3128717,123.3056814,,unknown,unknown,Unknown,Unknown,candidate_unverified,"{""Access"":""unknown"",""Acquisition_Date"":""2026-09-01"",""Address"":"""",""Bidet_Presence"":""Unknown"",""Candidate_Priority"":""High"",""Candidate_Reason"":""University or college (amenity=university)"",""Fee"":""unknown"",""Last_Source_Update"":""2025-12-31T04:01:22Z"",""Latitude"":9.3128717,""Longitude"":123.3056814,""Match_Confidence"":"""",""Match_Reason"":"""",""Name"":""Silliman University"",""Notes"":"""",""OSM_ID"":""13548131"",""OSM_Type"":""relation"",""Parent_Venue"":"""",""Restroom_Presence"":""Unknown"",""Restroom_Verification"":""candidate_unverified"",""Source"":""OSM"",""Source_ID"":""relation/13548131"",""Temporary_Record_ID"":""osm_relation_13548131"",""Venue_Category"":""higher_education""}"
buttler_loc_2e296a1c3007192589e0,context_2f048798ca3c331b154f,OSM,relation/15027272,parent_venue_context,Silliman University,9.3136403,123.3062618,"1 Hibbard Avenue, Dumaguete",unknown,unknown,Unknown,Unknown,candidate_unverified,"{""Access"":""unknown"",""Acquisition_Date"":""2026-09-01"",""Address"":""1 Hibbard Avenue, Dumaguete"",""Bidet_Presence"":""Unknown"",""Candidate_Priority"":""High"",""Candidate_Reason"":""University or college (amenity=university)"",""Fee"":""unknown"",""Last_Source_Update"":""2025-12-31T04:01:22Z"",""Latitude"":9.3136403,""Longitude"":123.3062618,""Match_Confidence"":"""",""Match_Reason"":"""",""Name"":""Silliman University"",""Notes"":"""",""OSM_ID"":""15027272"",""OSM_Type"":""relation"",""Parent_Venue"":"""",""Restroom_Presence"":""Unknown"",""Restroom_Verification"":""candidate_unverified"",""Source"":""OSM"",""Source_ID"":""relation/15027272"",""Temporary_Record_ID"":""osm_relation_15027272"",""Venue_Category"":""higher_education""}"
buttler_loc_d2c3273f9988af2fc041,context_be801ae445e891ece033,OSM,relation/15027272,parent_venue_context,Silliman University,9.3136403,123.3062618,"1 Hibbard Avenue, Dumaguete",unknown,unknown,Unknown,Unknown,candidate_unverified,"{""Access"":""unknown"",""Acquisition_Date"":""2026-09-01"",""Address"":""1 Hibbard Avenue, Dumaguete"",""Bidet_Presence"":""Unknown"",""Candidate_Priority"":""High"",""Candidate_Reason"":""University or college (amenity=university)"",""Fee"":""unknown"",""Last_Source_Update"":""2025-12-31T04:01:22Z"",""Latitude"":9.3136403,""Longitude"":123.3062618,""Match_Confidence"":"""",""Match_Reason"":"""",""Name"":""Silliman University"",""Notes"":"""",""OSM_ID"":""15027272"",""OSM_Type"":""relation"",""Parent_Venue"":"""",""Restroom_Presence"":""Unknown"",""Restroom_Verification"":""candidate_unverified"",""Source"":""OSM"",""Source_ID"":""relation/15027272"",""Temporary_Record_ID"":""osm_relation_15027272"",""Venue_Category"":""higher_education""}"
buttler_loc_6970ca1ddc199b0d965e,context_5f97295344df41edd604,OSM,relation/15027272,parent_venue_context,Silliman University,9.3136403,123.3062618,"1 Hibbard Avenue, Dumaguete",unknown,unknown,Unknown,Unknown,candidate_unverified,"{""Access"":""unknown"",""Acquisition_Date"":""2026-09-01"",""Address"":""1 Hibbard Avenue, Dumaguete"",""Bidet_Presence"":""Unknown"",""Candidate_Priority"":""High"",""Candidate_Reason"":""University or college (amenity=university)"",""Fee"":""unknown"",""Last_Source_Update"":""2025-12-31T04:01:22Z"",""Latitude"":9.3136403,""Longitude"":123.3062618,""Match_Confidence"":"""",""Match_Reason"":"""",""Name"":""Silliman University"",""Notes"":"""",""OSM_ID"":""15027272"",""OSM_Type"":""relation"",""Parent_Venue"":"""",""Restroom_Presence"":""Unknown"",""Restroom_Verification"":""candidate_unverified"",""Source"":""OSM"",""Source_ID"":""relation/15027272"",""Temporary_Record_ID"":""osm_relation_15027272"",""Venue_Category"":""higher_education""}"
buttler_loc_c70a6736e7bc8d3979ca,context_b16e753f46b908c66599,OSM,node/11378919787,parent_venue_context,Dumaguete Transport Terminal,9.2984631,123.3058226,,unknown,unknown,Unknown,Unknown,candidate_unverified,"{""Access"":""unknown"",""Acquisition_Date"":""2026-09-01"",""Address"":"""",""Bidet_Presence"":""Unknown"",""Candidate_Priority"":""High"",""Candidate_Reason"":""Passenger terminal (amenity=bus_station)"",""Fee"":""unknown"",""Last_Source_Update"":""2023-11-27T04:58:53Z"",""Latitude"":9.2984631,""Longitude"":123.3058226,""Match_Confidence"":"""",""Match_Reason"":"""",""Name"":""Dumaguete Transport Terminal"",""Notes"":"""",""OSM_ID"":""11378919787"",""OSM_Type"":""node"",""Parent_Venue"":"""",""Restroom_Presence"":""Unknown"",""Restroom_Verification"":""candidate_unverified"",""Source"":""OSM"",""Source_ID"":""node/11378919787"",""Temporary_Record_ID"":""osm_node_11378919787"",""Venue_Category"":""transport_terminal""}"
buttler_loc_61b1f357aac99d3e39ec,context_1b2ca31a9e4111dafe13,OSM,way/105430120,parent_venue_context,Dumaguete City Hall,9.3049297,123.3095208,,unknown,unknown,Unknown,Unknown,candidate_unverified,"{""Access"":""unknown"",""Acquisition_Date"":""2026-09-01"",""Address"":"""",""Bidet_Presence"":""Unknown"",""Candidate_Priority"":""High"",""Candidate_Reason"":""Public/civic facility (amenity=townhall)"",""Fee"":""unknown"",""Last_Source_Update"":""2025-02-04T02:29:53Z"",""Latitude"":9.3049297,""Longitude"":123.3095208,""Match_Confidence"":"""",""Match_Reason"":"""",""Name"":""Dumaguete City Hall"",""Notes"":"""",""OSM_ID"":""105430120"",""OSM_Type"":""way"",""Parent_Venue"":"""",""Restroom_Presence"":""Unknown"",""Restroom_Verification"":""candidate_unverified"",""Source"":""OSM"",""Source_ID"":""way/105430120"",""Temporary_Record_ID"":""osm_way_105430120"",""Venue_Category"":""civic""}"
buttler_loc_93f3b69b4fbd631458a3,context_6c64d0f909e7c51af727,OSM,node/6362522489,same_brand_coordinate_conflict_context,Antwet Backpackers Hostel,9.3139125,123.3043758,Veterans Avenue,unknown,unknown,Unknown,Unknown,candidate_unverified,"{""Access"":""unknown"",""Acquisition_Date"":""2026-09-01"",""Address"":""Veterans Avenue"",""Bidet_Presence"":""Unknown"",""Candidate_Priority"":""High"",""Candidate_Reason"":""Substantial accommodation (tourism=hostel)"",""Fee"":""unknown"",""Last_Source_Update"":""2025-04-12T08:46:04Z"",""Latitude"":9.3139125,""Longitude"":123.3043758,""Match_Confidence"":"""",""Match_Reason"":"""",""Name"":""Antwet Backpackers Hostel"",""Notes"":"""",""OSM_ID"":""6362522489"",""OSM_Type"":""node"",""Parent_Venue"":"""",""Restroom_Presence"":""Unknown"",""Restroom_Verification"":""candidate_unverified"",""Source"":""OSM"",""Source_ID"":""node/6362522489"",""Temporary_Record_ID"":""osm_node_6362522489"",""Venue_Category"":""accommodation""}"
buttler_loc_93f3b69b4fbd631458a3,context_9742ba648bdcd48f306e,OSM,node/6318882185,same_brand_coordinate_conflict_context,Antwet Roofdeck Bar,9.3138143,123.3041262,Veterans Avenue,unknown,unknown,Unknown,Unknown,candidate_unverified,"{""Access"":""unknown"",""Acquisition_Date"":""2026-09-01"",""Address"":""Veterans Avenue"",""Bidet_Presence"":""Unknown"",""Candidate_Priority"":""Medium"",""Candidate_Reason"":""Food/drink venue; restroom uncertain (amenity=bar)"",""Fee"":""unknown"",""Last_Source_Update"":""2025-04-06T03:21:22Z"",""Latitude"":9.3138143,""Longitude"":123.3041262,""Match_Confidence"":"""",""Match_Reason"":"""",""Name"":""Antwet Roofdeck Bar"",""Notes"":"""",""OSM_ID"":""6318882185"",""OSM_Type"":""node"",""Parent_Venue"":"""",""Restroom_Presence"":""Unknown"",""Restroom_Verification"":""candidate_unverified"",""Source"":""OSM"",""Source_ID"":""node/6318882185"",""Temporary_Record_ID"":""osm_node_6318882185"",""Venue_Category"":""food_drink""}"
